model,scenario,sector,product_category,product_long,product_short,flow_category,flow_long,flow_short,unit,1990,1991,1992,1993,1994,1995,1996,1997,1998,1999,2000,2001,2002,2003,2004,2005,2006,2007,2008,2009,2010,2011,2012,2013,2014,2015,2016,2017,2018,2019,2020,2021,2022,2023,2024,2025,2026,2027,2028,2029,2030,2031,2032,2033,2034,2035,2036,2037,2038,2039,2040,2041,2042,2043,2044,2045,2046,2047,2048,2049,2050
PD22,pathway,Agriculture,Emissions,Agroforestry,EM,Emissions,CO2e,AFOLU,MtCO2e,0.0,0.0,0.0,0.0,0.0,0.0,0.0,0.0,0.0,0.0,0.0,0.0,0.0,0.0,0.0,0.0,0.0,0.0,0.0,0.0,0.0,0.0,0.0,0.0,0.0,0.0,0.0,0.0,0.0,0.0,0.0,0.0,0.0,0.0,0.0,0.0,0.0,0.0,0.0,0.0,0.0,0.0,0.0,0.0,0.0,0.0,0.0,0.0,0.0,0.0,0.0,0.0,0.0,0.0,0.0,0.0,0.0,0.0,0.0,0.0,0.0
PD22,pathway,Agriculture,Emissions,Biochar,EM,Emissions,CO2e,AFOLU,MtCO2e,,,,,,,,,,,,,,,,,,,,,,,,,,,,,,,,,,,,,,,,,,,,,,,,,,,,,,,,,,,,,
PD22,pathway,Agriculture,Emissions,Burning - Crop residues,EM,Emissions,CO2e,AFOLU,Mt,0.0,0.0,0.0,0.0,0.0,0.0,0.0,0.0,0.0,0.0,0.0,0.0,0.0,0.0,0.0,0.0,0.0,0.0,0.0,0.0,0.0,0.0,0.0,0.0,0.0,0.0,0.0,0.0,0.0,0.0,0.0,0.0,0.0,0.0,0.0,0.0,0.0,0.0,0.0,0.0,0.0,0.0,0.0,0.0,0.0,0.0,0.0,0.0,0.0,0.0,0.0,0.0,0.0,0.0,0.0,0.0,0.0,0.0,0.0,0.0,0.0
PD22,pathway,Agriculture,Emissions,Crop Residues,EM,Emissions,CO2e,AFOLU,Mt,0.0,0.0,0.0,0.0,0.0,0.0,0.0,0.0,0.0,0.0,0.0,0.0,0.0,0.0,0.0,0.0,0.0,0.0,0.0,0.0,0.0,0.0,0.0,0.0,0.0,0.0,0.0,0.0,0.0,0.0,0.0,0.0,0.0,0.0,0.0,0.0,0.0,0.0,0.0,0.0,0.0,0.0,0.0,0.0,0.0,0.0,0.0,0.0,0.0,0.0,0.0,0.0,0.0,0.0,0.0,0.0,0.0,0.0,0.0,0.0,0.0
PD22,pathway,Agriculture,Emissions,Cropland Soil Health,EM,Emissions,CO2e,AFOLU,MtCO2e,,,,,,,,,,,,,,,,,,,,,,,,,,,,,,,,,,,,,,,,,,,,,,,,,,,,,,,,,,,,,
PD22,pathway,Agriculture,Emissions,Enteric Fermentation,EM,Emissions,CO2e,AFOLU,Mt,0.0,0.0,0.0,0.0,0.0,0.0,0.0,0.0,0.0,0.0,0.0,0.0,0.0,0.0,0.0,0.0,0.0,0.0,0.0,0.0,0.0,0.0,0.0,0.0,0.0,0.0,0.0,0.0,0.0,0.0,0.0,0.0,0.0,0.0,0.0,0.0,0.0,0.0,0.0,0.0,0.0,0.0,0.0,0.0,0.0,0.0,0.0,0.0,0.0,0.0,0.0,0.0,0.0,0.0,0.0,0.0,0.0,0.0,0.0,0.0,0.0
PD22,pathway,Agriculture,Emissions,Improved Rice,EM,Emissions,CO2e,AFOLU,MtCO2e,,,,,,,,,,,,,,,,,,,,,,,,,,,,,,,,,,,,,,,,,,,,,,,,,,,,,,,,,,,,,
PD22,pathway,Agriculture,Emissions,Manure Management,EM,Emissions,CO2e,AFOLU,Mt,0.0,0.0,0.0,0.0,0.0,0.0,0.0,0.0,0.0,0.0,0.0,0.0,0.0,0.0,0.0,0.0,0.0,0.0,0.0,0.0,0.0,0.0,0.0,0.0,0.0,0.0,0.0,0.0,0.0,0.0,0.0,0.0,0.0,0.0,0.0,0.0,0.0,0.0,0.0,0.0,0.0,0.0,0.0,0.0,0.0,0.0,0.0,0.0,0.0,0.0,0.0,0.0,0.0,0.0,0.0,0.0,0.0,0.0,0.0,0.0,0.0
PD22,pathway,Agriculture,Emissions,Manure applied to Soils,EM,Emissions,CO2e,AFOLU,Mt,0.0,0.0,0.0,0.0,0.0,0.0,0.0,0.0,0.0,0.0,0.0,0.0,0.0,0.0,0.0,0.0,0.0,0.0,0.0,0.0,0.0,0.0,0.0,0.0,0.0,0.0,0.0,0.0,0.0,0.0,0.0,0.0,0.0,0.0,0.0,0.0,0.0,0.0,0.0,0.0,0.0,0.0,0.0,0.0,0.0,0.0,0.0,0.0,0.0,0.0,0.0,0.0,0.0,0.0,0.0,0.0,0.0,0.0,0.0,0.0,0.0
PD22,pathway,Agriculture,Emissions,Manure left on Pasture,EM,Emissions,CO2e,AFOLU,Mt,0.0,0.0,0.0,0.0,0.0,0.0,0.0,0.0,0.0,0.0,0.0,0.0,0.0,0.0,0.0,0.0,0.0,0.0,0.0,0.0,0.0,0.0,0.0,0.0,0.0,0.0,0.0,0.0,0.0,0.0,0.0,0.0,0.0,0.0,0.0,0.0,0.0,0.0,0.0,0.0,0.0,0.0,0.0,0.0,0.0,0.0,0.0,0.0,0.0,0.0,0.0,0.0,0.0,0.0,0.0,0.0,0.0,0.0,0.0,0.0,0.0
PD22,pathway,Agriculture,Emissions,Optimal Intensity,EM,Emissions,CO2e,AFOLU,MtCO2e,0.0,0.0,0.0,0.0,0.0,0.0,0.0,0.0,0.0,0.0,0.0,0.0,0.0,0.0,0.0,0.0,0.0,0.0,0.0,0.0,0.0,0.0,0.0,0.0,0.0,0.0,0.0,0.0,0.0,0.0,0.0,0.0402608561608826,0.0817500029138279,0.124381762954477,0.2651363336703679,0.5006925086007454,0.7430721962552775,0.9917760863408542,1.2463048685643807,1.5500043294396004,1.9009136554465171,2.231718038570744,2.5426351179540365,2.8338825478808083,3.1056779827963688,3.358239077342409,3.5917834864002547,3.806528865143649,4.002692869103214,4.1804931542450525,4.340147377066709,4.481873194714256,4.60588826512517,4.712410247202746,4.801656801028811,4.873845588123457,4.92919427176192,4.96792051736124,4.990241992952191,4.996376369755163,4.986541322882887
PD22,pathway,Agriculture,Emissions,Rice Cultivation,EM,Emissions,CO2e,AFOLU,Mt,0.0,0.0,0.0,0.0,0.0,0.0,0.0,0.0,0.0,0.0,0.0,0.0,0.0,0.0,0.0,0.0,0.0,0.0,0.0,0.0,0.0,0.0,0.0,0.0,0.0,0.0,0.0,0.0,0.0,0.0,0.0,0.0,0.0,0.0,0.0,0.0,0.0,0.0,0.0,0.0,0.0,0.0,0.0,0.0,0.0,0.0,0.0,0.0,0.0,0.0,0.0,0.0,0.0,0.0,0.0,0.0,0.0,0.0,0.0,0.0,0.0
PD22,pathway,Agriculture,Emissions,Synthetic Fertilizers,EM,Emissions,CO2e,AFOLU,Mt,0.0,0.0,0.0,0.0,0.0,0.0,0.0,0.0,0.0,0.0,0.0,0.0,0.0,0.0,0.0,0.0,0.0,0.0,0.0,0.0,0.0,0.0,0.0,0.0,0.0,0.0,0.0,0.0,0.0,0.0,0.0,0.0,0.0,0.0,0.0,0.0,0.0,0.0,0.0,0.0,0.0,0.0,0.0,0.0,0.0,0.0,0.0,0.0,0.0,0.0,0.0,0.0,0.0,0.0,0.0,0.0,0.0,0.0,0.0,0.0,0.0
PD22,pathway,Electric Power,Emissions,"Fossil Fuels, Addtl Emissions",EM,Emissions,CO2e,IND,Mt,0.0,0.0,0.0,0.0,0.0,0.0,0.0,0.0,0.0,0.0,0.0,0.0,0.0,0.0,0.0,0.0,0.0,0.0,0.0,0.0,0.0,0.0,0.0,0.0,0.0,0.0,0.0,0.0,0.0,0.0,0.0,0.0,0.0005264200266174,0.0011875614098021,0.0020151831123803,0.0030456941091572,0.0043188434938435,0.0053605948826568,0.0064633258543431,0.0077676922047502,0.0093087236195805,0.0111259948264771,0.0132636247756934,0.0157700084690362,0.0186971834440407,0.0220997256621902,0.0260330751001037,0.0305512171128742,0.0357036990468681,0.0415320475333769,0.0480657691175318,0.0553182538284038,0.0632830334332259,0.0719309370285595,0.0812086953159415,0.0910394394928647,0.1013253147769105,0.1119521130138791,0.1227954904496629,0.1337280606252446,0.1446265124926441
PD22,pathway,Electric Power,Emissions,"Fugitive Natural Gas, Distribution, Addtl Emissions",EM,Emissions,CO2e,IND,Mt,0.0,0.0,0.0,0.0,0.0,0.0,0.0,0.0,0.0,0.0,0.0,0.0,0.0,0.0,0.0,0.0,0.0,0.0,0.0,0.0,0.0,0.0,0.0,0.0,0.0,0.0,0.0,0.0,0.0,0.0,0.0,0.0,2.314854024567613e-08,5.222125242014668e-08,8.861468983062817e-08,1.3392988316736924e-07,1.8991473989770402e-07,2.357242128102034e-07,2.842151724764994e-07,3.415727489948352e-07,4.0933732086201813e-07,4.892491280560929e-07,5.832482360074681e-07,6.934627431744001e-07,8.221809231236226e-07,9.718026728517434e-07,1.144765883140092e-06,1.3434444799448591e-06,1.5700172343678832e-06,1.826310218456413e-06,2.113620938788761e-06,2.432538202042393e-06,2.7827775772706373e-06,3.163056317241047e-06,3.5710319835261687e-06,4.003324384494774e-06,4.455630501161051e-06,4.92292819925921e-06,5.399749646543672e-06,5.880493212331295e-06,6.359736476097457e-06
PD22,pathway,Electric Power,Emissions,"Fugitive Natural Gas, Production, Addtl Emissions",EM,Emissions,CO2e,IND,Mt,0.0,0.0,0.0,0.0,0.0,0.0,0.0,0.0,0.0,0.0,0.0,0.0,0.0,0.0,0.0,0.0,0.0,0.0,0.0,0.0,0.0,0.0,0.0,0.0,0.0,0.0,0.0,0.0,0.0,0.0,0.0,0.0,1.5064206917006803e-08,3.3983644047243244e-08,5.76671362136684e-08,8.715657449634142e-08,1.235894319056657e-07,1.5340052890742335e-07,1.849566375114517e-07,2.222828097780453e-07,2.66381466601138e-07,3.183850912749821e-07,3.795562060478924e-07,4.512796980520469e-07,5.350446904082204e-07,6.324129466035553e-07,7.449709550637293e-07,8.742635782910893e-07,1.0217086792849708e-06,1.1884945976500786e-06,1.3754657022910823e-06,1.5830051666404893e-06,1.810927893642984e-06,2.0583991192259e-06,2.3238944717966017e-06,2.605214248669236e-06,2.899558205522472e-06,3.203658124622407e-06,3.513955744607387e-06,3.826805733081162e-06,4.138679380936935e-06
PD22,pathway,Electric Power,Emissions,"Fugitive Petroleum, Addtl Emissions",EM,Emissions,CO2e,IND,Mt,0.0,0.0,0.0,0.0,0.0,0.0,0.0,0.0,0.0,0.0,0.0,0.0,0.0,0.0,0.0,0.0,0.0,0.0,0.0,0.0,0.0,0.0,0.0,0.0,0.0,0.0,0.0,0.0,0.0,0.0,0.0,0.0,0.0145740241653244,0.032877831026814,0.0557906726423302,0.0843205374086144,0.1195678854582413,0.1484089423085648,0.1789382288413676,0.2150498236707143,0.2577135293499393,0.3080249786586604,0.3672056119194637,0.4365952526386123,0.5176345685171593,0.6118345039365463,0.7207299236779865,0.8458154210888362,0.9884627225221152,1.1498214995278095,1.3307086456130848,1.5314948659133405,1.7520010863510669,1.9914197057140384,2.2482759547993103,2.520441708291239,2.8052078406027485,3.099412480385824,3.3996131505584,3.702283136257472,4.0040085510382895
PD22,pathway,Electric Power,Emissions,"Fugitive Solid Fuels, Addtl Emissions",EM,Emissions,CO2e,IND,Mt,0.0,0.0,0.0,0.0,0.0,0.0,0.0,0.0,0.0,0.0,0.0,0.0,0.0,0.0,0.0,0.0,0.0,0.0,0.0,0.0,0.0,0.0,0.0,0.0,0.0,0.0,0.0,0.0,0.0,0.0,0.0,0.0,0.0778456908798421,0.175613642593138,0.2980002919733504,0.4503897081185535,0.6386598886451988,0.7927115061497325,0.955780633472104,1.148667101641406,1.3765510138964352,1.6452845830311666,1.961392010234082,2.332029828616342,2.7648932204587204,3.268052743893991,3.849706725475276,4.517838385923879,5.279774664212699,6.141656415817097,7.107846995615521,8.180326487972508,9.358138386632511,10.63696897058012,12.008940907776552,13.462687029923202,14.983736813943269,16.55520144060829,18.158693263256534,19.775374687553573,21.38701078086431
PD22,pathway,Electric Power,Emissions,"Other Fossil Transformation, Addtl Emissions",EM,Emissions,CO2e,IND,Mt,0.0,0.0,0.0,0.0,0.0,0.0,0.0,0.0,0.0,0.0,0.0,0.0,0.0,0.0,0.0,0.0,0.0,0.0,0.0,0.0,0.0,0.0,0.0,0.0,0.0,0.0,0.0,0.0,0.0,0.0,0.0,0.0,0.0,0.0,0.0,0.0,0.0,0.0,0.0,0.0,0.0,0.0,0.0,0.0,0.0,0.0,0.0,0.0,0.0,0.0,0.0,0.0,0.0,0.0,0.0,0.0,0.0,0.0,0.0,0.0,0.0
PD22,pathway,Electric Power,Natural gas,Natural gas,NATGAS,Electricity output,CO2e,ELAUTOE,Mt,0.0,0.0,0.0,0.0,0.0,0.0,0.0,0.0,0.0,0.0,0.0,0.0,0.0,0.0,0.0,0.0,0.0,0.0,0.0,0.0,0.0,0.0,0.0,0.0,0.0,0.0,0.0,0.0,0.0,0.0,0.0,0.0,2.3072748362000257e-06,5.205027200299998e-06,8.832455169700013e-06,1.3349137611699986e-05,1.892929298099997e-05,2.3495241545799968e-05,2.832846082579998e-05,3.404543872439998e-05,4.0799708747400016e-05,4.876472511109999e-05,5.813385915170007e-05,6.911922394240002e-05,8.19488976242e-05,9.68620841333e-05,0.0001141017743449,0.0001339045835951,0.0001564876756305,0.0001820330597716,0.0002106700618531,0.0002424573697582,0.0002773666335191,0.0003152699984039,0.0003559339875201,0.0003990216884317,0.0004441042081143,0.0004906809774658,0.0005382070035136,0.00058612395725,0.000633891372006
PD22,pathway,Electric Power,Oil products,Gas/diesel oil excl. biofuels,NONBIODIES,Electricity output,CO2e,ELMAINE,Mt,0.0,0.0,0.0,0.0,0.0,0.0,0.0,0.0,0.0,0.0,0.0,0.0,0.0,0.0,0.0,0.0,0.0,0.0,0.0,0.0,0.0,0.0,0.0,0.0,0.0,0.0,0.0,0.0,0.0,0.0,0.0,0.0,1.368640398690009e-05,3.087543100940013e-05,5.23927829282002e-05,7.918505735109984e-05,0.000112285691699,0.0001393702052819,0.0001680401281654,0.0002019523729812,0.0002420176771744,0.0002892649448196,0.0003448412253185,0.0004100047412161,0.0004861084174112,0.0005745711753335,0.0006768343999584,0.0007943016575291,0.0009282611304181,0.0010797924702789,0.0012496628183227,0.0014382203021627,0.0016452967540955,0.0018701337592644,0.0021113463681956,0.0023669360674742,0.0026343587288062,0.0029106450522828,0.0031925622223463,0.0034767983160977,0.0037601473673252
PD22,pathway,Electric Power,Oil products,Other oil products,ONONSPEC,Electricity output,CO2e,ELMAINE,Mt,0.0,0.0,0.0,0.0,0.0,0.0,0.0,0.0,0.0,0.0,0.0,0.0,0.0,0.0,0.0,0.0,0.0,0.0,0.0,0.0,0.0,0.0,0.0,0.0,0.0,0.0,0.0,0.0,0.0,0.0,0.0,0.0,5.643475954800019e-05,0.0001273122966868,0.0002160373250295,0.0003265130618444,0.0004630008012169,0.0005746815621375,0.000692899627725,0.0008327339760129,0.000997939957842,0.0011927601744164,0.0014219243894668,0.0016906207800234,0.0020044280204713,0.0023691969164556,0.0027908709002003,0.0032752374615048,0.0038276083142796,0.0044524353131906,0.0051528817018371,0.0059303829557569,0.006784245649278,0.0077113425212052,0.0087059628464562,0.0097598659195736,0.010862561237086,0.012001805135389,0.0131642673658037,0.0143362914870459,0.0155046579615021
PD22,pathway,Forests & Wetlands,Emissions,Avoided Coastal Impacts,EM,Emissions,CO2e,AFOLU,MtCO2e,,,,,,,,,,,,,,,,,,,,,,,,,,,,,,,,,,,,,,,,,,,,,,,,,,,,,,,,,,,,,
PD22,pathway,Forests & Wetlands,Emissions,Avoided Forest Conversion,EM,Emissions,CO2e,AFOLU,MtCO2e,,,,,,,,,,,,,,,,,,,,,,,,,,,,,,,,,,,,,,,,,,,,,,,,,,,,,,,,,,,,,
PD22,pathway,Forests & Wetlands,Emissions,Avoided Peat Impacts,EM,Emissions,CO2e,AFOLU,MtCO2e,,,,,,,,,,,,,,,,,,,,,,,,,,,,,,,,,,,,,,,,,,,,,,,,,,,,,,,,,,,,,
PD22,pathway,Forests & Wetlands,Emissions,Drained organic soils (CO2),EM,Emissions,CO2e,AFOLU,Mt,0.0,0.0,0.0,0.0,0.0,0.0,0.0,0.0,0.0,0.0,0.0,0.0,0.0,0.0,0.0,0.0,0.0,0.0,0.0,0.0,0.0,0.0,0.0,0.0,0.0,0.0,0.0,0.0,0.0,0.0,0.0,0.0,0.0,0.0,0.0,0.0,0.0,0.0,0.0,0.0,0.0,0.0,0.0,0.0,0.0,0.0,0.0,0.0,0.0,0.0,0.0,0.0,0.0,0.0,0.0,0.0,0.0,0.0,0.0,0.0,0.0
PD22,pathway,Forests & Wetlands,Emissions,Drained organic soils (N2O),EM,Emissions,CO2e,AFOLU,Mt,0.0,0.0,0.0,0.0,0.0,0.0,0.0,0.0,0.0,0.0,0.0,0.0,0.0,0.0,0.0,0.0,0.0,0.0,0.0,0.0,0.0,0.0,0.0,0.0,0.0,0.0,0.0,0.0,0.0,0.0,0.0,0.0,0.0,0.0,0.0,0.0,0.0,0.0,0.0,0.0,0.0,0.0,0.0,0.0,0.0,0.0,0.0,0.0,0.0,0.0,0.0,0.0,0.0,0.0,0.0,0.0,0.0,0.0,0.0,0.0,0.0
PD22,pathway,Forests & Wetlands,Emissions,Fires in humid tropical forests,EM,Emissions,CO2e,AFOLU,Mt,0.0,0.0,0.0,0.0,0.0,0.0,0.0,0.0,0.0,0.0,0.0,0.0,0.0,0.0,0.0,0.0,0.0,0.0,0.0,0.0,0.0,0.0,0.0,0.0,0.0,0.0,0.0,0.0,0.0,0.0,0.0,0.0,0.0,0.0,0.0,0.0,0.0,0.0,0.0,0.0,0.0,0.0,0.0,0.0,0.0,0.0,0.0,0.0,0.0,0.0,0.0,0.0,0.0,0.0,0.0,0.0,0.0,0.0,0.0,0.0,0.0
PD22,pathway,Forests & Wetlands,Emissions,Forest fires,EM,Emissions,CO2e,AFOLU,Mt,0.0,0.0,0.0,0.0,0.0,0.0,0.0,0.0,0.0,0.0,0.0,0.0,0.0,0.0,0.0,0.0,0.0,0.0,0.0,0.0,0.0,0.0,0.0,0.0,0.0,0.0,0.0,0.0,0.0,0.0,0.0,0.0,0.0,0.0,0.0,0.0,0.0,0.0,0.0,0.0,0.0,0.0,0.0,0.0,0.0,0.0,0.0,0.0,0.0,0.0,0.0,0.0,0.0,0.0,0.0,0.0,0.0,0.0,0.0,0.0,0.0
PD22,pathway,Forests & Wetlands,Emissions,Improved Forest Mgmt,EM,Emissions,CO2e,AFOLU,MtCO2e,0.0,0.0,0.0,0.0,0.0,0.0,0.0,0.0,0.0,0.0,0.0,0.0,0.0,0.0,0.0,0.0,0.0,0.0,0.0,0.0,0.0,0.0,0.0,0.0,0.0,0.0,0.0,0.0,0.0,0.0,0.0,0.4198788937013642,0.7798230976927325,1.081761589192304,1.3275990773622135,1.5192160033281557,1.6584685401969883,1.7471885930707636,1.7871837990544377,1.7802375272539628,1.7281088787602794,1.6325326866127643,1.4952195157342023,1.317855662826311,1.1021031562116566,0.8495997556034869,0.5619589517792869,0.2458243846717067,-0.0933121953807933,-0.4520507511906579,-0.8257227373285705,-1.206952443477022,-1.593657645985898,-1.985359905052969,-2.3787302611680605,-2.770775917617903,-3.1598110889356725,-3.5442755647738755,-3.918389737060635,-4.264848639428886,-4.584926003878072
PD22,pathway,Forests & Wetlands,Emissions,Natural Regeneration,EM,Emissions,CO2e,AFOLU,MtCO2e,0.0,0.0,0.0,0.0,0.0,0.0,0.0,0.0,0.0,0.0,0.0,0.0,0.0,0.0,0.0,0.0,0.0,0.0,0.0,0.0,0.0,0.0,0.0,0.0,0.0,0.0,0.0,0.0,0.0,0.0,0.0,11.451975894915332,23.63802020317234,37.15483567960804,50.9461859451992,65.41138647769775,80.83928256560307,96.17981261474984,112.65846809097934,129.73394968720936,146.87464999448548,164.58440456609517,182.434256252385,200.00318124519455,216.67768884513947,232.4666671973596,247.3790049186612,261.42359063136246,274.60931296451804,286.94506055540114,298.43972205132263,309.10218611184786,318.94134141150994,327.9660766431123,336.1852805217711,343.60784178984386,350.3115538023918,356.3300451480095,361.6949612371072,366.44587829981833,370.62237307060593
PD22,pathway,Forests & Wetlands,Emissions,Net Forest conversion,EM,Emissions,CO2e,AFOLU,Mt,0.0,0.0,0.0,0.0,0.0,0.0,0.0,0.0,0.0,0.0,0.0,0.0,0.0,0.0,0.0,0.0,0.0,0.0,0.0,0.0,0.0,0.0,0.0,0.0,0.0,0.0,0.0,0.0,0.0,0.0,0.0,0.0,0.0,0.0,0.0,0.0,0.0,0.0,0.0,0.0,0.0,0.0,0.0,0.0,0.0,0.0,0.0,0.0,0.0,0.0,0.0,0.0,0.0,0.0,0.0,0.0,0.0,0.0,0.0,0.0,0.0
PD22,pathway,Forests & Wetlands,Emissions,Savanna fires,EM,Emissions,CO2e,AFOLU,Mt,0.0,0.0,0.0,0.0,0.0,0.0,0.0,0.0,0.0,0.0,0.0,0.0,0.0,0.0,0.0,0.0,0.0,0.0,0.0,0.0,0.0,0.0,0.0,0.0,0.0,0.0,0.0,0.0,0.0,0.0,0.0,0.0,0.0,0.0,0.0,0.0,0.0,0.0,0.0,0.0,0.0,0.0,0.0,0.0,0.0,0.0,0.0,0.0,0.0,0.0,0.0,0.0,0.0,0.0,0.0,0.0,0.0,0.0,0.0,0.0,0.0
PD22,pathway,Industrial,Coal,Blast furnace gas,BLFURGS,Final consumption,CO2e,IRONSTL,Mt,0.0,0.0,0.0,0.0,0.0,0.0,0.0,0.0,0.0,0.0,0.0,0.0,0.0,0.0,0.0,0.0,0.0,0.0,0.0,0.0,0.0,0.0,0.0,0.0,0.0,0.0,0.0,0.0,0.0,0.0,0.0,0.0011945880895734,0.0025201682577096,0.0039822283378584,0.0055859403591008,0.0073360354268635,0.0092366670996805,0.0112912695848717,0.0135024202468976,0.0158717189266395,0.018399698627953,0.0210857823013486,0.0239282978914774,0.0269245581057555,0.0300710028969826,0.033363392802157,0.0367970322119198,0.0403669957481801,0.0440683299896032,0.0478962072836774,0.0518460172403428,0.0559133924415847,0.0600941752664138,0.0643843403584595,0.0687798910577099,0.0732767481430535,0.0778706464051755,0.0825570501742938,0.0873310941770467,0.0921875518692213,0.0971208301542302
PD22,pathway,Industrial,Coal,Coke oven coke,OVENCOKE,Final consumption,CO2e,IRONSTL,Mt,0.0,0.0,0.0,0.0,0.0,0.0,0.0,0.0,0.0,0.0,0.0,0.0,0.0,0.0,0.0,0.0,0.0,0.0,0.0,0.0,0.0,0.0,0.0,0.0,0.0,0.0,0.0,0.0,0.0,0.0,0.0,0.0013999352172781,0.002947778490335,0.0046496148939663,0.0065111373827948,0.0085374962970418,0.0107331353566141,0.0131016220963079,0.0156454846047203,0.0183660701010422,0.021263443343889,0.0243363429528932,0.0275822103936057,0.0309972991482416,0.03457686099034,0.0383153940350715,0.0422069260625376,0.0462452994693365,0.0504244232808617,0.0547384634930003,0.0591819542097808,0.0637498257386222,0.0684373586847733,0.0732400824819793,0.0781536413814073,0.083173650815094,0.0882955634244736,0.0935145585114742,0.0988254627389618,0.1042227046619807,0.1097003016810074
PD22,pathway,Industrial,Coal,Other bituminous coal,BITCOAL,Final consumption,CO2e,INONSPEC,Mt,0.0,0.0,0.0,0.0,0.0,0.0,0.0,0.0,0.0,0.0,0.0,0.0,0.0,0.0,0.0,0.0,0.0,0.0,0.0,0.0,0.0,0.0,0.0,0.0,0.0,0.0,0.0,0.0,0.0,0.0,0.0,0.0105827520034144,0.0222836087978889,0.0351485702530545,0.0492206720224154,0.0645388478884935,0.0811366899669582,0.0990411668886019,0.1182713896339468,0.1388375424503881,0.1607401148779832,0.1839695715643474,0.2085065713748126,0.2343227926641287,0.261382341412008,0.2896436263490956,0.3190615007276595,0.349589416401093,0.3811813289003887,0.4137931363142929,0.4473835194297264,0.4819141541166465,0.5173493643068707,0.5536553549408841,0.5907991989166894,0.6287477512752737,0.6674666364488392,0.7069194125709728,0.7470669720149442,0.7878671976745224,0.8292748643376304
PD22,pathway,Industrial,"Crude, NGL, refinery feedstocks",Crude oil,CRUDEOIL,Energy industry own use and Losses,CO2e,EREFINER,Mt,0.0,0.0,0.0,0.0,0.0,0.0,0.0,0.0,0.0,0.0,0.0,0.0,0.0,0.0,0.0,0.0,0.0,0.0,0.0,0.0,0.0,0.0,0.0,0.0,0.0,0.0,0.0,0.0,0.0,0.0,0.0,0.0006285939915904,0.0013948620750619,0.0023176511500214,0.0034164202550096,0.0047105469844994,0.0062184129997769,0.0079562793918651,0.0099369970342843,0.0121686390816022,0.0146531861626591,0.017385429504163,0.0203522708458038,0.0235325793976979,0.0268977099742256,0.0304126976475926,0.0340380390123868,0.0377318726979942,0.0414523068956883,0.0451596259041513,0.0488181433143818,0.0523975441830008,0.0558736508953456,0.0592286347614849,0.0624507609536765,0.0655337906952792,0.068476172906414,0.0712801447396399,0.0739508355529138,0.0764954399877714,0.0789224987517017
PD22,pathway,Industrial,Emissions,"Agriculture, Forestry, Fishing, Addtl Emissions",EM,Emissions,CO2e,IND,Mt,0.0,0.0,0.0,0.0,0.0,0.0,0.0,0.0,0.0,0.0,0.0,0.0,0.0,0.0,0.0,0.0,0.0,0.0,0.0,0.0,0.0,0.0,0.0,0.0,0.0,0.0,0.0,0.0,0.0,0.0,0.0,0.0075880025942989,0.0164837722714791,0.0268349245206911,0.0387921412488234,0.052503766948152,0.068108799038233,0.0857283799914297,0.1054561565457664,0.1273481815114434,0.1514133482408587,0.1776055910894982,0.2058191661554096,0.2358881650915273,0.267590976464493,0.3006597355791281,0.3347940201879758,0.3696773383718904,0.4049944984135689,0.440447865909912,0.4757708100523353,0.510737220753587,0.5451666770724588,0.5789254962106214,0.6119243690545136,0.6441135414011631,0.6754765434573191,0.7060233590210658,0.7357837285154067,0.7648010576982474,0.793127199127343
PD22,pathway,Industrial,Emissions,"Cement Production, Addtl Emissions",EM,Emissions,CO2e,IND,Mt,0.0,0.0,0.0,0.0,0.0,0.0,0.0,0.0,0.0,0.0,0.0,0.0,0.0,0.0,0.0,0.0,0.0,0.0,0.0,0.0,0.0,0.0,0.0,0.0,0.0,0.0,0.0,0.0,0.0,0.0,0.0,0.0015261011112111,0.0033152206878996,0.0053970471967239,0.0078018858230976,0.0105595716509832,0.013698059878577,0.017241714712321,0.0212093704092126,0.0256123003254311,0.0304522930943892,0.0357200839813419,0.0413944057444468,0.0474418908525691,0.053817968754961,0.0604687664324861,0.0673338628823871,0.0743496051652378,0.0814526018385551,0.0885829925915838,0.0956871525647899,0.1027196064369509,0.1096440679001169,0.1164336506341337,0.1230703927661958,0.1295442877176943,0.1358520230794057,0.141995606795471,0.1479810202677188,0.1538169932737882,0.1595139544139631
PD22,pathway,Industrial,Emissions,"Chemical Production, Addtl Emissions",EM,Emissions,CO2e,IND,Mt,0.0,0.0,0.0,0.0,0.0,0.0,0.0,0.0,0.0,0.0,0.0,0.0,0.0,0.0,0.0,0.0,0.0,0.0,0.0,0.0,0.0,0.0,0.0,0.0,0.0,0.0,0.0,0.0,0.0,0.0,0.0,0.0048271580594644,0.0104862608020755,0.0170712147980147,0.0246778773393968,0.033400618756565,0.0433278631777029,0.0545366761881925,0.0670866317800796,0.0810133883194697,0.096322603371337,0.1129849719711115,0.1309332244358694,0.1500618170728244,0.1702297703022639,0.1912666802259145,0.2129814312431907,0.2351726849255303,0.2576399299763775,0.2801938243007815,0.3026647489455903,0.3249088624826493,0.3468113889363806,0.3682872851100607,0.3892797364201474,0.4097570914012007,0.4297088726852654,0.4491414315315545,0.4680736875069513,0.4865332534715592,0.5045531157730978
PD22,pathway,Industrial,Emissions,"Indirect N2O from Non-Ag N, Addtl Emissions",EM,Emissions,CO2e,IND,Mt,0.0,0.0,0.0,0.0,0.0,0.0,0.0,0.0,0.0,0.0,0.0,0.0,0.0,0.0,0.0,0.0,0.0,0.0,0.0,0.0,0.0,0.0,0.0,0.0,0.0,0.0,0.0,0.0,0.0,0.0,0.0,0.0167863406157676,0.0364657513677825,0.0593647903785879,0.0858167993652198,0.1161499491664299,0.1506717328280352,0.1896501443021784,0.233292350893101,0.2817223538188832,0.3349598271427217,0.3929028634667343,0.4553175338835246,0.5218368124214698,0.5919704455575301,0.6651258573197901,0.7406384472272023,0.8178080651294597,0.8959374372104096,0.9743681303175444,1.052510298109098,1.1298637350442708,1.206029310082226,1.2807112872951834,1.353712095163932,1.4249216663831712,1.4943035661262214,1.5618798807634016,1.6277164026905877,1.6919091550479717,1.7545728471659023
PD22,pathway,Industrial,Emissions,"Lime Production, Addtl Emissions",EM,Emissions,CO2e,IND,Mt,0.0,0.0,0.0,0.0,0.0,0.0,0.0,0.0,0.0,0.0,0.0,0.0,0.0,0.0,0.0,0.0,0.0,0.0,0.0,0.0,0.0,0.0,0.0,0.0,0.0,0.0,0.0,0.0,0.0,0.0,0.0,0.0005842034121422,0.0012690923449618,0.0020660317751272,0.0029866227640584,0.0040422864146724,0.0052437241949475,0.006600262913201,0.0081191124699583,0.0098045883939203,0.0116573753879128,0.0136739268391908,0.0158461014816483,0.0181611259640306,0.0206019383317683,0.0231479155728141,0.0257759280559024,0.0284616089391956,0.0311806914839257,0.0339102606961002,0.0366297885611037,0.0393218667711702,0.0419726046445073,0.0445717098879909,0.0471123065565707,0.0495905640538834,0.0520052143638343,0.0543570261431066,0.0566482891189882,0.0588823451184693,0.0610631862911035
PD22,pathway,Industrial,Emissions,"Metal Production, Addtl Emissions",EM,Emissions,CO2e,IND,Mt,0.0,0.0,0.0,0.0,0.0,0.0,0.0,0.0,0.0,0.0,0.0,0.0,0.0,0.0,0.0,0.0,0.0,0.0,0.0,0.0,0.0,0.0,0.0,0.0,0.0,0.0,0.0,0.0,0.0,0.0,0.0,2.3368136485700085e-05,5.076369379839992e-05,8.264127100509992e-05,0.0001194649105622,0.0001616914565868,0.0002097489677979,0.0002640105165281,0.0003247644987984,0.0003921835357568,0.0004662950155165,0.0005469570735676,0.0006338440592658,0.0007264450385613,0.0008240775332708,0.0009259166229125,0.0010310371222361,0.0011384643575678,0.001247227659357,0.001356410427844,0.0014651915424442,0.0015728746708468,0.0016789041857803,0.0017828683955195,0.0018844922622628,0.0019836225621554,0.0020802085745533,0.0021742810457243,0.0022659315647594,0.0023552938047387,0.0024425274516441
PD22,pathway,Industrial,Emissions,"Non-metalic Mineral Production, Addtl Emissions",EM,Emissions,CO2e,IND,Mt,0.0,0.0,0.0,0.0,0.0,0.0,0.0,0.0,0.0,0.0,0.0,0.0,0.0,0.0,0.0,0.0,0.0,0.0,0.0,0.0,0.0,0.0,0.0,0.0,0.0,0.0,0.0,0.0,0.0,0.0,0.0,1.8922204590800023e-05,4.110558839070014e-05,6.691826019400004e-05,9.673597552220004e-05,0.0001309286610846,0.0001698429347929,0.0002137808896704,0.0002629760526191,0.0003175682025503,0.0003775795168199,0.0004428951215147,0.0005132513230315,0.0005882343956699,0.0006672917069248,0.000749755282517,0.0008348759593882,0.0009218645015345,0.0010099349152657,0.0010983449895719,0.0011864298271169,0.0012736255771013,0.001359482323764,0.0014436667022661,0.0015259560024419,0.0016062261522185,0.0016844360808673,0.0017606106849888,0.0018348241282856,0.0019071846517107,0.0019778215600048
PD22,pathway,Industrial,Emissions,"Other Industrial, Addtl Emissions",EM,Emissions,CO2e,IND,Mt,0.0,0.0,0.0,0.0,0.0,0.0,0.0,0.0,0.0,0.0,0.0,0.0,0.0,0.0,0.0,0.0,0.0,0.0,0.0,0.0,0.0,0.0,0.0,0.0,0.0,0.0,0.0,0.0,0.0,0.0,0.0,0.0478428377128978,0.1039312298434449,0.1691959014149371,0.2445869114090264,0.3310395812599633,0.4294302985155478,0.5405228741488766,0.6649077567838089,0.8029383629444484,0.9546707657818284,1.1198145184850443,1.2977028990442716,1.487289844806627,1.687178081626549,1.895678705608554,2.110897535424709,2.33083906944768,2.553516003905236,2.777051735004968,2.99976513858464,3.2202305762005152,3.437310482373011,3.650161978578305,3.858221965189943,4.0611767388019455,4.25892245632309,4.451522066233632,4.639163083787233,4.8221191850409975,5.000717303660911
PD22,pathway,Industrial,Emissions,"Other Mineral Production, Addtl Emissions",EM,Emissions,CO2e,IND,Mt,0.0,0.0,0.0,0.0,0.0,0.0,0.0,0.0,0.0,0.0,0.0,0.0,0.0,0.0,0.0,0.0,0.0,0.0,0.0,0.0,0.0,0.0,0.0,0.0,0.0,0.0,0.0,0.0,0.0,0.0,0.0,0.0001752661126929,0.0003807387586698,0.0006198275299327,0.0008960128459658,0.0012127211371341,0.0015731629370528,0.0019801363694635,0.0024358044673304,0.0029414619268564,0.0034973141648536,0.0041022971666041,0.0047539684813564,0.0054484959924645,0.006180760964929,0.006944576315487,0.0077330029532744,0.0085387306134779,0.0093544790630776,0.0101733736042609,0.0109892556538217,0.0117969025677851,0.01259214702061,0.0133719012347024,0.0141341023666499,0.0148776012041749,0.0156020173314034,0.0163075813520361,0.016994980204205,0.0176652164651187,0.0183194878144191
PD22,pathway,Industrial,Emissions,Product Uses as Substitutes for Ozone Depleting Substances,EM,Emissions,CO2e,IND,Mt,0.0,0.0,0.0,0.0,0.0,0.0,0.0,0.0,0.0,0.0,0.0,0.0,0.0,0.0,0.0,0.0,0.0,0.0,0.0,0.0,0.0,0.0,0.0,0.0,0.0,0.0,0.0,0.0,0.0,0.0,0.0,0.0360117792840086,0.0782300693010251,0.1273554360232067,0.1841029982852535,0.2491767818235128,0.3232364522524729,0.4068569376803459,0.5004826746526521,0.6043796832984178,0.718590170435534,0.8428955138637275,0.9767938653020588,1.1194978429986553,1.2699557048216823,1.4268961960290811,1.5888935475158763,1.7544457253810752,1.922056866330671,2.090314432045317,2.257953023665466,2.4238995489702333,2.5872977511209765,2.747513187078481,2.9041220061592963,3.0568880806929783,3.2057332469530397,3.350704886885985,3.491944145086287,3.6296570202412046,3.764089598569343
PD22,pathway,Industrial,Emissions,"Solid Waste Disposal, Addtl Emissions",EM,Emissions,CO2e,IND,Mt,0.0,0.0,0.0,0.0,0.0,0.0,0.0,0.0,0.0,0.0,0.0,0.0,0.0,0.0,0.0,0.0,0.0,0.0,0.0,0.0,0.0,0.0,0.0,0.0,0.0,0.0,0.0,0.0,0.0,0.0,0.0,0.1034317449985025,0.2246896082347111,0.3657857302478451,0.528774049788642,0.7156766444073375,0.9283881820980842,1.1685599508189757,1.4374684453269566,1.735877719126096,2.063908997129805,2.4209343604704445,2.8055124184571323,3.215381681371912,3.64752137306467,4.0982802411140336,4.56356324246952,5.039056289060074,5.520463015811421,6.003726380662544,6.485211950248463,6.9618376274565845,7.431144102007098,7.891309149284813,8.341115400509851,8.77988465822899,9.20739242338145,9.623774784700036,10.0294371326429,10.424971129274915,10.811083574635305
PD22,pathway,Industrial,Emissions,"Steel Production, Addtl Emissions",EM,Emissions,CO2e,IND,Mt,0.0,0.0,0.0,0.0,0.0,0.0,0.0,0.0,0.0,0.0,0.0,0.0,0.0,0.0,0.0,0.0,0.0,0.0,0.0,0.0,0.0,0.0,0.0,0.0,0.0,0.0,0.0,0.0,0.0,0.0,0.0,0.0,0.0,0.0,0.0,0.0,0.0,0.0,0.0,0.0,0.0,0.0,0.0,0.0,0.0,0.0,0.0,0.0,0.0,0.0,0.0,0.0,0.0,0.0,0.0,0.0,0.0,0.0,0.0,0.0,0.0
PD22,pathway,Industrial,Emissions,"Waste Combustion, Addtl Emissions",EM,Emissions,CO2e,IND,Mt,0.0,0.0,0.0,0.0,0.0,0.0,0.0,0.0,0.0,0.0,0.0,0.0,0.0,0.0,0.0,0.0,0.0,0.0,0.0,0.0,0.0,0.0,0.0,0.0,0.0,0.0,0.0,0.0,0.0,0.0,0.0,0.0298302207997445,0.0648015812277609,0.1054943924502769,0.1525010204420185,0.2064046422517589,0.2677516893895604,0.3370184013735173,0.414572925530642,0.5006356186259644,0.5952414425170209,0.6982093023333131,0.8091234939545213,0.9273317926925284,1.0519629919410294,1.1819640526555146,1.316153944404928,1.4532884631036584,1.5921285160649885,1.731504032528964,1.870366824149144,2.0078279990539274,2.143178280138271,2.2758921289166887,2.4056184502829434,2.532161648776708,2.655456977771572,2.7755436859232345,2.8925386898212504,3.0066126276969896,3.1179693441363803
PD22,pathway,Industrial,Emissions,"Wastewater Handling, Addtl Emissions",EM,Emissions,CO2e,IND,Mt,0.0,0.0,0.0,0.0,0.0,0.0,0.0,0.0,0.0,0.0,0.0,0.0,0.0,0.0,0.0,0.0,0.0,0.0,0.0,0.0,0.0,0.0,0.0,0.0,0.0,0.0,0.0,0.0,0.0,0.0,0.0,0.2319659334686505,0.5039104262973169,0.8203460974934043,1.1858793067350657,1.6050449587219546,2.0820922172855703,2.62072441888834,3.223804352878592,3.893045558791945,4.628719907224792,5.4294191672101615,6.291910737991795,7.211122786222369,8.180280630110794,9.191195621420848,10.23468382456471,11.30107005262099,12.380718865957563,13.464531553643694,14.54435718746917,15.613283561381868,16.66579519070387,17.6978053800608,18.706583941680947,19.690609885027857,20.649379727015187,21.583198673263716,22.492975891225317,23.38003829889001,24.24597103369192
PD22,pathway,Industrial,Oil products,Fuel oil,RESFUEL,Final consumption,CO2e,INONSPEC,Mt,0.0,0.0,0.0,0.0,0.0,0.0,0.0,0.0,0.0,0.0,0.0,0.0,0.0,0.0,0.0,0.0,0.0,0.0,0.0,0.0,0.0,0.0,0.0,0.0,0.0,0.0,0.0,0.0,0.0,0.0,0.0,0.0016482256115102,0.0036574441171862,0.006077073651859,0.0089581374294418,0.0123514451107454,0.0163051949371126,0.0208620248386761,0.0260556308722706,0.031907181519145,0.038421870152486,0.045586038936458,0.053365343145534,0.0617043760950439,0.070528027731095,0.0797446171113519,0.089250563028529,0.0989361014948965,0.1086913887114706,0.1184122868134817,0.1280052230749959,0.1373907091987053,0.1465053494725214,0.155302395591882,0.163751077864601,0.1718350377005836,0.1795502080396661,0.1869024548815155,0.1939052278283663,0.2005773918273937,0.2069413413224065
PD22,pathway,Industrial,Oil products,Fuel oil,RESFUEL,Final consumption,CO2e,NONMET,Mt,0.0,0.0,0.0,0.0,0.0,0.0,0.0,0.0,0.0,0.0,0.0,0.0,0.0,0.0,0.0,0.0,0.0,0.0,0.0,0.0,0.0,0.0,0.0,0.0,0.0,0.0,0.0,0.0,0.0,0.0,0.0,0.0004110364933733,0.0009120978306239,0.0015155079658926,0.0022339911298797,0.0030802182971556,0.0040662092033499,0.005202596946968,0.0064977846913541,0.0079570514579251,0.0095816923763575,0.0113683014390578,0.0133083137168997,0.0153879118239518,0.0175883647242726,0.0198868089137497,0.0222574131858271,0.0246728044646951,0.0271055897711172,0.0295297990786218,0.0319220971078181,0.0342626609711348,0.0365356809693354,0.0387294989537755,0.0408364415414605,0.0428524292074384,0.0447764477033342,0.0466099598992284,0.0483563198731679,0.0500202321884604,0.0516072815985459
PD22,pathway,Industrial,Oil products,Fuel oil,RESFUEL,Final consumption,CO2e,ONONSPEC,Mt,0.0,0.0,0.0,0.0,0.0,0.0,0.0,0.0,0.0,0.0,0.0,0.0,0.0,0.0,0.0,0.0,0.0,0.0,0.0,0.0,0.0,0.0,0.0,0.0,0.0,0.0,0.0,0.0,0.0,0.0,0.0,0.0001509629389001,0.0003339131994826,0.000553146949364,0.0008130808957663,0.0011180896013674,0.0014722926258933,0.0018792944683777,0.0023418882437722,0.0028617436635598,0.0034391097288316,0.0040725702495089,0.0047588930470194,0.0054930089658122,0.0062681434956545,0.0070761031186068,0.0079076942679945,0.008753230639994,0.0096030701891899,0.0104481201500329,0.0112802572256188,0.0120926277150268,0.0128798137918791,0.013637872192196,0.0143642664223398,0.0150577216246446,0.0157180328143492,0.016345853984098,0.0169424896509842,0.0175097036670131,0.0180495538480183
PD22,pathway,Industrial,Oil products,Gas/diesel oil excl. biofuels,NONBIODIES,Final consumption,CO2e,ONONSPEC,Mt,0.0,0.0,0.0,0.0,0.0,0.0,0.0,0.0,0.0,0.0,0.0,0.0,0.0,0.0,0.0,0.0,0.0,0.0,0.0,0.0,0.0,0.0,0.0,0.0,0.0,0.0,0.0,0.0,0.0,0.0,0.0,0.0187810113236195,0.0415415043339828,0.0688159570509241,0.101153843596748,0.1390993949713592,0.1831651177437592,0.2337994407645449,0.2913498501379965,0.3560240714853382,0.4278530825575084,0.5066606978476271,0.5920448081837006,0.6833747695910954,0.779807778171641,0.8803244939844672,0.9837811629329156,1.088972730431206,1.1946996479978351,1.2998307020118076,1.4033552885974168,1.5044207518939392,1.6023530704542002,1.6966616703267623,1.7870309911755762,1.8733024303897,1.9554504862059623,2.033556520602003,2.107782826061517,2.1783488400485886,2.2455105715065704
PD22,pathway,Residential,Biofuels and Waste,Charcoal,CHARCOAL,Final consumption,CO2e,RESIDENT,Mt,0.0,0.0,0.0,0.0,0.0,0.0,0.0,0.0,0.0,0.0,0.0,0.0,0.0,0.0,0.0,0.0,0.0,0.0,0.0,0.0,0.0,0.0,0.0,0.0,0.0,0.0,0.0,0.0,0.0,0.0,0.0,0.2780247701042082,0.5706639396378534,0.8781893523765323,1.2008026235454403,1.5386208026970871,1.8916618007327468,2.2598306079369976,2.642907659308248,3.04054095124836,3.4522435798763524,3.877398153241353,4.3152689576096375,4.76502183743724,5.225750594145905,5.696507545316775,6.176335002734151,6.664294089892281,7.159487667503853,7.661075119254935,8.16827813463336,8.680378070291537,9.196706646598884,9.716632425815153,10.239545666813097,10.764843845396111,11.291919538936872,11.820151683737876,12.3489005712595,12.877506444196772,13.405291217011175
PD22,pathway,Residential,Coal,Patent fuel,PATFUEL,Final consumption,CO2e,RESIDENT,Mt,0.0,0.0,0.0,0.0,0.0,0.0,0.0,0.0,0.0,0.0,0.0,0.0,0.0,0.0,0.0,0.0,0.0,0.0,0.0,0.0,0.0,0.0,0.0,0.0,0.0,0.0,0.0,0.0,0.0,0.0,0.0,0.0049809520365871,0.0102237283076632,0.0157331990296745,0.0215129762396563,0.027565156938559,0.0338900620090868,0.0404859893049336,0.0473490052098914,0.0544728034044247,0.0618486607633365,0.0694655164027565,0.0773101896452261,0.0853677361792941,0.0936219210067182,0.1020557659256195,0.1106521134752918,0.1193941432161686,0.1282657824517112,0.1372519711225611,0.1463387654087873,0.1555132904573887,0.1647635737064037,0.1740783026346597,0.1834465534265975,0.1928575315615595,0.2023003547610657,0.2117638963600792,0.221236695661943,0.2307069327863974,0.2401624594937632
PD22,pathway,Residential,Emissions,Addtl Emissions,EM,Emissions,CO2e,IND,Mt,0.0,0.0,0.0,0.0,0.0,0.0,0.0,0.0,0.0,0.0,0.0,0.0,0.0,0.0,0.0,0.0,0.0,0.0,0.0,0.0,0.0,0.0,0.0,0.0,0.0,0.0,0.0,0.0,0.0,0.0,0.0,0.9955666211069598,2.0436073878963583,3.1451150577329656,4.30082959445928,5.511185546568257,6.776258367014066,8.095713434501917,9.468762769974184,10.894135381962982,12.370067448535591,13.894317767498922,15.46421181542648,17.07671436457962,18.72852633459373,20.41619723479179,22.136241257349983,23.885243797992104,25.65994643489073,27.457302007339063,29.27449653642088,31.10894006016018,32.95823279713153,34.8201156070221,36.69241427772464,38.57298605646324,40.45967468299713,42.35027765445668,44.24252709779133,46.13408377373946,48.02254250176262
PD22,pathway,Residential,Oil products,Liquified petroleum gases (LPG),LPG,Final consumption,CO2e,RESIDENT,Mt,0.0,0.0,0.0,0.0,0.0,0.0,0.0,0.0,0.0,0.0,0.0,0.0,0.0,0.0,0.0,0.0,0.0,0.0,0.0,0.0,0.0,0.0,0.0,0.0,0.0,0.0,0.0,0.0,0.0,0.0,0.0,0.0004213146082534,0.0009048004070683,0.0014563127108674,0.0020812299305935,0.0027840705357938,0.0035680494355641,0.00443459864988,0.0053828929360221,0.0064094362518407,0.0075077754595178,0.0086684086193464,0.0098789423857159,0.0111245248377413,0.0123885394188291,0.0136535003271637,0.0149020508710272,0.0161179449833187,0.0172868949072733,0.0183971944505216,0.0194400694926567,0.0204097539101592,0.0213033284121964,0.022120384634793,0.0228625853310225,0.0235331863116779,0.0241365720491521,0.0246778398855241,0.025162451671492,0.0255959587427429,0.0259837971918841
PD22,pathway,Residential,Oil products,Other kerosene,OTHKERO,Final consumption,CO2e,RESIDENT,Mt,0.0,0.0,0.0,0.0,0.0,0.0,0.0,0.0,0.0,0.0,0.0,0.0,0.0,0.0,0.0,0.0,0.0,0.0,0.0,0.0,0.0,0.0,0.0,0.0,0.0,0.0,0.0,0.0,0.0,0.0,0.0,4.493253010800027e-06,9.649551839699996e-06,1.553134248009997e-05,2.219598482570002e-05,2.9691667632499995e-05,3.805267739269999e-05,4.729428637069999e-05,5.740769348439999e-05,6.835561400289999e-05,8.006922624180003e-05,9.24471935317e-05,0.0001053573428209,0.0001186412807452,0.0001321217943824,0.0001456124004483,0.0001589279925982,0.0001718953091205,0.0001843619733716,0.0001962031406792,0.0002073252364507,0.0002176667658993,0.0002271965952546,0.0002359103693801,0.0002438258212717,0.0002509776736317,0.0002574126861578,0.0002631852211892,0.0002683535284913,0.0002729768121727,0.0002771130472928
PD22,pathway,Transportation,Emissions,"Maritime Transport, Addtl Emissions",EM,Emissions,CO2e,IND,Mt,0.0,0.0,0.0,0.0,0.0,0.0,0.0,0.0,0.0,0.0,0.0,0.0,0.0,0.0,0.0,0.0,0.0,0.0,0.0,0.0,0.0,0.0,0.0,0.0,0.0,0.0,0.0,0.0,0.0,0.0,0.0,0.0004748271256803,0.0010562737690536,0.0017590459904639,0.0025983329131521,0.0035892629360516,0.004746186920708,0.0060817974161218,0.0076061202256097,0.0093254477416849,0.0112413174154232,0.0133496654307947,0.0156402953617678,0.0180967856353197,0.020696914194485,0.0234136081445181,0.0262163436048847,0.029072845793823,0.0319508908359808,0.0348200012637296,0.037652857607382,0.0404263084558283,0.0431219337084924,0.0457261828361581,0.0482301592192515,0.0506291478389826,0.0529219882935389,0.0551103840230039,0.0571982187884943,0.0591909290631713,0.0610949603665098
PD22,pathway,Transportation,Emissions,"Road Transport, Addtl Emissions",EM,Emissions,CO2e,IND,Mt,0.0,0.0,0.0,0.0,0.0,0.0,0.0,0.0,0.0,0.0,0.0,0.0,0.0,0.0,0.0,0.0,0.0,0.0,0.0,0.0,0.0,0.0,0.0,0.0,0.0,0.0,0.0,0.0,0.0,0.0,0.0,0.0110061893592774,0.0244837510089315,0.0407735620305793,0.0602276965951094,0.0831968213227674,0.1100135800140036,0.1409721778441127,0.1763050065275139,0.2161579197018235,0.2605665545005429,0.309436714264885,0.3625320523549372,0.4194719272013927,0.4797412457236732,0.5427124755211206,0.6076780925476646,0.6738899879856188,0.7406012329953501,0.8071053793522862,0.872769179206187,0.937055997641252,0.9995388684965538,1.0599036991636326,1.117944271685695,1.1735512949400773,1.2266978715542685,1.2774234861808955,1.3258181619209404,1.3720079127483649,1.4161421416859294
PD22,pathway,Transportation,Oil products,Aviation gasoline,AVGAS,Final consumption,CO2e,AVBUNK,Mt,0.0,0.0,0.0,0.0,0.0,0.0,0.0,0.0,0.0,0.0,0.0,0.0,0.0,0.0,0.0,0.0,0.0,0.0,0.0,0.0,0.0,0.0,0.0,0.0,0.0,0.0,0.0,0.0,0.0,0.0,0.0,9.435541772150058e-05,0.0002098977655595,0.0003495493627997,0.0005163285207196,0.0007132414837471,0.0009431399877298,0.0012085462364303,0.0015114525104256,0.0018531092044213,0.0022338218334787,0.0026527828551512,0.0031079660835161,0.0035961083006606,0.0041127936437278,0.0046526423141459,0.0052095887496448,0.0057772194570809,0.0063491310591932,0.0069192672166665,0.0074821991327138,0.008033326267585,0.0085689882653519,0.0090864924284508,0.009584070862398,0.0100607866207904,0.0105164091140263,0.0109512768417238,0.0113661615666626,0.0117621435992724,0.0121405037629298
PD22,pathway,Transportation,Oil products,Aviation gasoline,AVGAS,Final consumption,CO2e,LDOMESAIR,Mt,0.0,0.0,0.0,0.0,0.0,0.0,0.0,0.0,0.0,0.0,0.0,0.0,0.0,0.0,0.0,0.0,0.0,0.0,0.0,0.0,0.0,0.0,0.0,0.0,0.0,0.0,0.0,0.0,0.0,0.0,0.0,2.441137355299609e-07,5.430417125739904e-07,9.043444750255088e-07,1.3358309146120483e-06,1.845278704041169e-06,2.440065775681458e-06,3.1267175055744352e-06,3.910388267105956e-06,4.794313046987299e-06,5.779282265362869e-06,6.863206670676063e-06,8.040844170567272e-06,9.30375225761195e-06,1.0640506333164634e-05,1.203718793067072e-05,1.347810439464108e-05,1.4946662912422122e-05,1.642629684289347e-05,1.7901337391940355e-05,1.9357739326177076e-05,2.0783600255990293e-05,2.2169450209431856e-05,2.350832271359722e-05,2.479564392061561e-05,2.6028989788582715e-05,2.720776374243835e-05,2.833284153906202e-05,2.9406219861842283e-05,3.0430693660139807e-05,3.140957664488526e-05
PD22,pathway,Transportation,Oil products,Aviation gasoline,AVGAS,Final consumption,CO2e,SDOMESAIR,Mt,0.0,0.0,0.0,0.0,0.0,0.0,0.0,0.0,0.0,0.0,0.0,0.0,0.0,0.0,0.0,0.0,0.0,0.0,0.0,0.0,0.0,0.0,0.0,0.0,0.0,0.0,0.0,0.0,0.0,0.0,0.0,8.65494153242596e-07,1.9253297082168707e-06,3.2063122296359137e-06,4.7361277881700095e-06,6.542351768873239e-06,8.651142295597887e-06,1.1085634792491177e-05,1.3864103856102918e-05,1.699801898477316e-05,2.0490182577195636e-05,2.4333187286942444e-05,2.8508447513829432e-05,3.298603073153326e-05,3.772543154485643e-05,4.267730266328712e-05,4.77860064900911e-05,5.2992713962223865e-05,5.82386888066223e-05,6.346837802597037e-05,6.863198488371873e-05,7.368730999851102e-05,7.86007780152584e-05,8.334768962093562e-05,8.791182844581894e-05,9.228460015944528e-05,9.646388963227896e-05,0.0001004528018202,0.0001042584158737,0.0001078906411585,0.0001113612262864
PD22,pathway,Transportation,Oil products,Fuel oil,RESFUEL,Final consumption,CO2e,MARBUNK,Mt,0.0,0.0,0.0,0.0,0.0,0.0,0.0,0.0,0.0,0.0,0.0,0.0,0.0,0.0,0.0,0.0,0.0,0.0,0.0,0.0,0.0,0.0,0.0,0.0,0.0,0.0,0.0,0.0,0.0,0.0,0.0,0.0001693369167239,0.0003766973991044,0.0006273260483469,0.0009266397396849,0.0012800336923294,0.0016926258334484,0.002168942688585,0.0027125597455949,0.003325721051394,0.0040089749049538,0.0047608720333934,0.0055777760999227,0.0064538307025107,0.0073811108208576,0.0083499614873444,0.0093494970142407,0.0103682072924227,0.0113946003674468,0.0124178071037504,0.0134280845980466,0.0144171763958006,0.0153785133629664,0.0163072629937467,0.0172002524994648,0.0180558003697328,0.018873492772117,0.0196539372020106,0.0203985187195698,0.0211091761264199,0.0217882080789256
PD22,pathway,Transportation,Oil products,Gas/diesel oil excl. biofuels,NONBIODIES,Final consumption,CO2e,DOMESNAV,Mt,0.0,0.0,0.0,0.0,0.0,0.0,0.0,0.0,0.0,0.0,0.0,0.0,0.0,0.0,0.0,0.0,0.0,0.0,0.0,0.0,0.0,0.0,0.0,0.0,0.0,0.0,0.0,0.0,0.0,0.0,0.0,0.0078196975399517,0.0173952601834845,0.0289688749028134,0.042790683998612,0.0591098297323994,0.0781626494797331,0.1001581706714879,0.1252615033978351,0.15357627401791,0.1851278020674831,0.2198491625321875,0.2575724354191565,0.2980271818102551,0.3408474374317863,0.3855873519163351,0.4317442422859963,0.4787865908201207,0.5261837181510237,0.5734337056524246,0.6200866422338402,0.6657612585390962,0.710154202869503,0.753042318134307,0.7942790902225118,0.8337868697774576,0.8715465467047423,0.9075861741325598,0.9419697118382948,0.9747866904605764,1.0061432581321863
PD22,pathway,Transportation,Oil products,Gas/diesel oil excl. biofuels,NONBIODIES,Final consumption,CO2e,HEAVYROAD,Mt,0.0,0.0,0.0,0.0,0.0,0.0,0.0,0.0,0.0,0.0,0.0,0.0,0.0,0.0,0.0,0.0,0.0,0.0,0.0,0.0,0.0,0.0,0.0,0.0,0.0,0.0,0.0,0.0,0.0,0.0,0.0,0.0096182607266388,0.0213962428850548,0.035631837465463,0.0526327205454038,0.0727053381500677,0.0961403862412804,0.1231949694345215,0.1540721738322584,0.188899460290263,0.2277079719435824,0.2704153907442326,0.3168151743976617,0.3665746819018406,0.4192437756672942,0.4742740578746761,0.5310472263556942,0.5889095120877096,0.6472081772257391,0.7053258597571919,0.7627091671563384,0.818889136518152,0.8734926439826682,0.9262452053935752,0.9769666077806786,1.0255613421100556,1.0720059028855502,1.1163347955723386,1.1586266909644998,1.198991712122541,1.237560421694382
PD22,pathway,Transportation,Oil products,Gas/diesel oil excl. biofuels,NONBIODIES,Final consumption,CO2e,LIGHTROAD,Mt,0.0,0.0,0.0,0.0,0.0,0.0,0.0,0.0,0.0,0.0,0.0,0.0,0.0,0.0,0.0,0.0,0.0,0.0,0.0,0.0,0.0,0.0,0.0,0.0,0.0,0.0,0.0,0.0,0.0,0.0,0.0,0.0093836690015989,0.0208743833024923,0.0347627682589883,0.0513489956540523,0.0709320372195783,0.0937954987719809,0.12019021408246,0.1503143159339107,0.1842921563807446,0.2221541189693486,0.2638198934090076,0.3090879750221091,0.3576338360017958,0.4090183177241896,0.4627063979265135,0.5180948549811655,0.5745458654514242,0.6314226119275506,0.688122790007017,0.7441065045427695,0.7989162307494169,0.8521879453489447,0.9036538589205616,0.9531381539323696,1.0005476508390787,1.045859417449317,1.089107117631551,1.1303675033800005,1.1697480118268704,1.2073760211652511
PD22,pathway,Transportation,Oil products,Gas/diesel oil excl. biofuels,NONBIODIES,Final consumption,CO2e,MEDIUMROAD,Mt,0.0,0.0,0.0,0.0,0.0,0.0,0.0,0.0,0.0,0.0,0.0,0.0,0.0,0.0,0.0,0.0,0.0,0.0,0.0,0.0,0.0,0.0,0.0,0.0,0.0,0.0,0.0,0.0,0.0,0.0,0.0,0.0025805089754397,0.0057404554081854,0.0095597612712218,0.0141209738048643,0.0195063102353841,0.0257937621622947,0.0330523088726764,0.0413364368818254,0.0506803430047048,0.0610923827165708,0.0725504706874771,0.08499919313108,0.0983493049004937,0.1124800373741522,0.1272442594297911,0.1424760851198205,0.1580001129991415,0.1736412182800764,0.1892337672519297,0.2046292887492616,0.2197019634560897,0.2343516849709598,0.2485048112031543,0.2621129923314015,0.2751506039807466,0.2876113397985622,0.2995044573486762,0.3108510634295001,0.3216807032523892,0.3320284058204441
PD22,pathway,Transportation,Oil products,Gas/diesel oil excl. biofuels,NONBIODIES,Final consumption,CO2e,TTROAD,Mt,0.0,0.0,0.0,0.0,0.0,0.0,0.0,0.0,0.0,0.0,0.0,0.0,0.0,0.0,0.0,0.0,0.0,0.0,0.0,0.0,0.0,0.0,0.0,0.0,0.0,0.0,0.0,0.0,0.0,0.0,0.0,0.0018767338003197,0.0041748766604984,0.0069525536517976,0.0102697991308104,0.0141864074439157,0.0187590997543962,0.0240380428164919,0.0300628631867821,0.0368584312761489,0.0444308237938698,0.0527639786818015,0.0618175950044219,0.0715267672003591,0.0818036635448379,0.0925412795853027,0.1036189709962331,0.1149091730902848,0.12628452238551,0.1376245580014033,0.1488213009085539,0.1597832461498833,0.170437589069789,0.1807307717841124,0.1906276307864738,0.2001095301678156,0.2091718834898636,0.2178214235263102,0.2260735006760002,0.2339496023653741,0.2414752042330503
PD22,pathway,Transportation,Oil products,Kerosene type jet fuel excl. biofuels,NONBIOJETK,Final consumption,CO2e,AVBUNK,Mt,0.0,0.0,0.0,0.0,0.0,0.0,0.0,0.0,0.0,0.0,0.0,0.0,0.0,0.0,0.0,0.0,0.0,0.0,0.0,0.0,0.0,0.0,0.0,0.0,0.0,0.0,0.0,0.0,0.0,0.0,0.0,0.0102641053787092,0.0228329526431337,0.038024435495871,0.0561668897735276,0.077587338665102,0.1025959977147702,0.1314672355367375,0.1644177750101113,0.2015836357014726,0.242998051937591,0.2885731781980458,0.3380886033360927,0.3911893502519066,0.4473950556256935,0.5061204979535661,0.566705857462324,0.6284534660046353,0.6906667558520942,0.7526869105165499,0.8139233784043904,0.8738757068025222,0.932145717420001,0.9884404951045722,1.0425677259889723,1.0944254878216984,1.1439886967652064,1.191294175249329,1.2364258766356546,1.2795013185014044,1.3206598304836994
PD22,pathway,Transportation,Oil products,Motor gasoline excl. biofuels,NONBIOGASO,Final consumption,CO2e,HEAVYROAD,Mt,0.0,0.0,0.0,0.0,0.0,0.0,0.0,0.0,0.0,0.0,0.0,0.0,0.0,0.0,0.0,0.0,0.0,0.0,0.0,0.0,0.0,0.0,0.0,0.0,0.0,0.0,0.0,0.0,0.0,0.0,0.0,0.0109702396850605,0.0244037793817265,0.0406403827599135,0.0600309740055942,0.0829250743516011,0.1096542410791664,0.1405117183969996,0.1757291389551287,0.2154518799873408,0.2597154622250568,0.3084259966853879,0.3613479087108426,0.4181018000271335,0.4781742600096006,0.5409398059756708,0.6056932248752158,0.671688851449115,0.7381821965621207,0.804469119471632,0.8699184407139483,0.9339952781915926,0.9962740603493372,1.0564417205039136,1.114292714271201,1.169718107507696,1.2226910906961632,1.2732510195199414,1.321487623036266,1.367526503617848,1.411516576290211
PD22,pathway,Transportation,Oil products,Motor gasoline excl. biofuels,NONBIOGASO,Final consumption,CO2e,LIGHTROAD,Mt,0.0,0.0,0.0,0.0,0.0,0.0,0.0,0.0,0.0,0.0,0.0,0.0,0.0,0.0,0.0,0.0,0.0,0.0,0.0,0.0,0.0,0.0,0.0,0.0,0.0,0.0,0.0,0.0,0.0,0.0,0.0,0.0107026728634735,0.0238085652504649,0.0396491539121107,0.0585668039078968,0.0809025115625378,0.1069797473943087,0.1370846033141459,0.1714430623952475,0.2101969560852106,0.2533809387561531,0.3009034114003787,0.3525345450837491,0.407904195148423,0.4665114731800986,0.5277461521713863,0.5909202193904548,0.6553061965357223,0.7201777527435327,0.7848479214357393,0.8487009177697059,0.911214905552774,0.9719746930237444,1.030674849272112,1.0871148431914162,1.141188397568485,1.1928693567767454,1.2421961166048214,1.2892562175963571,1.3341721986515598,1.377089342722158
PD22,pathway,Transportation,Oil products,Motor gasoline excl. biofuels,NONBIOGASO,Final consumption,CO2e,MEDIUMROAD,Mt,0.0,0.0,0.0,0.0,0.0,0.0,0.0,0.0,0.0,0.0,0.0,0.0,0.0,0.0,0.0,0.0,0.0,0.0,0.0,0.0,0.0,0.0,0.0,0.0,0.0,0.0,0.0,0.0,0.0,0.0,0.0,0.0029432350374553,0.0065473554438778,0.0109035173258305,0.0161058710746717,0.0222481906796978,0.0294194305334349,0.0376982659113901,0.047146842158693,0.0578041629234328,0.0696797581579422,0.0827484381351041,0.0969469998980311,0.1121736536658163,0.128290655124527,0.1451301918471312,0.1625030603323751,0.1802092040473237,0.1980488820044715,0.2158331783948281,0.2333927523866691,0.2505840990270128,0.2672930405815296,0.2834355835498306,0.2989565818776393,0.3138268093313331,0.3280390731136048,0.3416039320663258,0.3545454598389981,0.3668973546291788,0.3786995692485933
PD22,pathway,Transportation,Oil products,Motor gasoline excl. biofuels,NONBIOGASO,Final consumption,CO2e,TTROAD,Mt,0.0,0.0,0.0,0.0,0.0,0.0,0.0,0.0,0.0,0.0,0.0,0.0,0.0,0.0,0.0,0.0,0.0,0.0,0.0,0.0,0.0,0.0,0.0,0.0,0.0,0.0,0.0,0.0,0.0,0.0,0.0,0.0021405345726946,0.004761713050093,0.0079298307824222,0.0117133607815794,0.0161805023125075,0.0213959494788618,0.0274169206628291,0.0342886124790494,0.042039391217042,0.0506761877512305,0.0601806822800757,0.0705069090167498,0.0815808390296845,0.0933022946360197,0.1055492304342771,0.1181840438780909,0.1310612393071444,0.1440355505487065,0.1569695842871477,0.1697401835539411,0.1822429811105547,0.1943949386047488,0.2061349698544223,0.2174229686382831,0.2282376795136969,0.238573871355349,0.248439223320964,0.2578512435192714,0.2668344397303118,0.2754178685444314
