scenario,sector,product_category,product_long,flow_category,flow_long,1990,1991,1992,1993,1994,1995,1996,1997,1998,1999,2000,2001,2002,2003,2004,2005,2006,2007,2008,2009,2010,2011,2012,2013,2014,2015,2016,2017,2018,2019,2020,2021,2022,2023,2024,2025,2026,2027,2028,2029,2030,2031,2032,2033,2034,2035,2036,2037,2038,2039,2040,2041,2042,2043,2044,2045,2046,2047,2048,2049,2050
pathway,Agriculture,Emissions,Agroforestry,Emissions,CO2e,0.0,0.0,0.0,0.0,0.0,0.0,0.0,0.0,0.0,0.0,0.0,0.0,0.0,0.0,0.0,0.0,0.0,0.0,0.0,0.0,0.0,0.0,0.0015270275360585,0.0040134621490717,0.0074256269058789,0.0123077654725766,0.0186069368960183,0.026270200223068,0.0347088141813941,0.045101976172288,0.057374129308461,0.0714497167026246,0.0852716309952218,0.0988303669813732,0.116123537990697,0.1370080682004967,0.1578460369298633,0.1786108631847072,0.1992759659709395,0.2216247979506786,0.2455704436746283,0.2683280137302103,0.28990052456299,0.3102909932436587,0.3295024368495506,0.3475378724661062,0.3644003171886593,0.3800927881246149,0.3946183023961113,0.4079798771432646,0.4201805295281299,0.4312232767395344,0.4411111359989783,0.4498980254856995,0.4576206394428826,0.4643156721730866,0.4700390820713022,0.4748468276209387,0.4787948674133072,0.4819213001607542,0.484304700681104
pathway,Agriculture,Emissions,Biochar,Emissions,CO2e,0.0,5.836308336359172e-05,0.0001731438139786,0.0002840336723694,0.0003910326585359,0.0004941407724782,0.0005933580141963,0.0006886843836902,0.0008101993162317,0.0009569001639787,0.0011277842790886,0.0013218490137191,0.0015380917200278,0.0017905045731287,0.0020775850977476,0.0023978308186102,0.0027497392604422,0.0031318079479693,0.0037161870262637,0.0044955855993729,0.0054627127713444,0.0066102776462257,0.0079309893280642,0.0094158958177656,0.0110577615894823,0.012963308778857,0.0151215032713256,0.017521310952324,0.0200460455615069,0.0229276330132252,0.0261505796547502,0.0296993918333529,0.033169787971744,0.0365612442986626,0.0406614379661195,0.0454415615547623,0.0501836743147529,0.0548819399377549,0.0595305221154321,0.0644814998893985,0.0697181425090899,0.0746917174160477,0.0794032271407937,0.0838536743371155,0.0880445614875427,0.0919773910762032,0.0956536655891757,0.0990748875149193,0.1022425593447981,0.1051639719943995,0.1078464163836368,0.1102971834377027,0.1125235640882323,0.1145328492747223,0.1163322745761587,0.1179290755832354,0.1193342864896497,0.1205589415065344,0.1216140748662985,0.1225071990891228,0.1232538080032307
pathway,Agriculture,Emissions,Burning - Crop residues,Emissions,CO2e,0.0,0.0,0.0,0.0,0.0,0.0,0.0,0.0,0.0,0.0,0.0,0.0,0.0,0.0,0.0,0.0,0.0,0.0,0.0,0.0,0.0,0.0,0.0,0.0,0.0,0.0,0.0,0.0,0.0,0.0,0.0,0.0,0.0,0.0,0.0,0.0,0.0,0.0,0.0,0.0,0.0,0.0,0.0,0.0,0.0,0.0,0.0,0.0,0.0,0.0,0.0,0.0,0.0,0.0,0.0,0.0,0.0,0.0,0.0,0.0,0.0
pathway,Agriculture,Emissions,Crop Residues,Emissions,CO2e,0.0,0.0,0.0,0.0,0.0,0.0,0.0,0.0,0.0,0.0,0.0,0.0,0.0,0.0,0.0,0.0,0.0,0.0,0.0,0.0,0.0,0.0,0.0,0.0,0.0,0.0,0.0,0.0,0.0,0.0,0.0,0.0,0.0,0.0,0.0,0.0,0.0,0.0,0.0,0.0,0.0,0.0,0.0,0.0,0.0,0.0,0.0,0.0,0.0,0.0,0.0,0.0,0.0,0.0,0.0,0.0,0.0,0.0,0.0,0.0,0.0
pathway,Agriculture,Emissions,Cropland Soil Health,Emissions,CO2e,0.0,0.0001119010145453,0.0003319730098179,0.0005445849374541,0.000749736797454,0.0009474285898175,0.0011376603145446,0.0013204319716354,0.0015534156224324,0.0018346888648909,0.0021623292969662,0.0025344145166135,0.0029490221217881,0.0034329796634129,0.0039834064076777,0.0045974216207721,0.0052721445688857,0.0060046945182083,0.0071251392920536,0.008619499871374,0.0104737972371215,0.0126740523702484,0.0152062862517068,0.0180533349874194,0.0212013257208396,0.0248548794994623,0.0289928403366058,0.0335940522455886,0.0384347897108342,0.0439597301486052,0.050139167187006,0.0569433944541412,0.0635972726658359,0.0700997975822159,0.0779612025111265,0.0871262542594908,0.0962184268855615,0.1052265302878839,0.1141393743650035,0.1236320091603075,0.1336723563829592,0.1432083172323682,0.1522418138856376,0.1607747687562111,0.1688100625918096,0.1763505761432189,0.1833991901649647,0.1899587854161371,0.1960322426613959,0.2016335409574353,0.2067766593692439,0.2114755769719325,0.2157442728529638,0.2195967261148744,0.2230468097160943,0.2261083966375013,0.2288026430175014,0.2311507050279292,0.2331737388814135,0.2348861485227356,0.2363176406602707
pathway,Agriculture,Emissions,Enteric Fermentation,Emissions,CO2e,0.0,0.0,0.0,0.0,0.0,0.0,0.0,0.0,0.0,0.0,0.0,0.0,0.0,0.0,0.0,0.0,0.0,0.0,0.0,0.0,0.0,0.0,0.0,0.0,0.0,0.0,0.0,0.0,0.0,0.0,0.0,0.0,0.0,0.0,0.0,0.0,0.0,0.0,0.0,0.0,0.0,0.0,0.0,0.0,0.0,0.0,0.0,0.0,0.0,0.0,0.0,0.0,0.0,0.0,0.0,0.0,0.0,0.0,0.0,0.0,0.0
pathway,Agriculture,Emissions,Enteric Fermentation,Emissions,CO2e,0.0,0.0,0.0,0.0,0.0,0.0,0.0,0.0,0.0,0.0,0.0,0.0,0.0,0.0,0.0,0.0,0.0,0.0,0.0,0.0,0.0,0.0,0.0,0.0,0.0,0.0,0.0,0.0,0.0,0.0,0.0,5.438022697878964e-05,0.0001138031122361,0.0001788455222817,0.0002501366293891,0.0003283547570072,0.0004142214986271,0.0005084929521121,0.0006119482944472,0.0007253764713355,0.0008495624698028,0.0009852754148391,0.0011332614771424,0.0012942451737891,0.0014689429894838,0.0016580933354037,0.0018625068448039,0.0020831412418281,0.0023212061361693,0.002578306059111,0.0028566364072853,0.0031592594362906,0.0034905115645085,0.0038566413480863,0.0042668796882932,0.0047353807592599,0.0052850859870448,0.0059564016929207,0.0068303139053166,0.0081091946270422,0.0106009044762665
pathway,Agriculture,Emissions,Fertilized Soils,Emissions,CO2e,0.0,0.0,0.0,0.0,0.0,0.0,0.0,0.0,0.0,0.0,0.0,0.0,0.0,0.0,0.0,0.0,0.0,0.0,0.0,0.0,0.0,0.0,0.0,0.0,0.0,0.0,0.0,0.0,0.0,0.0,0.0,3.1981330909591765e-05,6.692827877299856e-05,0.0001051801021726,0.0001471068210187,0.0001931073613156,0.000243606096434,0.0002990476919687,0.0003598903864812,0.0004265981635738,0.0004996326787274,0.0005794462588661,0.0006664777313603,0.0007611531889588,0.0008638940005245,0.0009751344300084,0.001095351215589,0.0012251076004611,0.0013651149631901,0.0015163169380486,0.0016800046506919,0.0018579790316241,0.0020527903539676,0.0022681134302955,0.0025093770078659,0.0027849052396252,0.0031081901129934,0.0035029948228534,0.0040169477282274,0.0047690649926787,0.0062344541910362
pathway,Agriculture,Emissions,Improved Rice,Emissions,CO2e,0.0,0.0,0.0,0.0,0.0,0.0,0.0,0.0,0.0,0.0,0.0,0.0,0.0,0.0,0.0,0.0,0.0,0.0,0.0,0.0,0.0,0.0,0.0,0.0,0.0,0.0,0.0,0.0,0.0,0.0,0.0,0.0,0.0,0.0,0.0,0.0,0.0,0.0,0.0,0.0,0.0,0.0,0.0,0.0,0.0,0.0,0.0,0.0,0.0,0.0,0.0,0.0,0.0,0.0,0.0,0.0,0.0,0.0,0.0,0.0,0.0
pathway,Agriculture,Emissions,Manure Management,Emissions,CO2e,0.0,0.0,0.0,0.0,0.0,0.0,0.0,0.0,0.0,0.0,0.0,0.0,0.0,0.0,0.0,0.0,0.0,0.0,0.0,0.0,0.0,0.0,0.0,0.0,0.0,0.0,0.0,0.0,0.0,0.0,0.0,0.0,0.0,0.0,0.0,0.0,0.0,0.0,0.0,0.0,0.0,0.0,0.0,0.0,0.0,0.0,0.0,0.0,0.0,0.0,0.0,0.0,0.0,0.0,0.0,0.0,0.0,0.0,0.0,0.0,0.0
pathway,Agriculture,Emissions,Manure Management,Emissions,CO2e,0.0,0.0,0.0,0.0,0.0,0.0,0.0,0.0,0.0,0.0,0.0,0.0,0.0,0.0,0.0,0.0,0.0,0.0,0.0,0.0,0.0,0.0,0.0,0.0,0.0,0.0,0.0,0.0,0.0,0.0,0.0,7.4462760297489e-05,0.0001558304247399,0.0002448928957422,0.000342511697921,0.0004496156585209,0.0005671928543882,0.0006962786091515,0.0008379398486458,0.0009932568749965,0.0011633045697184,0.0013491360944646,0.0015517731796125,0.0017722079052693,0.0020114213528271,0.0022704246275642,0.0025503277283362,0.0028524420653255,0.0031784239552042,0.0035304704801663,0.0039115877934085,0.0043259690367625,0.0047795520611801,0.0052808930048834,0.0058426317266362,0.0064841495150808,0.0072368600292689,0.0081560915821297,0.0093527382165421,0.0111039076014766,0.0145158020260117
pathway,Agriculture,Emissions,Manure applied to Soils,Emissions,CO2e,0.0,0.0,0.0,0.0,0.0,0.0,0.0,0.0,0.0,0.0,0.0,0.0,0.0,0.0,0.0,0.0,0.0,0.0,0.0,0.0,0.0,0.0,0.0,0.0,0.0,0.0,0.0,0.0,0.0,0.0,0.0,0.0,0.0,0.0,0.0,0.0,0.0,0.0,0.0,0.0,0.0,0.0,0.0,0.0,0.0,0.0,0.0,0.0,0.0,0.0,0.0,0.0,0.0,0.0,0.0,0.0,0.0,0.0,0.0,0.0,0.0
pathway,Agriculture,Emissions,Manure left on Pasture,Emissions,CO2e,0.0,0.0,0.0,0.0,0.0,0.0,0.0,0.0,0.0,0.0,0.0,0.0,0.0,0.0,0.0,0.0,0.0,0.0,0.0,0.0,0.0,0.0,0.0,0.0,0.0,0.0,0.0,0.0,0.0,0.0,0.0,0.0,0.0,0.0,0.0,0.0,0.0,0.0,0.0,0.0,0.0,0.0,0.0,0.0,0.0,0.0,0.0,0.0,0.0,0.0,0.0,0.0,0.0,0.0,0.0,0.0,0.0,0.0,0.0,0.0,0.0
pathway,Agriculture,Emissions,Nitrogen Fertilizer Management,Emissions,CO2e,0.0,0.0,0.0,0.0,0.0,0.0,0.0,0.0,0.0,0.0,0.0,0.0,0.0,0.0,0.0,0.0,0.0,0.0,0.0,0.0,0.0,0.0,0.0,0.0,0.0,0.0,0.0,0.0,0.0,0.0,0.0,0.0,0.0,0.0,0.0,0.0,0.0,0.0,0.0,0.0,0.0,0.0,0.0,0.0,0.0,0.0,0.0,0.0,0.0,0.0,0.0,0.0,0.0,0.0,0.0,0.0,0.0,0.0,0.0,0.0,0.0
pathway,Agriculture,Emissions,Optimal Intensity,Emissions,CO2e,0.0,0.0,0.0,0.0,0.0,0.0,0.0,0.0,0.0,0.0,0.0,0.0,0.0,0.0,0.0,0.0,0.0,0.0,0.0,0.0,0.0,0.0,0.0,0.0,0.0,0.0,0.0,0.0,0.0,0.0,0.0,0.0006390508145399,0.0013135693224994,0.0020216632109703,0.0051463013786615,0.0106060961389442,0.0162396814189225,0.0220350021448433,0.0279800032429539,0.0351398822890666,0.0434666757877764,0.0513067044657225,0.0586655283471801,0.0655487078284724,0.0719618033098753,0.0779103751964898,0.0833999838993048,0.0884361898364939,0.0930245534349984,0.09717063513246,0.1008799953795769,0.1041581946429815,0.1070107934087514,0.1094433521866924,0.1114614315155679,0.1130705919694773,0.114276394165644,0.1150843987739141,0.1155001665283522,0.1155292582413896,0.1151772348210909
pathway,Agriculture,Emissions,Other Agricultural,Emissions,CO2e,0.0,0.0,0.0,0.0,0.0,0.0,0.0,0.0,0.0,0.0,0.0,0.0,0.0,0.0,0.0,0.0,0.0,0.0,0.0,0.0,0.0,0.0,0.0,0.0,0.0,0.0,0.0,0.0,0.0,0.0,0.0,0.0,0.0,0.0,0.0,0.0,0.0,0.0,0.0,0.0,0.0,0.0,0.0,0.0,0.0,0.0,0.0,0.0,0.0,0.0,0.0,0.0,0.0,0.0,0.0,0.0,0.0,0.0,0.0,0.0,0.0
pathway,Agriculture,Emissions,Rice Cultivation,Emissions,CO2e,0.0,0.0,0.0,0.0,0.0,0.0,0.0,0.0,0.0,0.0,0.0,0.0,0.0,0.0,0.0,0.0,0.0,0.0,0.0,0.0,0.0,0.0,0.0,0.0,0.0,0.0,0.0,0.0,0.0,0.0,0.0,0.0,0.0,0.0,0.0,0.0,0.0,0.0,0.0,0.0,0.0,0.0,0.0,0.0,0.0,0.0,0.0,0.0,0.0,0.0,0.0,0.0,0.0,0.0,0.0,0.0,0.0,0.0,0.0,0.0,0.0
pathway,Agriculture,Emissions,Synthetic Fertilizers,Emissions,CO2e,0.0,0.0,0.0,0.0,0.0,0.0,0.0,0.0,0.0,0.0,0.0,0.0,0.0,0.0,0.0,0.0,0.0,0.0,0.0,0.0,0.0,0.0,0.0,0.0,0.0,0.0,0.0,0.0,0.0,0.0,0.0,0.0,0.0,0.0,0.0,0.0,0.0,0.0,0.0,0.0,0.0,0.0,0.0,0.0,0.0,0.0,0.0,0.0,0.0,0.0,0.0,0.0,0.0,0.0,0.0,0.0,0.0,0.0,0.0,0.0,0.0
pathway,Commercial,Electricity and Heat,Electricity,Final consumption,CO2e,0.0,0.0,0.0,0.0,0.0,0.0,0.0,0.0,0.0,0.0,0.0,0.0,0.0,0.0,0.0,0.0,0.0,0.0,0.0,0.0,0.0,0.0,0.0,0.0,0.0,0.0,0.0,0.0,0.0,0.0,0.0,0.0,0.0,0.0,0.0,0.0,0.0,0.0,0.0,0.0,0.0,0.0,0.0,0.0,0.0,0.0,0.0,0.0,0.0,0.0,0.0,0.0,0.0,0.0,0.0,0.0,0.0,0.0,0.0,0.0,0.0
pathway,Commercial,Electricity and Heat,Solar thermal,Final consumption,CO2e,0.0,0.0,0.0,0.0,0.0,0.0,0.0,0.0,0.0,0.0,0.0,0.0,0.0,0.0,0.0,0.0,0.0,0.0,0.0,0.0,0.0,0.0,0.0,0.0,0.0,0.0,0.0,0.0,0.0,0.0,0.0,0.0,0.0,0.0,0.0,0.0,0.0,0.0,0.0,0.0,0.0,0.0,0.0,0.0,0.0,0.0,0.0,0.0,0.0,0.0,0.0,0.0,0.0,0.0,0.0,0.0,0.0,0.0,0.0,0.0,0.0
pathway,Commercial,Emissions,Commercial Buildings,Emissions,CO2e,0.0,0.0,0.0,0.0,0.0,0.0,0.0,0.0,0.0,0.0,0.0,0.0,0.0,0.0,0.0,0.0,0.0,0.0,0.0,0.0,0.0,0.0,0.0,0.0,0.0,0.0,0.0,0.0,0.0,0.0,0.0,0.0,0.0,0.0,0.0,0.0,0.0,0.0,0.0,0.0,0.0,0.0,0.0,0.0,0.0,0.0,0.0,0.0,0.0,0.0,0.0,0.0,0.0,0.0,0.0,0.0,0.0,0.0,0.0,0.0,0.0
pathway,Electric Power,Biofuels and Waste,Biogases,Electricity output,CO2e,0.0,0.0,0.0,0.0,0.0,0.0,0.0,0.0,0.0,0.0,0.0,0.0,0.0,0.0,0.0,0.0,0.0,0.0,0.0,0.0,0.0,0.0,0.0,0.0,0.0,0.0,0.0,0.0,0.0,0.0,0.0,0.0,0.0,0.0,0.0,0.0,0.0,0.0,0.0,0.0,0.0,0.0,0.0,0.0,0.0,0.0,0.0,0.0,0.0,0.0,0.0,0.0,0.0,0.0,0.0,0.0,0.0,0.0,0.0,0.0,0.0
pathway,Electric Power,Biofuels and Waste,Biogases,Transformation processes,CO2e,0.0,0.0,0.0,0.0,0.0,0.0,0.0,0.0,0.0,0.0,0.0,0.0,0.0,0.0,0.0,0.0,0.0,0.0,0.0,0.0,0.0,0.0,0.0,0.0,0.0,0.0,0.0,0.0,0.0,0.0,0.0,0.0,0.0,0.0,0.0,0.0,0.0,0.0,0.0,0.0,0.0,0.0,0.0,0.0,0.0,0.0,0.0,0.0,0.0,0.0,0.0,0.0,0.0,0.0,0.0,0.0,0.0,0.0,0.0,0.0,0.0
pathway,Electric Power,Electricity and Heat,Electricity,Energy industry own use and Losses,CO2e,0.0,0.0,0.0,0.0,0.0,0.0,0.0,0.0,0.0,0.0,0.0,0.0,0.0,0.0,0.0,0.0,0.0,0.0,0.0,0.0,0.0,0.0,0.0,0.0,0.0,0.0,0.0,0.0,0.0,0.0,0.0,0.0,0.0,0.0,0.0,0.0,0.0,0.0,0.0,0.0,0.0,0.0,0.0,0.0,0.0,0.0,0.0,0.0,0.0,0.0,0.0,0.0,0.0,0.0,0.0,0.0,0.0,0.0,0.0,0.0,0.0
pathway,Electric Power,Electricity and Heat,Electricity,Energy industry own use and Losses,CO2e,0.0,0.0,0.0,0.0,0.0,0.0,0.0,0.0,0.0,0.0,0.0,0.0,0.0,0.0,0.0,0.0,0.0,0.0,0.0,0.0,0.0,0.0,0.0,0.0,0.0,0.0,0.0,0.0,0.0,0.0,0.0,0.0,0.0,0.0,0.0,0.0,0.0,0.0,0.0,0.0,0.0,0.0,0.0,0.0,0.0,0.0,0.0,0.0,0.0,0.0,0.0,0.0,0.0,0.0,0.0,0.0,0.0,0.0,0.0,0.0,0.0
pathway,Electric Power,Electricity and Heat,Electricity,Transformation processes,CO2e,0.0,0.0,0.0,0.0,0.0,0.0,0.0,0.0,0.0,0.0,0.0,0.0,0.0,0.0,0.0,0.0,0.0,0.0,0.0,0.0,0.0,0.0,0.0,0.0,0.0,0.0,0.0,0.0,0.0,0.0,0.0,0.0,0.0,0.0,0.0,0.0,0.0,0.0,0.0,0.0,0.0,0.0,0.0,0.0,0.0,0.0,0.0,0.0,0.0,0.0,0.0,0.0,0.0,0.0,0.0,0.0,0.0,0.0,0.0,0.0,0.0
pathway,Electric Power,Electricity and Heat,Electricity,Transformation processes,CO2e,0.0,0.0,0.0,0.0,0.0,0.0,0.0,0.0,0.0,0.0,0.0,0.0,0.0,0.0,0.0,0.0,0.0,0.0,0.0,0.0,0.0,0.0,0.0,0.0,0.0,0.0,0.0,0.0,0.0,0.0,0.0,0.0,0.0,0.0,0.0,0.0,0.0,0.0,0.0,0.0,0.0,0.0,0.0,0.0,0.0,0.0,0.0,0.0,0.0,0.0,0.0,0.0,0.0,0.0,0.0,0.0,0.0,0.0,0.0,0.0,0.0
pathway,Electric Power,Electricity and Heat,Hydro,Electricity output,CO2e,0.0,0.0,0.0,0.0,0.0,0.0,0.0,0.0,0.0,0.0,0.0,0.0,0.0,0.0,0.0,0.0,0.0,0.0,0.0,0.0,0.0,0.0,0.0,0.0,0.0,0.0,0.0,0.0,0.0,0.0,0.0,0.0,0.0,0.0,0.0,0.0,0.0,0.0,0.0,0.0,0.0,0.0,0.0,0.0,0.0,0.0,0.0,0.0,0.0,0.0,0.0,0.0,0.0,0.0,0.0,0.0,0.0,0.0,0.0,0.0,0.0
pathway,Electric Power,Electricity and Heat,Hydro,Transformation processes,CO2e,0.0,0.0,0.0,0.0,0.0,0.0,0.0,0.0,0.0,0.0,0.0,0.0,0.0,0.0,0.0,0.0,0.0,0.0,0.0,0.0,0.0,0.0,0.0,0.0,0.0,0.0,0.0,0.0,0.0,0.0,0.0,0.0,0.0,0.0,0.0,0.0,0.0,0.0,0.0,0.0,0.0,0.0,0.0,0.0,0.0,0.0,0.0,0.0,0.0,0.0,0.0,0.0,0.0,0.0,0.0,0.0,0.0,0.0,0.0,0.0,0.0
pathway,Electric Power,Electricity and Heat,Offshore wind energy,Electricity output,CO2e,,,,,,,,,,,,,,,,,,,,,,,,,,,,,,,,,,,,,,,,,,,,,,,,,,,,,,,,,,,,,
pathway,Electric Power,Electricity and Heat,Offshore wind energy,Electricity output,CO2e,,,,,,,,,,,,,,,,,,,,,,,,,,,,,,,,,,,,,,,,,,,,,,,,,,,,,,,,,,,,,
pathway,Electric Power,Electricity and Heat,Offshore wind energy,Transformation processes,CO2e,,,,,,,,,,,,,,,,,,,,,,,,,,,,,,,,,,,,,,,,,,,,,,,,,,,,,,,,,,,,,
pathway,Electric Power,Electricity and Heat,Offshore wind energy,Transformation processes,CO2e,,,,,,,,,,,,,,,,,,,,,,,,,,,,,,,,,,,,,,,,,,,,,,,,,,,,,,,,,,,,,
pathway,Electric Power,Electricity and Heat,Onshore wind energy,Electricity output,CO2e,0.0,0.0,0.0,0.0,0.0,0.0,0.0,0.0,0.0,0.0,0.0,0.0,0.0,0.0,0.0,0.0,0.0,0.0,0.0,0.0,0.0,0.0,0.0,0.0,0.0,0.0,0.0,0.0,0.0,0.0,0.0,0.0,0.0,0.0,0.0,0.0,0.0,0.0,0.0,0.0,0.0,0.0,0.0,0.0,0.0,0.0,0.0,0.0,0.0,0.0,0.0,0.0,0.0,0.0,0.0,0.0,0.0,0.0,0.0,0.0,0.0
pathway,Electric Power,Electricity and Heat,Onshore wind energy,Electricity output,CO2e,,,,,,,,,,,,,,,,,,,,,,,,,,,,,,,,,,,,,,,,,,,,,,,,,,,,,,,,,,,,,
pathway,Electric Power,Electricity and Heat,Onshore wind energy,Transformation processes,CO2e,0.0,0.0,0.0,0.0,0.0,0.0,0.0,0.0,0.0,0.0,0.0,0.0,0.0,0.0,0.0,0.0,0.0,0.0,0.0,0.0,0.0,0.0,0.0,0.0,0.0,0.0,0.0,0.0,0.0,0.0,0.0,0.0,0.0,0.0,0.0,0.0,0.0,0.0,0.0,0.0,0.0,0.0,0.0,0.0,0.0,0.0,0.0,0.0,0.0,0.0,0.0,0.0,0.0,0.0,0.0,0.0,0.0,0.0,0.0,0.0,0.0
pathway,Electric Power,Electricity and Heat,Onshore wind energy,Transformation processes,CO2e,,,,,,,,,,,,,,,,,,,,,,,,,,,,,,,,,,,,,,,,,,,,,,,,,,,,,,,,,,,,,
pathway,Electric Power,Electricity and Heat,Rooftop solar photovoltaics,Electricity output,CO2e,0.0,0.0,0.0,0.0,0.0,0.0,0.0,0.0,0.0,0.0,0.0,0.0,0.0,0.0,0.0,0.0,0.0,0.0,0.0,0.0,0.0,0.0,0.0,0.0,0.0,0.0,0.0,0.0,0.0,0.0,0.0,0.0,0.0,0.0,0.0,0.0,0.0,0.0,0.0,0.0,0.0,0.0,0.0,0.0,0.0,0.0,0.0,0.0,0.0,0.0,0.0,0.0,0.0,0.0,0.0,0.0,0.0,0.0,0.0,0.0,0.0
pathway,Electric Power,Electricity and Heat,Rooftop solar photovoltaics,Electricity output,CO2e,0.0,0.0,0.0,0.0,0.0,0.0,0.0,0.0,0.0,0.0,0.0,0.0,0.0,0.0,0.0,0.0,0.0,0.0,0.0,0.0,0.0,0.0,0.0,0.0,0.0,0.0,0.0,0.0,0.0,0.0,0.0,0.0,0.0,0.0,0.0,0.0,0.0,0.0,0.0,0.0,0.0,0.0,0.0,0.0,0.0,0.0,0.0,0.0,0.0,0.0,0.0,0.0,0.0,0.0,0.0,0.0,0.0,0.0,0.0,0.0,0.0
pathway,Electric Power,Electricity and Heat,Rooftop solar photovoltaics,Transformation processes,CO2e,0.0,0.0,0.0,0.0,0.0,0.0,0.0,0.0,0.0,0.0,0.0,0.0,0.0,0.0,0.0,0.0,0.0,0.0,0.0,0.0,0.0,0.0,0.0,0.0,0.0,0.0,0.0,0.0,0.0,0.0,0.0,0.0,0.0,0.0,0.0,0.0,0.0,0.0,0.0,0.0,0.0,0.0,0.0,0.0,0.0,0.0,0.0,0.0,0.0,0.0,0.0,0.0,0.0,0.0,0.0,0.0,0.0,0.0,0.0,0.0,0.0
pathway,Electric Power,Electricity and Heat,Rooftop solar photovoltaics,Transformation processes,CO2e,0.0,0.0,0.0,0.0,0.0,0.0,0.0,0.0,0.0,0.0,0.0,0.0,0.0,0.0,0.0,0.0,0.0,0.0,0.0,0.0,0.0,0.0,0.0,0.0,0.0,0.0,0.0,0.0,0.0,0.0,0.0,0.0,0.0,0.0,0.0,0.0,0.0,0.0,0.0,0.0,0.0,0.0,0.0,0.0,0.0,0.0,0.0,0.0,0.0,0.0,0.0,0.0,0.0,0.0,0.0,0.0,0.0,0.0,0.0,0.0,0.0
pathway,Electric Power,Electricity and Heat,Utility solar photovoltaics,Electricity output,CO2e,0.0,0.0,0.0,0.0,0.0,0.0,0.0,0.0,0.0,0.0,0.0,0.0,0.0,0.0,0.0,0.0,0.0,0.0,0.0,0.0,0.0,0.0,0.0,0.0,0.0,0.0,0.0,0.0,0.0,0.0,0.0,0.0,0.0,0.0,0.0,0.0,0.0,0.0,0.0,0.0,0.0,0.0,0.0,0.0,0.0,0.0,0.0,0.0,0.0,0.0,0.0,0.0,0.0,0.0,0.0,0.0,0.0,0.0,0.0,0.0,0.0
pathway,Electric Power,Electricity and Heat,Utility solar photovoltaics,Electricity output,CO2e,0.0,0.0,0.0,0.0,0.0,0.0,0.0,0.0,0.0,0.0,0.0,0.0,0.0,0.0,0.0,0.0,0.0,0.0,0.0,0.0,0.0,0.0,0.0,0.0,0.0,0.0,0.0,0.0,0.0,0.0,0.0,0.0,0.0,0.0,0.0,0.0,0.0,0.0,0.0,0.0,0.0,0.0,0.0,0.0,0.0,0.0,0.0,0.0,0.0,0.0,0.0,0.0,0.0,0.0,0.0,0.0,0.0,0.0,0.0,0.0,0.0
pathway,Electric Power,Electricity and Heat,Utility solar photovoltaics,Transformation processes,CO2e,0.0,0.0,0.0,0.0,0.0,0.0,0.0,0.0,0.0,0.0,0.0,0.0,0.0,0.0,0.0,0.0,0.0,0.0,0.0,0.0,0.0,0.0,0.0,0.0,0.0,0.0,0.0,0.0,0.0,0.0,0.0,0.0,0.0,0.0,0.0,0.0,0.0,0.0,0.0,0.0,0.0,0.0,0.0,0.0,0.0,0.0,0.0,0.0,0.0,0.0,0.0,0.0,0.0,0.0,0.0,0.0,0.0,0.0,0.0,0.0,0.0
pathway,Electric Power,Electricity and Heat,Utility solar photovoltaics,Transformation processes,CO2e,0.0,0.0,0.0,0.0,0.0,0.0,0.0,0.0,0.0,0.0,0.0,0.0,0.0,0.0,0.0,0.0,0.0,0.0,0.0,0.0,0.0,0.0,0.0,0.0,0.0,0.0,0.0,0.0,0.0,0.0,0.0,0.0,0.0,0.0,0.0,0.0,0.0,0.0,0.0,0.0,0.0,0.0,0.0,0.0,0.0,0.0,0.0,0.0,0.0,0.0,0.0,0.0,0.0,0.0,0.0,0.0,0.0,0.0,0.0,0.0,0.0
pathway,Electric Power,Emissions,Fossil Fuel Fires,Emissions,CO2e,0.0,0.0,0.0,0.0,0.0,0.0,0.0,0.0,0.0,0.0,0.0,0.0,0.0,0.0,0.0,0.0,0.0,0.0,0.0,0.0,0.0,0.0,0.0,0.0,0.0,0.0,0.0,0.0,0.0,0.0,0.0,0.0,0.0,0.0,0.0,0.0,0.0,0.0,0.0,0.0,0.0,0.0,0.0,0.0,0.0,0.0,0.0,0.0,0.0,0.0,0.0,0.0,0.0,0.0,0.0,0.0,0.0,0.0,0.0,0.0,0.0
pathway,Electric Power,Emissions,Fossil Fuels,Emissions,CO2e,0.0,0.0,0.0,0.0,0.0,0.0,0.0,0.0,0.0,0.0,0.0,0.0,0.0,0.0,0.0,0.0,0.0,0.0,0.0,0.0,0.0,0.0,0.0,0.0,0.0,0.0,0.0,0.0,0.0,0.0,0.0,0.0033619301065712,0.0070356107450191,0.0110567053355445,0.015464110979666,0.0202997634351387,0.0256082735286771,0.0314363852389298,0.0378322693572084,0.0448447006029013,0.0525222089594858,0.0609123437771828,0.0700612353109448,0.0800136751313047,0.0908139582262119,0.1025077351364274,0.1151451213634295,0.1287853259582103,0.1435031302056089,0.1593977304924436,0.1766048520711294,0.1953138117183854,0.2157926983393672,0.2384278142759495,0.2637898383688188,0.2927538192668493,0.3267380568786304,0.3682405773348129,0.4222681520726077,0.5013319559578182,0.6553760786904572
pathway,Electric Power,Emissions,Fossil fuel Heat,Emissions,CO2e,0.0,0.0,0.0,0.0,0.0,0.0,0.0,0.0,0.0,0.0,0.0,0.0,0.0,0.0,0.0,0.0,0.0,0.0,0.0,0.0,0.0,0.0,0.0,0.0,0.0,0.0,0.0,0.0,0.0,0.0,0.0,0.0,0.0,0.0,0.0,0.0,0.0,0.0,0.0,0.0,0.0,0.0,0.0,0.0,0.0,0.0,0.0,0.0,0.0,0.0,0.0,0.0,0.0,0.0,0.0,0.0,0.0,0.0,0.0,0.0,0.0
pathway,Electric Power,Emissions,"Fugitive Fossil Fuels, Other",Emissions,CO2e,0.0,0.0,0.0,0.0,0.0,0.0,0.0,0.0,0.0,0.0,0.0,0.0,0.0,0.0,0.0,0.0,0.0,0.0,0.0,0.0,0.0,0.0,0.0,0.0,0.0,0.0,0.0,0.0,0.0,0.0,0.0,0.0,0.0,0.0,0.0,0.0,0.0,0.0,0.0,0.0,0.0,0.0,0.0,0.0,0.0,0.0,0.0,0.0,0.0,0.0,0.0,0.0,0.0,0.0,0.0,0.0,0.0,0.0,0.0,0.0,0.0
pathway,Electric Power,Emissions,"Fugitive Natural Gas, Distribution",Emissions,CO2e,0.0,0.0,0.0,0.0,0.0,0.0,0.0,0.0,0.0,0.0,0.0,0.0,0.0,0.0,0.0,0.0,0.0,0.0,0.0,0.0,0.0,0.0,0.0,0.0,0.0,0.0,0.0,0.0,0.0,0.0,0.0,3.353495949900281e-06,7.017960335399531e-06,1.1028967107102466e-05,1.5425315784300953e-05,2.0248836919600083e-05,2.554402942340009e-05,3.1357520006502354e-05,3.7737358613100513e-05,4.4732197600101664e-05,5.239044520270048e-05,6.075953148300048e-05,6.988547096760042e-05,7.981294285749896e-05,9.058613101679824e-05,0.0001022505714613,0.0001148562539668,0.0001284622390451,0.0001431431203752,0.0001589978454876,0.0001761617991373,0.0001948238231576,0.0002152513338923,0.0002378296645571,0.0002631280623165,0.0002920193805637,0.0003259183610831,0.0003673167631461,0.0004212087975789,0.0005000742521558,0.000653731920611
pathway,Electric Power,Emissions,"Fugitive Natural Gas, Production",Emissions,CO2e,0.0,0.0,0.0,0.0,0.0,0.0,0.0,0.0,0.0,0.0,0.0,0.0,0.0,0.0,0.0,0.0,0.0,0.0,0.0,0.0,0.0,0.0,0.0,0.0,0.0,0.0,0.0,0.0,0.0,0.0,0.0,0.0,0.0,0.0,0.0,0.0,0.0,0.0,0.0,0.0,0.0,0.0,0.0,0.0,0.0,0.0,0.0,0.0,0.0,0.0,0.0,0.0,0.0,0.0,0.0,0.0,0.0,0.0,0.0,0.0,0.0
pathway,Electric Power,Emissions,Fugitive Petroleum,Emissions,CO2e,0.0,0.0,0.0,0.0,0.0,0.0,0.0,0.0,0.0,0.0,0.0,0.0,0.0,0.0,0.0,0.0,0.0,0.0,0.0,0.0,0.0,0.0,0.0,0.0,0.0,0.0,0.0,0.0,0.0,0.0,0.0,1.9492176501878436e-10,4.079185530127298e-10,6.410580978708561e-10,8.965956194945904e-10,1.1769625164131764e-09,1.4847452853139866e-09,1.8226541011656358e-09,2.1934818642866077e-09,2.600056490216481e-09,3.045191704920978e-09,3.531644378107421e-09,4.062089101582761e-09,4.6391228514023256e-09,5.265313812196849e-09,5.943308762365011e-09,6.676013354817225e-09,7.466860478507009e-09,8.320185886876894e-09,9.241740899611411e-09,1.0239394748050996e-08,1.13241238532084e-08,1.2511471775157636e-08,1.3823835985565969e-08,1.5294303944123852e-08,1.6973610205599134e-08,1.894398655731151e-08,2.1350266367895345e-08,2.4482737863057643e-08,2.90667880109951e-08,3.7998131418488055e-08
pathway,Electric Power,Emissions,Fugitive Solid Fuels,Emissions,CO2e,0.0,0.0,0.0,0.0,0.0,0.0,0.0,0.0,0.0,0.0,0.0,0.0,0.0,0.0,0.0,0.0,0.0,0.0,0.0,0.0,0.0,0.0,0.0,0.0,0.0,0.0,0.0,0.0,0.0,0.0,0.0,5.871805324103585e-06,1.2288100977999455e-05,1.931117518729972e-05,2.7008963989098852e-05,3.5454710608801704e-05,4.472633043490007e-05,5.490546452890238e-05,6.60762459631023e-05,7.832386260520074e-05,9.173307487750013e-05,0.0001063869304695,0.0001223659985386,0.0001397485101533,0.0001586118290705,0.0001790356865998,0.0002011076123618,0.0002249310183881,0.0002506365145163,0.0002783973529721,0.0003084505857564,0.0003411268655665,0.0003768944251765,0.0004164279639632,0.0004607242055201,0.0005113114729086,0.0005706669089279,0.0006431534606561,0.0007375157439085,0.000875605249007,0.0011446522164713
pathway,Electric Power,Emissions,Other Fossil Transformation,Emissions,CO2e,0.0,0.0,0.0,0.0,0.0,0.0,0.0,0.0,0.0,0.0,0.0,0.0,0.0,0.0,0.0,0.0,0.0,0.0,0.0,0.0,0.0,0.0,0.0,0.0,0.0,0.0,0.0,0.0,0.0,0.0,0.0,0.0,0.0,0.0,0.0,0.0,0.0,0.0,0.0,0.0,0.0,0.0,0.0,0.0,0.0,0.0,0.0,0.0,0.0,0.0,0.0,0.0,0.0,0.0,0.0,0.0,0.0,0.0,0.0,0.0,0.0
pathway,Electric Power,Natural gas,Natural gas,Electricity output,CO2e,0.0,0.0,0.0,0.0,0.0,0.0,0.0,0.0,0.0,0.0,0.0,0.0,0.0,0.0,0.0,0.0,0.0,0.0,0.0,0.0,0.0,0.0,0.0,0.0,0.0,0.0,0.0,0.0,0.0,0.0,0.0,0.0,0.0,0.0,0.0,0.0,0.0,0.0,0.0,0.0,0.0,0.0,0.0,0.0,0.0,0.0,0.0,0.0,0.0,0.0,0.0,0.0,0.0,0.0,0.0,0.0,0.0,0.0,0.0,0.0,0.0
pathway,Electric Power,Natural gas,Natural gas,Transformation processes,CO2e,0.0,0.0,0.0,0.0,0.0,0.0,0.0,0.0,0.0,0.0,0.0,0.0,0.0,0.0,0.0,0.0,0.0,0.0,0.0,0.0,0.0,0.0,0.0,0.0,0.0,0.0,0.0,0.0,0.0,0.0,0.0,0.0,0.0,0.0,0.0,0.0,0.0,0.0,0.0,0.0,0.0,0.0,0.0,0.0,0.0,0.0,0.0,0.0,0.0,0.0,0.0,0.0,0.0,0.0,0.0,0.0,0.0,0.0,0.0,0.0,0.0
pathway,Electric Power,Oil products,Fuel oil,Electricity output,CO2e,0.0,0.0,0.0,0.0,0.0,0.0,0.0,0.0,0.0,0.0,0.0,0.0,0.0,0.0,0.0,0.0,0.0,0.0,0.0,0.0,0.0,0.0,0.0,0.0,0.0,0.0,0.0,0.0,0.0,0.0,0.0,0.0,-0.0029363385543064,-0.0070512294906395,-0.012250317256381,-0.0184490567001973,-0.025571470356799,-0.0335490899666925,-0.0423200511338524,-0.0518283158818109,-0.0620230025133183,-0.0728578058836593,-0.0842904941691022,-0.0962824706080933,-0.1087983906345231,-0.1218058264036781,-0.1352749720049999,-0.1491783837187892,-0.1634907505509,-0.1781886910062438,-0.1932505726661233,-0.2086563516389583,-0.2243874293765708,-0.2404265247034436,-0.2567575592060533,-0.2733655543828268,-0.2902365391704942,-0.307357466645672,-0.3247161388568775,-0.3423011388759374,-0.3601017692726111
pathway,Electric Power,Oil products,Fuel oil,Transformation processes,CO2e,0.0,0.0,0.0,0.0,0.0,0.0,0.0,0.0,0.0,0.0,0.0,0.0,0.0,0.0,0.0,0.0,0.0,0.0,0.0,0.0,0.0,0.0,0.0,0.0,0.0,0.0,0.0,0.0,0.0,0.0,0.0,0.0,0.0,0.0,0.0,0.0,0.0,0.0,0.0,0.0,0.0,0.0,0.0,0.0,0.0,0.0,0.0,0.0,0.0,0.0,0.0,0.0,0.0,0.0,0.0,0.0,0.0,0.0,0.0,0.0,0.0
pathway,Electric Power,Oil products,Gas/diesel oil excl. biofuels,Electricity output,CO2e,0.0,0.0,0.0,0.0,0.0,0.0,0.0,0.0,0.0,0.0,0.0,0.0,0.0,0.0,0.0,0.0,0.0,0.0,0.0,0.0,0.0,0.0,0.0,0.0,0.0,0.0,0.0,0.0,0.0,0.0,0.0,0.0,-0.0024015678456943,-0.0057670482146869,-0.0100192697396321,-0.0150890847683764,-0.0209143529740285,-0.0274390756468272,-0.0346126552342331,-0.042389259486339,-0.0507272733625812,-0.0595888248858109,-0.068939373560076,-0.0787473519282264,-0.0889838524334791,-0.0996223530424491,-0.1106384761450351,-0.1220097761159855,-0.1337155516401904,-0.1457366794981176,-0.1580554670020189,-0.1706555206861466,-0.1835216291998782,-0.1966396586432326,-0.2099964588292544,-0.2235797791652194,-0.2373781930204024,-0.2513810295981349,-0.2655783124575106,-0.2799607039397065,-0.2945194548477183
pathway,Electric Power,Oil products,Gas/diesel oil excl. biofuels,Electricity output,CO2e,0.0,0.0,0.0,0.0,0.0,0.0,0.0,0.0,0.0,0.0,0.0,0.0,0.0,0.0,0.0,0.0,0.0,0.0,0.0,0.0,0.0,0.0,0.0,0.0,0.0,0.0,0.0,0.0,0.0,0.0,0.0,0.0,-0.0019239157245034,-0.0046200296877305,-0.0080265192735149,-0.0120879897298307,-0.0167546599304651,-0.0219816688491296,-0.027728482370942,-0.033958383904098,-0.0406380352978286,-0.0477370970002097,-0.0552278983362652,-0.0630851503568163,-0.0712856949807192,-0.0798082851892068,-0.0886333918786266,-0.0977430336742473,-0.1071206265825228,-0.116750850835233,-0.1266195326749168,-0.1367135391615295,-0.1470206843571642,-0.1575296454784638,-0.1682298878026662,-0.1791115972793231,-0.1901656199407235,-0.2013834073240175,-0.2127569672204581,-0.224278819154883,-0.235941954073712
pathway,Electric Power,Oil products,Gas/diesel oil excl. biofuels,Transformation processes,CO2e,0.0,0.0,0.0,0.0,0.0,0.0,0.0,0.0,0.0,0.0,0.0,0.0,0.0,0.0,0.0,0.0,0.0,0.0,0.0,0.0,0.0,0.0,0.0,0.0,0.0,0.0,0.0,0.0,0.0,0.0,0.0,0.0,0.0,0.0,0.0,0.0,0.0,0.0,0.0,0.0,0.0,0.0,0.0,0.0,0.0,0.0,0.0,0.0,0.0,0.0,0.0,0.0,0.0,0.0,0.0,0.0,0.0,0.0,0.0,0.0,0.0
pathway,Electric Power,Oil products,Gas/diesel oil excl. biofuels,Transformation processes,CO2e,0.0,0.0,0.0,0.0,0.0,0.0,0.0,0.0,0.0,0.0,0.0,0.0,0.0,0.0,0.0,0.0,0.0,0.0,0.0,0.0,0.0,0.0,0.0,0.0,0.0,0.0,0.0,0.0,0.0,0.0,0.0,0.0,0.0,0.0,0.0,0.0,0.0,0.0,0.0,0.0,0.0,0.0,0.0,0.0,0.0,0.0,0.0,0.0,0.0,0.0,0.0,0.0,0.0,0.0,0.0,0.0,0.0,0.0,0.0,0.0,0.0
pathway,Electric Power,Oil products,Other oil products,Electricity output,CO2e,0.0,0.0,0.0,0.0,0.0,0.0,0.0,0.0,0.0,0.0,0.0,0.0,0.0,0.0,0.0,0.0,0.0,0.0,0.0,0.0,0.0,0.0,0.0,0.0,0.0,0.0,0.0,0.0,0.0,0.0,0.0,0.0,0.0,0.0,0.0,0.0,0.0,0.0,0.0,0.0,0.0,0.0,0.0,0.0,0.0,0.0,0.0,0.0,0.0,0.0,0.0,0.0,0.0,0.0,0.0,0.0,0.0,0.0,0.0,0.0,0.0
pathway,Forests & Wetlands,Emissions,Avoided Coastal Impacts,Emissions,CO2e,0.0,0.0,0.0,0.0,0.0,0.0,0.0,0.0,0.0,0.0,0.0,0.0,0.0,0.0,0.0,0.0,0.0,0.0,0.0,0.0,0.0,0.0,0.0,0.0,0.0,0.0,0.0,0.0,0.0,0.0,0.0,0.0,0.0,0.0,0.0,0.0,0.0,0.0,0.0,0.0,0.0,0.0,0.0,0.0,0.0,0.0,0.0,0.0,0.0,0.0,0.0,0.0,0.0,0.0,0.0,0.0,0.0,0.0,0.0,0.0,0.0
pathway,Forests & Wetlands,Emissions,Avoided Forest Conversion,Emissions,CO2e,0.0,0.0,0.0,0.0,0.0,0.0,0.0,0.0,0.0,0.0,0.0,0.0,0.0,0.0,0.0,0.0,0.0,0.0,0.0,0.0,0.0,0.0,0.0,0.0,0.0,0.0,0.0,0.0,0.0,0.0,0.0,0.0022483234469798,0.0044969525072574,0.0067459546354209,0.00899541217455,0.0112454256423849,0.0134961177428134,0.0157476382627681,0.0180001700499587,0.0202539363100018,0.0225092095141605,0.0247663222731858,0.0270256806112142,0.0292877801694539,0.0315532259863171,0.0338227566433803,0.0360972737407834,0.0383778778783609,0.0406659125784232,0.042963017903028,0.0452711959054537,0.0475928905278371,0.0499310851334154,0.0522894215655129,0.0546723454844048,0.0570852837817496,0.0595348611522175,0.062029164464309,0.0645780654794457,0.0671936147962614,0.0698905227383999
pathway,Forests & Wetlands,Emissions,Avoided Peat Impacts,Emissions,CO2e,0.0,0.0,0.0,0.0,0.0,0.0,0.0,0.0,0.0,0.0,0.0,0.0,0.0,0.0,0.0,0.0,0.0,0.0,0.0,0.0,0.0,0.0,0.0,0.0,0.0,0.0,0.0,0.0,0.0,0.0,0.0,0.0,0.0,0.0,0.0,0.0,0.0,0.0,0.0,0.0,0.0,0.0,0.0,0.0,0.0,0.0,0.0,0.0,0.0,0.0,0.0,0.0,0.0,0.0,0.0,0.0,0.0,0.0,0.0,0.0,0.0
pathway,Forests & Wetlands,Emissions,Coastal Restoration,Emissions,CO2e,0.0,0.0,0.0,0.0,0.0,0.0,0.0,0.0,0.0,0.0,0.0,0.0,0.0,0.0,0.0,0.0,0.0,0.0,0.0,0.0,0.0,0.0,0.0,0.0,0.0,0.0,0.0,0.0,0.0,0.0,0.0,0.0,0.0,0.0,0.0,0.0,0.0,0.0,0.0,0.0,0.0,0.0,0.0,0.0,0.0,0.0,0.0,0.0,0.0,0.0,0.0,0.0,0.0,0.0,0.0,0.0,0.0,0.0,0.0,0.0,0.0
pathway,Forests & Wetlands,Emissions,Fires in humid tropical forests,Emissions,CO2e,0.0,0.0,0.0,0.0,0.0,0.0,0.0,0.0,0.0,0.0,0.0,0.0,0.0,0.0,0.0,0.0,0.0,0.0,0.0,0.0,0.0,0.0,0.0,0.0,0.0,0.0,0.0,0.0,0.0,0.0,0.0,0.0,0.0,0.0,0.0,0.0,0.0,0.0,0.0,0.0,0.0,0.0,0.0,0.0,0.0,0.0,0.0,0.0,0.0,0.0,0.0,0.0,0.0,0.0,0.0,0.0,0.0,0.0,0.0,0.0,0.0
pathway,Forests & Wetlands,Emissions,Fires in organic soils,Emissions,CO2e,0.0,0.0,0.0,0.0,0.0,0.0,0.0,0.0,0.0,0.0,0.0,0.0,0.0,0.0,0.0,0.0,0.0,0.0,0.0,0.0,0.0,0.0,0.0,0.0,0.0,0.0,0.0,0.0,0.0,0.0,0.0,0.0,0.0,0.0,0.0,0.0,0.0,0.0,0.0,0.0,0.0,0.0,0.0,0.0,0.0,0.0,0.0,0.0,0.0,0.0,0.0,0.0,0.0,0.0,0.0,0.0,0.0,0.0,0.0,0.0,0.0
pathway,Forests & Wetlands,Emissions,Forest fires,Emissions,CO2e,0.0,0.0,0.0,0.0,0.0,0.0,0.0,0.0,0.0,0.0,0.0,0.0,0.0,0.0,0.0,0.0,0.0,0.0,0.0,0.0,0.0,0.0,0.0,0.0,0.0,0.0,0.0,0.0,0.0,0.0,0.0,0.0,0.0,0.0,0.0,0.0,0.0,0.0,0.0,0.0,0.0,0.0,0.0,0.0,0.0,0.0,0.0,0.0,0.0,0.0,0.0,0.0,0.0,0.0,0.0,0.0,0.0,0.0,0.0,0.0,0.0
pathway,Forests & Wetlands,Emissions,Forestland,Emissions,CO2e,0.0,0.0,0.0,0.0,0.0,0.0,0.0,0.0,0.0,0.0,0.0,0.0,0.0,0.0,0.0,0.0,0.0,0.0,0.0,0.0,0.0,0.0,0.0,0.0,0.0,0.0,0.0,0.0,0.0,0.0,0.0,0.0,0.0,0.0,0.0,0.0,0.0,0.0,0.0,0.0,0.0,0.0,0.0,0.0,0.0,0.0,0.0,0.0,0.0,0.0,0.0,0.0,0.0,0.0,0.0,0.0,0.0,0.0,0.0,0.0,0.0
pathway,Forests & Wetlands,Emissions,Improved Forest Mgmt,Emissions,CO2e,0.0,0.0,0.0,0.0,0.0,0.0,0.0,0.0,0.0,0.0,0.0,0.0,0.0,0.0,0.0,0.0,0.0,0.0,0.0,0.0,0.0,0.0,0.0,0.0,0.0,0.0,0.0,0.0,0.0,0.0,0.0,0.0,0.0,0.0,0.0,0.0,0.0,0.0,0.0,0.0,0.0,0.0,0.0,0.0,0.0,0.0,0.0,0.0,0.0,0.0,0.0,0.0,0.0,0.0,0.0,0.0,0.0,0.0,0.0,0.0,0.0
pathway,Forests & Wetlands,Emissions,Natural Regeneration,Emissions,CO2e,0.0,0.0,0.0,0.0,0.0,0.0,0.0,0.0066626017472478,0.0154588268951911,0.0260116001288465,0.039335151915657,0.0567753940635537,0.0810461158169065,0.11170348542673,0.150041432671208,0.1956023434318443,0.2489732300844244,0.3062254050136787,0.3707617220349745,0.4403910201868109,0.5160702711368363,0.597356024291736,0.6838095000991646,0.7756898703330093,0.8725587314464984,0.9743278960250624,1.0802176373250598,1.189803485601593,1.3043979754755906,1.4239090056528578,1.547897796581049,1.6766242720452935,1.8079158048457007,1.9437887654884527,2.080685101430356,2.219946283161773,2.362548268348773,2.50494800136582,2.6513644313577847,2.80000826803455,2.9491084489130817,3.100397687443907,3.2524850548802755,3.4040365856206867,3.553055289147503,3.69965486262209,3.843944259579428,3.9860419312078577,4.126014106665959,4.263974495071915,4.400008316796155,4.534215032008,4.666689354686655,4.797521251602701,4.926805436876341,5.054631882600312,5.181090550682915,5.306261920989355,5.430221727315023,5.55306468348411,5.6748855046076825
pathway,Forests & Wetlands,Emissions,Net Forest conversion,Emissions,CO2e,0.0,0.0,0.0,0.0,0.0,0.0,0.0,0.0,0.0,0.0,0.0,0.0,0.0,0.0,0.0,0.0,0.0,0.0,0.0,0.0,0.0,0.0,0.0,0.0,0.0,0.0,0.0,0.0,0.0,0.0,0.0,0.0,0.0,0.0,0.0,0.0,0.0,0.0,0.0,0.0,0.0,0.0,0.0,0.0,0.0,0.0,0.0,0.0,0.0,0.0,0.0,0.0,0.0,0.0,0.0,0.0,0.0,0.0,0.0,0.0,0.0
pathway,Forests & Wetlands,Emissions,Peat Restoration,Emissions,CO2e,0.0,0.0,0.0,0.0,0.0,0.0,0.0,0.0,0.0,0.0,0.0,0.0,0.0,0.0,0.0,0.0,0.0,0.0,0.0,0.0,0.0,0.0,0.0,0.0,0.0,0.0,0.0,0.0,0.0,0.0,0.0,0.0,0.0,0.0,0.0,0.0,0.0,0.0,0.0,0.0,0.0,0.0,0.0,0.0,0.0,0.0,0.0,0.0,0.0,0.0,0.0,0.0,0.0,0.0,0.0,0.0,0.0,0.0,0.0,0.0,0.0
pathway,Forests & Wetlands,Emissions,Savanna fires,Emissions,CO2e,0.0,0.0,0.0,0.0,0.0,0.0,0.0,0.0,0.0,0.0,0.0,0.0,0.0,0.0,0.0,0.0,0.0,0.0,0.0,0.0,0.0,0.0,0.0,0.0,0.0,0.0,0.0,0.0,0.0,0.0,0.0,0.0,0.0,0.0,0.0,0.0,0.0,0.0,0.0,0.0,0.0,0.0,0.0,0.0,0.0,0.0,0.0,0.0,0.0,0.0,0.0,0.0,0.0,0.0,0.0,0.0,0.0,0.0,0.0,0.0,0.0
pathway,Industrial,Biofuels and Waste,Charcoal,Final consumption,CO2e,0.0,0.0,0.0,0.0,0.0,0.0,0.0,0.0,0.0,0.0,0.0,0.0,0.0,0.0,0.0,0.0,0.0,0.0,0.0,0.0,0.0,0.0,0.0,0.0,0.0,0.0,0.0,0.0,0.0,0.0,0.0,0.0037758394423783,0.0078203861846455,0.0121416993276614,0.0167467460649631,0.0216411044213414,0.0268286506717447,0.032311250888702,0.0380884835990507,0.0441574268661708,0.0505125461574861,0.057145716808955,0.0640464049607907,0.0712020131387194,0.0785983730493797,0.086220342944765,0.0940524460601148,0.1020794760474223,0.1102869987082199,0.1186616965682504,0.1271915298237692,0.1358657171943403,0.1446745662345553,0.1536091996370212,0.1626612301099753,0.1718224326878473,0.1810844529487462,0.1904385762660157,0.1998755700771207,0.2093856002761722,0.2189582151301098
pathway,Industrial,Biofuels and Waste,Charcoal,Transformation processes,CO2e,0.0,0.0,0.0,0.0,0.0,0.0,0.0,0.0,0.0,0.0,0.0,0.0,0.0,0.0,0.0,0.0,0.0,0.0,0.0,0.0,0.0,0.0,0.0,0.0,0.0,0.0,0.0,0.0,0.0,0.0,0.0,0.0002088375878736,0.0004283991561511,0.0006588650143314,0.0009003539898234,0.001152910438987,0.0014164910820689,0.0016909526740873,0.0019760418446035,0.0022713886763721,0.0025765056470763,0.0028907933290397,0.0032135536618185,0.0035440106906468,0.0038813375168667,0.0042246870603023,0.0045732233754679,0.0049261499540573,0.0052827318197208,0.0056423092221986,0.0060043021283457,0.0063682061468378,0.006733581685223,0.007100038811442,0.0074672204259427,0.0078347860351831,0.008202397823739,0.0085697100341344,0.0089363620271676,0.0093019748978339,0.0096661511928293
pathway,Industrial,Biofuels and Waste,Primary solid biofuels,Transformation processes,CO2e,0.0,0.0,0.0,0.0,0.0,0.0,0.0,0.0,0.0,0.0,0.0,0.0,0.0,0.0,0.0,0.0,0.0,0.0,0.0,0.0,0.0,0.0,0.0,0.0,0.0,0.0,0.0,0.0,0.0,0.0,0.0,0.0,0.0,0.0,0.0,0.0,0.0,0.0,0.0,0.0,0.0,0.0,0.0,0.0,0.0,0.0,0.0,0.0,0.0,0.0,0.0,0.0,0.0,0.0,0.0,0.0,0.0,0.0,0.0,0.0,0.0
pathway,Industrial,Coal,Other bituminous coal,Final consumption,CO2e,0.0,0.0,0.0,0.0,0.0,0.0,0.0,0.0,0.0,0.0,0.0,0.0,0.0,0.0,0.0,0.0,0.0,0.0,0.0,0.0,0.0,0.0,0.0,0.0,0.0,0.0,0.0,0.0,0.0,0.0,0.0,0.0148867901996875,0.0305380292134117,0.0469665702335163,0.0641808837596001,0.0821841316928652,0.1009732288770017,0.120537964228773,0.1408602764757697,0.1619137964165528,0.1836637714832258,0.2060674720400789,0.2290751375076837,0.2526314546834703,0.2766774788776436,0.3011528267799335,0.3259979088059767,0.3511559466134936,0.376574548107578,0.402206683614119,0.4280110060182157,0.4539515602607417,0.47999701040896,0.5061195605243303,0.5322937551025676,0.5584953223831302,0.5847001815125804,0.6108836854958232,0.6370201265079827,0.6630824946636994,0.6890424578795978
pathway,Industrial,"Crude, NGL, refinery feedstocks",Crude oil,Transformation processes,CO2e,0.0,0.0,0.0,0.0,0.0,0.0,0.0,0.0,0.0,0.0,0.0,0.0,0.0,0.0,0.0,0.0,0.0,0.0,0.0,0.0,0.0,0.0,0.0,0.0,0.0,0.0,0.0,0.0,0.0,0.0,0.0,0.0,0.0,0.0,0.0,0.0,0.0,0.0,0.0,0.0,0.0,0.0,0.0,0.0,0.0,0.0,0.0,0.0,0.0,0.0,0.0,0.0,0.0,0.0,0.0,0.0,0.0,0.0,0.0,0.0,0.0
pathway,Industrial,Electricity and Heat,Electricity,Energy industry own use and Losses,CO2e,0.0,0.0,0.0,0.0,0.0,0.0,0.0,0.0,0.0,0.0,0.0,0.0,0.0,0.0,0.0,0.0,0.0,0.0,0.0,0.0,0.0,0.0,0.0,0.0,0.0,0.0,0.0,0.0,0.0,0.0,0.0,0.0,0.0,0.0,0.0,0.0,0.0,0.0,0.0,0.0,0.0,0.0,0.0,0.0,0.0,0.0,0.0,0.0,0.0,0.0,0.0,0.0,0.0,0.0,0.0,0.0,0.0,0.0,0.0,0.0,0.0
pathway,Industrial,Electricity and Heat,Electricity,Final consumption,CO2e,0.0,0.0,0.0,0.0,0.0,0.0,0.0,0.0,0.0,0.0,0.0,0.0,0.0,0.0,0.0,0.0,0.0,0.0,0.0,0.0,0.0,0.0,0.0,0.0,0.0,0.0,0.0,0.0,0.0,0.0,0.0,0.0,0.0,0.0,0.0,0.0,0.0,0.0,0.0,0.0,0.0,0.0,0.0,0.0,0.0,0.0,0.0,0.0,0.0,0.0,0.0,0.0,0.0,0.0,0.0,0.0,0.0,0.0,0.0,0.0,0.0
pathway,Industrial,Electricity and Heat,Electricity,Final consumption,CO2e,,,,,,,,,,,,,,,,,,,,,,,,,,,,,,,,,,,,,,,,,,,,,,,,,,,,,,,,,,,,,
pathway,Industrial,Electricity and Heat,Electricity,Final consumption,CO2e,0.0,0.0,0.0,0.0,0.0,0.0,0.0,0.0,0.0,0.0,0.0,0.0,0.0,0.0,0.0,0.0,0.0,0.0,0.0,0.0,0.0,0.0,0.0,0.0,0.0,0.0,0.0,0.0,0.0,0.0,0.0,0.0,0.0,0.0,0.0,0.0,0.0,0.0,0.0,0.0,0.0,0.0,0.0,0.0,0.0,0.0,0.0,0.0,0.0,0.0,0.0,0.0,0.0,0.0,0.0,0.0,0.0,0.0,0.0,0.0,0.0
pathway,Industrial,Electricity and Heat,Solar thermal,Final consumption,CO2e,0.0,0.0,0.0,0.0,0.0,0.0,0.0,0.0,0.0,0.0,0.0,0.0,0.0,0.0,0.0,0.0,0.0,0.0,0.0,0.0,0.0,0.0,0.0,0.0,0.0,0.0,0.0,0.0,0.0,0.0,0.0,0.0,0.0,0.0,0.0,0.0,0.0,0.0,0.0,0.0,0.0,0.0,0.0,0.0,0.0,0.0,0.0,0.0,0.0,0.0,0.0,0.0,0.0,0.0,0.0,0.0,0.0,0.0,0.0,0.0,0.0
pathway,Industrial,Emissions,1A4c_Agriculture-forestry-fishing,Emissions,CO2e,0.0,0.0,0.0,0.0,0.0,0.0,0.0,0.0,0.0,0.0,0.0,0.0,0.0,0.0,0.0,0.0,0.0,0.0,0.0,0.0,0.0,0.0,0.0,0.0,0.0,0.0,0.0,0.0,0.0,0.0,0.0,0.0,0.0,0.0,0.0,0.0,0.0,0.0,0.0,0.0,0.0,0.0,0.0,0.0,0.0,0.0,0.0,0.0,0.0,0.0,0.0,0.0,0.0,0.0,0.0,0.0,0.0,0.0,0.0,0.0,0.0
pathway,Industrial,Emissions,Adipic Acid Production,Emissions,CO2e,0.0,0.0,0.0,0.0,0.0,0.0,0.0,0.0,0.0,0.0,0.0,0.0,0.0,0.0,0.0,0.0,0.0,0.0,0.0,0.0,0.0,0.0,0.0,0.0,0.0,0.0,0.0,0.0,0.0,0.0,0.0,0.0,0.0,0.0,0.0,0.0,0.0,0.0,0.0,0.0,0.0,0.0,0.0,0.0,0.0,0.0,0.0,0.0,0.0,0.0,0.0,0.0,0.0,0.0,0.0,0.0,0.0,0.0,0.0,0.0,0.0
pathway,Industrial,Emissions,Cement Production,Emissions,CO2e,0.0,0.0,0.0,0.0,0.0,0.0,0.0,0.0,0.0,0.0,0.0,0.0,0.0,0.0,0.0,0.0,0.0,0.0,0.0,0.0,0.0,0.0,0.0,0.0,0.0,0.0,0.0,0.0,0.0,0.0,0.0,0.0005016654254395,0.0010498500997173,0.00164987569946,0.0023075464295043,0.0030291199213539,0.0038212529788848,0.0046909207137737,0.0056453111459213,0.0066917024130574,0.0078373361335488,0.0090893075961884,0.0104545003331271,0.0119395981187384,0.0135512106276021,0.0152961498091737,0.0171818938719745,0.0192172779591541,0.0214134608943323,0.0237852447096789,0.0263528822552929,0.0291446232800778,0.032200471868117,0.0355780718497502,0.0393625796185745,0.0436845694693577,0.0487556793613928,0.0549486634275329,0.063010629443228,0.0748084882789719,0.0977948704813043
pathway,Industrial,Emissions,Chemical Production,Emissions,CO2e,0.0,0.0,0.0,0.0,0.0,0.0,0.0,0.0,0.0,0.0,0.0,0.0,0.0,0.0,0.0,0.0,0.0,0.0,0.0,0.0,0.0,0.0,0.0,0.0,0.0,0.0,0.0,0.0,0.0,0.0,0.0,5.5345188223199226e-05,0.0001158225152234,0.0001820190838376,0.000254575230818,0.0003341813162648,0.0004215717381352,0.0005175160110277,0.0006228071381952,0.0007382480649524,0.0008646377076906,0.0010027588392977,0.0011533708710531,0.001317211176377,0.0014950089537855,0.0016875157173471,0.001895556484767,0.0021201059747241,0.0023623952610815,0.0026240573470625,0.002907326585971,0.0032153195722363,0.0035524496727178,0.0039250763223664,0.0043425942220986,0.0048194087077307,0.0053788682942254,0.0060620963012253,0.0069515158305792,0.0082530899171784,0.0107890144299025
pathway,Industrial,Emissions,Construction,Emissions,CO2e,0.0,0.0,0.0,0.0,0.0,0.0,0.0,0.0,0.0,0.0,0.0,0.0,0.0,0.0,0.0,0.0,0.0,0.0,0.0,0.0,0.0,0.0,0.0,0.0,0.0,0.0,0.0,0.0,0.0,0.0,0.0,0.0,0.0,0.0,0.0,0.0,0.0,0.0,0.0,0.0,0.0,0.0,0.0,0.0,0.0,0.0,0.0,0.0,0.0,0.0,0.0,0.0,0.0,0.0,0.0,0.0,0.0,0.0,0.0,0.0,0.0
pathway,Industrial,Emissions,Food Production,Emissions,CO2e,0.0,0.0,0.0,0.0,0.0,0.0,0.0,0.0,0.0,0.0,0.0,0.0,0.0,0.0,0.0,0.0,0.0,0.0,0.0,0.0,0.0,0.0,0.0,0.0,0.0,0.0,0.0,0.0,0.0,0.0,0.0,0.0,0.0,0.0,0.0,0.0,0.0,0.0,0.0,0.0,0.0,0.0,0.0,0.0,0.0,0.0,0.0,0.0,0.0,0.0,0.0,0.0,0.0,0.0,0.0,0.0,0.0,0.0,0.0,0.0,0.0
pathway,Industrial,Emissions,Indirect N2O from Non-Ag N,Emissions,CO2e,0.0,0.0,0.0,0.0,0.0,0.0,0.0,0.0,0.0,0.0,0.0,0.0,0.0,0.0,0.0,0.0,0.0,0.0,0.0,0.0,0.0,0.0,0.0,0.0,0.0,0.0,0.0,0.0,0.0,0.0,0.0,4.1910893050500775e-05,8.770816766909273e-05,0.0001378364154278,0.0001927805400006,0.0002530633259201,0.0003192409059812,0.0003918960055317,0.0004716291370208,0.0005590483416577,0.0006547586096963,0.0007593527065027,0.0008734057065495,0.0009974759958417,0.0011321157698276,0.0012778941227095,0.0014354358103139,0.0016054789515561,0.0017889557937857,0.0019871029508012,0.0022016124168905,0.0024348442753782,0.0026901406080672,0.0029723171831687,0.003288488265138,0.0036495624895427,0.0040732208354329,0.0045906044933392,0.0052641294729887,0.0062497640708999,0.0081701272397476
pathway,Industrial,Emissions,Lime Production,Emissions,CO2e,0.0,0.0,0.0,0.0,0.0,0.0,0.0,0.0,0.0,0.0,0.0,0.0,0.0,0.0,0.0,0.0,0.0,0.0,0.0,0.0,0.0,0.0,0.0,0.0,0.0,0.0,0.0,0.0,0.0,0.0,0.0,3.1704703639997417e-06,6.634937269101027e-06,1.042703312659904e-05,1.458343987340016e-05,1.9143705052898988e-05,2.4149898934200734e-05,2.9646103456501535e-05,3.5677746116000164e-05,4.229082394329939e-05,4.953110317059903e-05,5.7443425243599786e-05,6.607129332890024e-05,7.545694814639972e-05,8.564216211289985e-05,9.66699860005006e-05,0.0001085876812654,0.0001214510850413,0.0001353307198675,0.0001503201329608,0.0001665473201083,0.0001841908166186,0.0002035034439081,0.0002248495046496,0.0002487671778938,0.0002760816788358,0.0003081305361224,0.000347269514914,0.0003982202542568,0.0004727814257094,0.0006180528354055
pathway,Industrial,Emissions,Machinery,Emissions,CO2e,0.0,0.0,0.0,0.0,0.0,0.0,0.0,0.0,0.0,0.0,0.0,0.0,0.0,0.0,0.0,0.0,0.0,0.0,0.0,0.0,0.0,0.0,0.0,0.0,0.0,0.0,0.0,0.0,0.0,0.0,0.0,0.0,0.0,0.0,0.0,0.0,0.0,0.0,0.0,0.0,0.0,0.0,0.0,0.0,0.0,0.0,0.0,0.0,0.0,0.0,0.0,0.0,0.0,0.0,0.0,0.0,0.0,0.0,0.0,0.0,0.0
pathway,Industrial,Emissions,Metal Production,Emissions,CO2e,0.0,0.0,0.0,0.0,0.0,0.0,0.0,0.0,0.0,0.0,0.0,0.0,0.0,0.0,0.0,0.0,0.0,0.0,0.0,0.0,0.0,0.0,0.0,0.0,0.0,0.0,0.0,0.0,0.0,0.0,0.0,0.0,0.0,0.0,0.0,0.0,0.0,0.0,0.0,0.0,0.0,0.0,0.0,0.0,0.0,0.0,0.0,0.0,0.0,0.0,0.0,0.0,0.0,0.0,0.0,0.0,0.0,0.0,0.0,0.0,0.0
pathway,Industrial,Emissions,"Mining, Quarying",Emissions,CO2e,0.0,0.0,0.0,0.0,0.0,0.0,0.0,0.0,0.0,0.0,0.0,0.0,0.0,0.0,0.0,0.0,0.0,0.0,0.0,0.0,0.0,0.0,0.0,0.0,0.0,0.0,0.0,0.0,0.0,0.0,0.0,0.0,0.0,0.0,0.0,0.0,0.0,0.0,0.0,0.0,0.0,0.0,0.0,0.0,0.0,0.0,0.0,0.0,0.0,0.0,0.0,0.0,0.0,0.0,0.0,0.0,0.0,0.0,0.0,0.0,0.0
pathway,Industrial,Emissions,Nitric Acid Production,Emissions,CO2e,0.0,0.0,0.0,0.0,0.0,0.0,0.0,0.0,0.0,0.0,0.0,0.0,0.0,0.0,0.0,0.0,0.0,0.0,0.0,0.0,0.0,0.0,0.0,0.0,0.0,0.0,0.0,0.0,0.0,0.0,0.0,0.0,0.0,0.0,0.0,0.0,0.0,0.0,0.0,0.0,0.0,0.0,0.0,0.0,0.0,0.0,0.0,0.0,0.0,0.0,0.0,0.0,0.0,0.0,0.0,0.0,0.0,0.0,0.0,0.0,0.0
pathway,Industrial,Emissions,Non-ferrous Metal Production,Emissions,CO2e,0.0,0.0,0.0,0.0,0.0,0.0,0.0,0.0,0.0,0.0,0.0,0.0,0.0,0.0,0.0,0.0,0.0,0.0,0.0,0.0,0.0,0.0,0.0,0.0,0.0,0.0,0.0,0.0,0.0,0.0,0.0,0.0,0.0,0.0,0.0,0.0,0.0,0.0,0.0,0.0,0.0,0.0,0.0,0.0,0.0,0.0,0.0,0.0,0.0,0.0,0.0,0.0,0.0,0.0,0.0,0.0,0.0,0.0,0.0,0.0,0.0
pathway,Industrial,Emissions,Non-metalic Mineral Production,Emissions,CO2e,0.0,0.0,0.0,0.0,0.0,0.0,0.0,0.0,0.0,0.0,0.0,0.0,0.0,0.0,0.0,0.0,0.0,0.0,0.0,0.0,0.0,0.0,0.0,0.0,0.0,0.0,0.0,0.0,0.0,0.0,0.0,0.0001428590743954,0.0002989654177742,0.0004698344819868,0.0006571191282599,0.0008626013399619,0.0010881767726274,0.0013358317261827,0.0016076131303501,0.0019055935776718,0.0022318352610845,0.0025883587033074,0.0029771241252004,0.0034000348626761,0.0038589731502773,0.0043558788242868,0.0048928814513304,0.0054724970117976,0.0060979031996908,0.0067733151841405,0.0075045003616471,0.0082995034025732,0.009169716254887,0.0101315541304604,0.0112092669834479,0.0124400384066277,0.0138841364620151,0.0156477102037332,0.0179435132318143,0.0213031850522166,0.0278490084608004
pathway,Industrial,Emissions,Other Industrial,Emissions,CO2e,0.0,0.0,0.0,0.0,0.0,0.0,0.0,0.0,0.0,0.0,0.0,0.0,0.0,0.0,0.0,0.0,0.0,0.0,0.0,0.0,0.0,0.0,0.0,0.0,0.0,0.0,0.0,0.0,0.0,0.0,0.0,0.0001336989834135,0.0002797958239714,0.0004397088030997,0.000614984800944,0.0008072915405081,0.0010184031283309,0.0012501785032438,0.0015045333463067,0.0017834073559044,0.0020887304976373,0.0024223937387727,0.0027862316112597,0.0031820254095503,0.0036115366797417,0.0040765808762601,0.0045791510184096,0.0051216017624959,0.0057069070495129,0.0063390117729164,0.0070233135250696,0.0077673411539235,0.0085817561583628,0.0094819212106511,0.0104905313634617,0.0116423860061593,0.0129938888264888,0.0146443826256456,0.0167929792917774,0.0199372297280383,0.0260633364457063
pathway,Industrial,Emissions,Other Mineral Production,Emissions,CO2e,0.0,0.0,0.0,0.0,0.0,0.0,0.0,0.0,0.0,0.0,0.0,0.0,0.0,0.0,0.0,0.0,0.0,0.0,0.0,0.0,0.0,0.0,0.0,0.0,0.0,0.0,0.0,0.0,0.0,0.0,0.0,6.994438170001336e-08,1.463746801000105e-07,2.3003286640002054e-07,3.217281882000184e-07,4.22333111800002e-07,5.327757577000222e-07,6.540286266999663e-07,7.870939034999706e-07,9.329863380999918e-07,1.0927155884000138e-06,1.267270910599997e-06,1.4576120364999954e-06,1.6646708475000173e-06,1.889368893000004e-06,2.132655924600021e-06,2.3955745872000105e-06,2.679356714399995e-06,2.985558118499983e-06,3.316242563200001e-06,3.674233789200028e-06,4.0634704998999504e-06,4.489530238999996e-06,4.960449960699973e-06,5.488102540999996e-06,6.090693217499995e-06,6.797729477600026e-06,7.661182328599979e-06,8.78521679489999e-06,1.0430125733400003e-05,1.363498740129999e-05
pathway,Industrial,Emissions,Product Uses as Substitutes for Ozone Depleting Substances,Emissions,CO2e,0.0,0.0,0.0,0.0,0.0,0.0,0.0,0.0,0.0,0.0,0.0,0.0,0.0,0.0,0.0,0.0,0.0,0.0,0.0,0.0,0.0,0.0,0.0,0.0,0.0,0.0,0.0,0.0,0.0,0.0,0.0,3.7322968763801327,7.810688257828588,12.274766422488028,17.167713568047475,22.536085301748244,28.429406998599006,34.8995721840256,42.00005838082871,49.78501357158893,58.30831404164928,67.62274741171859,77.77952587271648,88.82837545506845,100.8184709006382,113.8004918384795,127.83007474041368,142.97295141793802,159.31214143035686,176.957769126755,196.0605119214597,216.8305426592342,239.565484238723,264.69419596937223,292.8502254821324,325.00502109253284,362.73312960872863,408.80777201658566,468.7872903409261,556.5611520576385,727.5755336403672
pathway,Industrial,Emissions,Pulp-Paper Production,Emissions,CO2e,0.0,0.0,0.0,0.0,0.0,0.0,0.0,0.0,0.0,0.0,0.0,0.0,0.0,0.0,0.0,0.0,0.0,0.0,0.0,0.0,0.0,0.0,0.0,0.0,0.0,0.0,0.0,0.0,0.0,0.0,0.0,0.0,0.0,0.0,0.0,0.0,0.0,0.0,0.0,0.0,0.0,0.0,0.0,0.0,0.0,0.0,0.0,0.0,0.0,0.0,0.0,0.0,0.0,0.0,0.0,0.0,0.0,0.0,0.0,0.0,0.0
pathway,Industrial,Emissions,Solid Waste Disposal,Emissions,CO2e,0.0,0.0,0.0,0.0,0.0,0.0,0.0,0.0,0.0,0.0,0.0,0.0,0.0,0.0,0.0,0.0,0.0,0.0,0.0,0.0,0.0,0.0,0.0,0.0,0.0,0.0,0.0,0.0,0.0,0.0,0.0,0.0004956086592455,0.0010371749256457,0.0016299562255341,0.0022796866877365,0.0029925483933817,0.0037751177766369,0.0046342857364365,0.0055771535094311,0.0066109113620806,0.0077427134823899,0.0089795694954752,0.0103282798264143,0.0117954475542463,0.0133876025528496,0.0151114745288483,0.0169744514039731,0.0189852616518821,0.0211549293721686,0.0234980778873623,0.0260347155284637,0.0287927509761725,0.0318117053325468,0.0351485264756337,0.0388873426788141,0.0431571517718758,0.0481670365417352,0.054285250742077,0.0622498820786203,0.0739053016133031,0.0966141619143812
pathway,Industrial,Emissions,Steel Production,Emissions,CO2e,0.0,0.0,0.0,0.0,0.0,0.0,0.0,0.0,0.0,0.0,0.0,0.0,0.0,0.0,0.0,0.0,0.0,0.0,0.0,0.0,0.0,0.0,0.0,0.0,0.0,0.0,0.0,0.0,0.0,0.0,0.0,0.0,0.0,0.0,0.0,0.0,0.0,0.0,0.0,0.0,0.0,0.0,0.0,0.0,0.0,0.0,0.0,0.0,0.0,0.0,0.0,0.0,0.0,0.0,0.0,0.0,0.0,0.0,0.0,0.0,0.0
pathway,Industrial,Emissions,"Textile, Leather Production",Emissions,CO2e,0.0,0.0,0.0,0.0,0.0,0.0,0.0,0.0,0.0,0.0,0.0,0.0,0.0,0.0,0.0,0.0,0.0,0.0,0.0,0.0,0.0,0.0,0.0,0.0,0.0,0.0,0.0,0.0,0.0,0.0,0.0,0.0,0.0,0.0,0.0,0.0,0.0,0.0,0.0,0.0,0.0,0.0,0.0,0.0,0.0,0.0,0.0,0.0,0.0,0.0,0.0,0.0,0.0,0.0,0.0,0.0,0.0,0.0,0.0,0.0,0.0
pathway,Industrial,Emissions,Transportation Equipment Production,Emissions,CO2e,0.0,0.0,0.0,0.0,0.0,0.0,0.0,0.0,0.0,0.0,0.0,0.0,0.0,0.0,0.0,0.0,0.0,0.0,0.0,0.0,0.0,0.0,0.0,0.0,0.0,0.0,0.0,0.0,0.0,0.0,0.0,0.0,0.0,0.0,0.0,0.0,0.0,0.0,0.0,0.0,0.0,0.0,0.0,0.0,0.0,0.0,0.0,0.0,0.0,0.0,0.0,0.0,0.0,0.0,0.0,0.0,0.0,0.0,0.0,0.0,0.0
pathway,Industrial,Emissions,Waste Combustion,Emissions,CO2e,0.0,0.0,0.0,0.0,0.0,0.0,0.0,0.0,0.0,0.0,0.0,0.0,0.0,0.0,0.0,0.0,0.0,0.0,0.0,0.0,0.0,0.0,0.0,0.0,0.0,0.0,0.0,0.0,0.0,0.0,0.0,0.0001312532711587,0.000274677609471,0.0004316653522002,0.0006037350829136,0.0007925240174977,0.0009997738093342,0.0012273093922878,0.0014770114044845,0.0017507840620342,0.0020505220263001,0.0023780816736979,0.0027352639776767,0.0031238176480455,0.0035454720075079,0.0040020093009709,0.0044953860900797,0.0050279139581745,0.005602512444909,0.0062230542810783,0.0068948383226357,0.0076252556947508,0.0084247728689581,0.0093084714931275,0.0102986314666748,0.0114294156049917,0.0127561958214089,0.0143764976713944,0.0164857907537339,0.0195725244338569,0.0255865682629925
pathway,Industrial,Emissions,Wastewater Handling,Emissions,CO2e,0.0,0.0,0.0,0.0,0.0,0.0,0.0,0.0,0.0,0.0,0.0,0.0,0.0,0.0,0.0,0.0,0.0,0.0,0.0,0.0,0.0,0.0,0.0,0.0,0.0,0.0,0.0,0.0,0.0,0.0,0.0,0.0001717320831674,0.0003593888187134,0.0005647919439284,0.0007899283770594,0.0010369402551556,0.0013081063615233,0.0016058144438475,0.0019325251333954,0.0022907299109242,0.0026829077557386,0.0031114875550281,0.0035788257066141,0.0040872102264497,0.0046389037643557,0.0052362382136835,0.005881773544211,0.0065785342369195,0.0073303402242352,0.008142258596077,0.0090212223878131,0.0099769021646888,0.0110229922822372,0.0121792256033672,0.0134747531999402,0.014954273778527,0.0166902360784344,0.0188102427617115,0.0215700467029281,0.0256087361800875,0.033477525018047
pathway,Industrial,Emissions,Wood Production,Emissions,CO2e,0.0,0.0,0.0,0.0,0.0,0.0,0.0,0.0,0.0,0.0,0.0,0.0,0.0,0.0,0.0,0.0,0.0,0.0,0.0,0.0,0.0,0.0,0.0,0.0,0.0,0.0,0.0,0.0,0.0,0.0,0.0,0.0,0.0,0.0,0.0,0.0,0.0,0.0,0.0,0.0,0.0,0.0,0.0,0.0,0.0,0.0,0.0,0.0,0.0,0.0,0.0,0.0,0.0,0.0,0.0,0.0,0.0,0.0,0.0,0.0,0.0
pathway,Industrial,Oil products,Bitumen,Final consumption,CO2e,0.0,0.0,0.0,0.0,0.0,0.0,0.0,0.0,0.0,0.0,0.0,0.0,0.0,0.0,0.0,0.0,0.0,0.0,0.0,0.0,0.0,0.0,0.0,0.0,0.0,0.0,0.0,0.0,0.0,0.0,0.0,0.0,0.0,0.0,0.0,0.0,0.0,0.0,0.0,0.0,0.0,0.0,0.0,0.0,0.0,0.0,0.0,0.0,0.0,0.0,0.0,0.0,0.0,0.0,0.0,0.0,0.0,0.0,0.0,0.0,0.0
pathway,Industrial,Oil products,Fuel oil,Energy industry own use and Losses,CO2e,0.0,0.0,0.0,0.0,0.0,0.0,0.0,0.0,0.0,0.0,0.0,0.0,0.0,0.0,0.0,0.0,0.0,0.0,0.0,0.0,0.0,0.0,0.0,0.0,0.0,0.0,0.0,0.0,0.0,0.0,0.0,0.0,0.0,0.0,0.0,0.0,0.0,0.0,0.0,0.0,0.0,0.0,0.0,0.0,0.0,0.0,0.0,0.0,0.0,0.0,0.0,0.0,0.0,0.0,0.0,0.0,0.0,0.0,0.0,0.0,0.0
pathway,Industrial,Oil products,Fuel oil,Energy industry own use and Losses,CO2e,0.0,0.0,0.0,0.0,0.0,0.0,0.0,0.0,0.0,0.0,0.0,0.0,0.0,0.0,0.0,0.0,0.0,0.0,0.0,0.0,0.0,0.0,0.0,0.0,0.0,0.0,0.0,0.0,0.0,0.0,0.0,0.0,0.0,0.0,0.0,0.0,0.0,0.0,0.0,0.0,0.0,0.0,0.0,0.0,0.0,0.0,0.0,0.0,0.0,0.0,0.0,0.0,0.0,0.0,0.0,0.0,0.0,0.0,0.0,0.0,0.0
pathway,Industrial,Oil products,Fuel oil,Final consumption,CO2e,0.0,0.0,0.0,0.0,0.0,0.0,0.0,0.0,0.0,0.0,0.0,0.0,0.0,0.0,0.0,0.0,0.0,0.0,0.0,0.0,0.0,0.0,0.0,0.0,0.0,0.0,0.0,0.0,0.0,0.0,0.0,0.0058614083678044,0.0127500184752292,0.0207867294973791,0.0300918393997637,0.0407795038414519,0.0529508212649397,0.0666857377377382,0.0820342147010861,0.09900738611781,0.1175696973192315,0.1376331922946094,0.1590551172212916,0.1816397719394461,0.2051450544040478,0.2292934667647859,0.2537866207188857,0.278321670862843,0.302607778717814,0.3263807528865275,0.3494144014735499,0.3715277541929824,0.392587996872224,0.4125095537022493,0.4312501510163529,0.4488048701010834,0.4651991747044981,0.4804817440538746,0.4947177233297844,0.5079827775238451,0.5203581382176057
pathway,Industrial,Oil products,Fuel oil,Final consumption,CO2e,0.0,0.0,0.0,0.0,0.0,0.0,0.0,0.0,0.0,0.0,0.0,0.0,0.0,0.0,0.0,0.0,0.0,0.0,0.0,0.0,0.0,0.0,0.0,0.0,0.0,0.0,0.0,0.0,0.0,0.0,0.0,0.0013580060584235,0.0029503622031726,0.0048043013977706,0.0069468278463186,0.0094034463346999,0.0121965830071636,0.0153437437469027,0.0188555131492003,0.0227335611827182,0.0269688842499699,0.0315405456612823,0.0364151789941928,0.0415474622233556,0.0468816582701129,0.0523541630618536,0.0578968363787805,0.0634407539391505,0.0689199475866318,0.0742747130466816,0.0794541560628888,0.0844177905980088,0.0891361590613434,0.0935905786858307,0.0977722074695719,0.101680661008798,0.1053224050830375,0.108709112468894,0.111856121937856,0.1147810856415753,0.1175028463816514
pathway,Industrial,Oil products,Fuel oil,Transformation processes,CO2e,0.0,0.0,0.0,0.0,0.0,0.0,0.0,0.0,0.0,0.0,0.0,0.0,0.0,0.0,0.0,0.0,0.0,0.0,0.0,0.0,0.0,0.0,0.0,0.0,0.0,0.0,0.0,0.0,0.0,0.0,0.0,0.0,0.0,0.0,0.0,0.0,0.0,0.0,0.0,0.0,0.0,0.0,0.0,0.0,0.0,0.0,0.0,0.0,0.0,0.0,0.0,0.0,0.0,0.0,0.0,0.0,0.0,0.0,0.0,0.0,0.0
pathway,Industrial,Oil products,Gas/diesel oil excl. biofuels,Transformation processes,CO2e,0.0,0.0,0.0,0.0,0.0,0.0,0.0,0.0,0.0,0.0,0.0,0.0,0.0,0.0,0.0,0.0,0.0,0.0,0.0,0.0,0.0,0.0,0.0,0.0,0.0,0.0,0.0,0.0,0.0,0.0,0.0,0.0,0.0,0.0,0.0,0.0,0.0,0.0,0.0,0.0,0.0,0.0,0.0,0.0,0.0,0.0,0.0,0.0,0.0,0.0,0.0,0.0,0.0,0.0,0.0,0.0,0.0,0.0,0.0,0.0,0.0
pathway,Industrial,Oil products,Kerosene type jet fuel excl. biofuels,Transformation processes,CO2e,0.0,0.0,0.0,0.0,0.0,0.0,0.0,0.0,0.0,0.0,0.0,0.0,0.0,0.0,0.0,0.0,0.0,0.0,0.0,0.0,0.0,0.0,0.0,0.0,0.0,0.0,0.0,0.0,0.0,0.0,0.0,0.0,0.0,0.0,0.0,0.0,0.0,0.0,0.0,0.0,0.0,0.0,0.0,0.0,0.0,0.0,0.0,0.0,0.0,0.0,0.0,0.0,0.0,0.0,0.0,0.0,0.0,0.0,0.0,0.0,0.0
pathway,Industrial,Oil products,Liquified petroleum gases (LPG),Transformation processes,CO2e,0.0,0.0,0.0,0.0,0.0,0.0,0.0,0.0,0.0,0.0,0.0,0.0,0.0,0.0,0.0,0.0,0.0,0.0,0.0,0.0,0.0,0.0,0.0,0.0,0.0,0.0,0.0,0.0,0.0,0.0,0.0,0.0,0.0,0.0,0.0,0.0,0.0,0.0,0.0,0.0,0.0,0.0,0.0,0.0,0.0,0.0,0.0,0.0,0.0,0.0,0.0,0.0,0.0,0.0,0.0,0.0,0.0,0.0,0.0,0.0,0.0
pathway,Industrial,Oil products,Motor gasoline excl. biofuels,Transformation processes,CO2e,0.0,0.0,0.0,0.0,0.0,0.0,0.0,0.0,0.0,0.0,0.0,0.0,0.0,0.0,0.0,0.0,0.0,0.0,0.0,0.0,0.0,0.0,0.0,0.0,0.0,0.0,0.0,0.0,0.0,0.0,0.0,0.0,0.0,0.0,0.0,0.0,0.0,0.0,0.0,0.0,0.0,0.0,0.0,0.0,0.0,0.0,0.0,0.0,0.0,0.0,0.0,0.0,0.0,0.0,0.0,0.0,0.0,0.0,0.0,0.0,0.0
pathway,Industrial,Oil products,Other kerosene,Transformation processes,CO2e,0.0,0.0,0.0,0.0,0.0,0.0,0.0,0.0,0.0,0.0,0.0,0.0,0.0,0.0,0.0,0.0,0.0,0.0,0.0,0.0,0.0,0.0,0.0,0.0,0.0,0.0,0.0,0.0,0.0,0.0,0.0,0.0,0.0,0.0,0.0,0.0,0.0,0.0,0.0,0.0,0.0,0.0,0.0,0.0,0.0,0.0,0.0,0.0,0.0,0.0,0.0,0.0,0.0,0.0,0.0,0.0,0.0,0.0,0.0,0.0,0.0
pathway,Residential,Biofuels and Waste,Primary solid biofuels,Final consumption,CO2e,0.0,0.0,0.0,0.0,0.0,0.0,0.0,0.0,0.0,0.0,0.0,0.0,0.0,0.0,0.0,0.0,0.0,0.0,0.0,0.0,0.0,0.0,0.0,0.0,0.0,0.0,0.0,0.0,0.0,0.0,0.0,0.0,0.0,0.0,0.0,0.0,0.0,0.0,0.0,0.0,0.0,0.0,0.0,0.0,0.0,0.0,0.0,0.0,0.0,0.0,0.0,0.0,0.0,0.0,0.0,0.0,0.0,0.0,0.0,0.0,0.0
pathway,Residential,Electricity and Heat,Electricity,Final consumption,CO2e,0.0,0.0,0.0,0.0,0.0,0.0,0.0,0.0,0.0,0.0,0.0,0.0,0.0,0.0,0.0,0.0,0.0,0.0,0.0,0.0,0.0,0.0,0.0,0.0,0.0,0.0,0.0,0.0,0.0,0.0,0.0,0.0,0.0,0.0,0.0,0.0,0.0,0.0,0.0,0.0,0.0,0.0,0.0,0.0,0.0,0.0,0.0,0.0,0.0,0.0,0.0,0.0,0.0,0.0,0.0,0.0,0.0,0.0,0.0,0.0,0.0
pathway,Residential,Electricity and Heat,Solar thermal,Final consumption,CO2e,0.0,0.0,0.0,0.0,0.0,0.0,0.0,0.0,0.0,0.0,0.0,0.0,0.0,0.0,0.0,0.0,0.0,0.0,0.0,0.0,0.0,0.0,0.0,0.0,0.0,0.0,0.0,0.0,0.0,0.0,0.0,0.0,0.0,0.0,0.0,0.0,0.0,0.0,0.0,0.0,0.0,0.0,0.0,0.0,0.0,0.0,0.0,0.0,0.0,0.0,0.0,0.0,0.0,0.0,0.0,0.0,0.0,0.0,0.0,0.0,0.0
pathway,Residential,Emissions,Residential Buildings,Emissions,CO2e,0.0,0.0,0.0,0.0,0.0,0.0,0.0,0.0,0.0,0.0,0.0,0.0,0.0,0.0,0.0,0.0,0.0,0.0,0.0,0.0,0.0,0.0,0.0,0.0,0.0,0.0,0.0,0.0,0.0,0.0,0.0,0.0002374802183067,0.0004969818891784,0.0007810242074064,0.001092354788756,0.0014339358937698,0.0018089187446728,0.0022206052454014,0.0026723980871703,0.0031677426215004,0.003710066912244,0.0043027297532223,0.0049489896961223,0.0056520107305593,0.0064149217685203,0.0072409474756116,0.0081336279135997,0.0090971454949406,0.0101367826244698,0.0112595463424431,0.0124750240172928,0.0137965886187234,0.0152431774267212,0.0168420780890279,0.0186336022514459,0.0206795616523454,0.0230801422448061,0.0260117997468352,0.0298282027762302,0.035413116445359,0.0462944943252747
pathway,Residential,Oil products,Gas/diesel oil excl. biofuels,Final consumption,CO2e,0.0,0.0,0.0,0.0,0.0,0.0,0.0,0.0,0.0,0.0,0.0,0.0,0.0,0.0,0.0,0.0,0.0,0.0,0.0,0.0,0.0,0.0,0.0,0.0,0.0,0.0,0.0,0.0,0.0,0.0,0.0,0.0,0.0,0.0,0.0,0.0,0.0,0.0,0.0,0.0,0.0,0.0,0.0,0.0,0.0,0.0,0.0,0.0,0.0,0.0,0.0,0.0,0.0,0.0,0.0,0.0,0.0,0.0,0.0,0.0,0.0
pathway,Residential,Oil products,Liquified petroleum gases (LPG),Final consumption,CO2e,0.0,0.0,0.0,0.0,0.0,0.0,0.0,0.0,0.0,0.0,0.0,0.0,0.0,0.0,0.0,0.0,0.0,0.0,0.0,0.0,0.0,0.0,0.0,0.0,0.0,0.0,0.0,0.0,0.0,0.0,0.0,0.0188299210289859,0.0400035551494613,0.0636921071098459,0.0900362042190264,0.1191307981110556,0.1510085512031345,0.1856229211220229,0.2228327137072441,0.2623903467124472,0.3039362899756346,0.3470019513869412,0.3910225391625727,0.4353601501185572,0.4793356877259409,0.522266552326169,0.5635058067866011,0.6024780813819176,0.638708006378855,0.6718383229764149,0.701636646575049,0.7279916593496651,0.7509008799068908,0.7704528768918928,0.7868068606383677,0.8001721641729195,0.8107894407819147,0.8189146707979327,0.8248064305362307,0.8287164015229536,0.8308827984601748
pathway,Residential,Oil products,Other kerosene,Final consumption,CO2e,0.0,0.0,0.0,0.0,0.0,0.0,0.0,0.0,0.0,0.0,0.0,0.0,0.0,0.0,0.0,0.0,0.0,0.0,0.0,0.0,0.0,0.0,0.0,0.0,0.0,0.0,0.0,0.0,0.0,0.0,0.0,0.0,0.0,0.0,0.0,0.0,0.0,0.0,0.0,0.0,0.0,0.0,0.0,0.0,0.0,0.0,0.0,0.0,0.0,0.0,0.0,0.0,0.0,0.0,0.0,0.0,0.0,0.0,0.0,0.0,0.0
pathway,Transportation,Biofuels and Waste,Biodiesels,Final consumption,CO2e,,,,,,,,,,,,,,,,,,,,,,,,,,,,,,,,,,,,,,,,,,,,,,,,,,,,,,,,,,,,,
pathway,Transportation,Biofuels and Waste,Biodiesels,Final consumption,CO2e,,,,,,,,,,,,,,,,,,,,,,,,,,,,,,,,,,,,,,,,,,,,,,,,,,,,,,,,,,,,,
pathway,Transportation,Coal,Other bituminous coal,Final consumption,CO2e,,,,,,,,,,,,,,,,,,,,,,,,,,,,,,,,,,,,,,,,,,,,,,,,,,,,,,,,,,,,,
pathway,Transportation,"Crude, NGL, refinery feedstocks",Other hydrocarbons,Final consumption,CO2e,,,,,,,,,,,,,,,,,,,,,,,,,,,,,,,,,,,,,,,,,,,,,,,,,,,,,,,,,,,,,
pathway,Transportation,"Crude, NGL, refinery feedstocks",Other hydrocarbons,Final consumption,CO2e,,,,,,,,,,,,,,,,,,,,,,,,,,,,,,,,,,,,,,,,,,,,,,,,,,,,,,,,,,,,,
pathway,Transportation,Electricity and Heat,Electricity,Final consumption,CO2e,,,,,,,,,,,,,,,,,,,,,,,,,,,,,,,,,,,,,,,,,,,,,,,,,,,,,,,,,,,,,
pathway,Transportation,Electricity and Heat,Electricity,Final consumption,CO2e,,,,,,,,,,,,,,,,,,,,,,,,,,,,,,,,,,,,,,,,,,,,,,,,,,,,,,,,,,,,,
pathway,Transportation,Electricity and Heat,Electricity,Final consumption,CO2e,,,,,,,,,,,,,,,,,,,,,,,,,,,,,,,,,,,,,,,,,,,,,,,,,,,,,,,,,,,,,
pathway,Transportation,Electricity and Heat,Electricity,Final consumption,CO2e,,,,,,,,,,,,,,,,,,,,,,,,,,,,,,,,,,,,,,,,,,,,,,,,,,,,,,,,,,,,,
pathway,Transportation,Emissions,Maritime Transport,Emissions,CO2e,0.0,0.0,0.0,0.0,0.0,0.0,0.0,0.0,0.0,0.0,0.0,0.0,0.0,0.0,0.0,0.0,0.0,0.0,0.0,0.0,0.0,0.0,0.0,0.0,0.0,0.0,0.0,0.0,0.0,0.0,0.0,0.0,0.0,0.0,0.0,0.0,0.0,0.0,0.0,0.0,0.0,0.0,0.0,0.0,0.0,0.0,0.0,0.0,0.0,0.0,0.0,0.0,0.0,0.0,0.0,0.0,0.0,0.0,0.0,0.0,0.0
pathway,Transportation,Emissions,Other Transport,Emissions,CO2e,0.0,0.0,0.0,0.0,0.0,0.0,0.0,0.0,0.0,0.0,0.0,0.0,0.0,0.0,0.0,0.0,0.0,0.0,0.0,0.0,0.0,0.0,0.0,0.0,0.0,0.0,0.0,0.0,0.0,0.0,0.0,0.0,0.0,0.0,0.0,0.0,0.0,0.0,0.0,0.0,0.0,0.0,0.0,0.0,0.0,0.0,0.0,0.0,0.0,0.0,0.0,0.0,0.0,0.0,0.0,0.0,0.0,0.0,0.0,0.0,0.0
pathway,Transportation,Emissions,Rail Transport,Emissions,CO2e,0.0,0.0,0.0,0.0,0.0,0.0,0.0,0.0,0.0,0.0,0.0,0.0,0.0,0.0,0.0,0.0,0.0,0.0,0.0,0.0,0.0,0.0,0.0,0.0,0.0,0.0,0.0,0.0,0.0,0.0,0.0,0.0,0.0,0.0,0.0,0.0,0.0,0.0,0.0,0.0,0.0,0.0,0.0,0.0,0.0,0.0,0.0,0.0,0.0,0.0,0.0,0.0,0.0,0.0,0.0,0.0,0.0,0.0,0.0,0.0,0.0
pathway,Transportation,Emissions,Road Transport,Emissions,CO2e,0.0,0.0,0.0,0.0,0.0,0.0,0.0,0.0,0.0,0.0,0.0,0.0,0.0,0.0,0.0,0.0,0.0,0.0,0.0,0.0,0.0,0.0,0.0,0.0,0.0,0.0,0.0,0.0,0.0,0.0,0.0,0.0035709216397386,0.007472973518702,0.0117440360433747,0.0164254243205839,0.0215616810088867,0.0272001901292036,0.0333906014599705,0.04018408028886,0.0476324333743285,0.0557872075250962,0.0646989079564264,0.0744165325714156,0.0849876573706005,0.0964593309022667,0.1088800415343271,0.1223030201558934,0.1367911564983792,0.1524238805617734,0.1693065551921222,0.1875833428870201,0.2074553291400143,0.2292072683756423,0.2532494770931528,0.2801881098992638,0.310952612099804,0.347049451014044,0.3911319404479734,0.4485180935379915,0.532496831722252,0.696116976669618
pathway,Transportation,Hydrogen,Hydrogen,Final consumption,CO2e,,,,,,,,,,,,,,,,,,,,,,,,,,,,,,,,,,,,,,,,,,,,,,,,,,,,,,,,,,,,,
pathway,Transportation,Hydrogen,Hydrogen,Final consumption,CO2e,,,,,,,,,,,,,,,,,,,,,,,,,,,,,,,,,,,,,,,,,,,,,,,,,,,,,,,,,,,,,
pathway,Transportation,Natural gas,Natural gas,Final consumption,CO2e,,,,,,,,,,,,,,,,,,,,,,,,,,,,,,,,,,,,,,,,,,,,,,,,,,,,,,,,,,,,,
pathway,Transportation,Oil products,Aviation gasoline,Final consumption,CO2e,,,,,,,,,,,,,,,,,,,,,,,,,,,,,,,,,,,,,,,,,,,,,,,,,,,,,,,,,,,,,
pathway,Transportation,Oil products,Fuel oil,Final consumption,CO2e,,,,,,,,,,,,,,,,,,,,,,,,,,,,,,,,,,,,,,,,,,,,,,,,,,,,,,,,,,,,,
pathway,Transportation,Oil products,Fuel oil,Supply,CO2e,0.0,0.0,0.0,0.0,0.0,0.0,0.0,0.0,0.0,0.0,0.0,0.0,0.0,0.0,0.0,0.0,0.0,0.0,0.0,0.0,0.0,0.0,0.0,0.0,0.0,0.0,0.0,0.0,0.0,0.0,0.0,0.0,0.0,0.0,0.0,0.0,0.0,0.0,0.0,0.0,0.0,0.0,0.0,0.0,0.0,0.0,0.0,0.0,0.0,0.0,0.0,0.0,0.0,0.0,0.0,0.0,0.0,0.0,0.0,0.0,0.0
pathway,Transportation,Oil products,Gas/diesel oil excl. biofuels,Final consumption,CO2e,0.0,0.0,0.0,0.0,0.0,0.0,0.0,0.0,0.0,0.0,0.0,0.0,0.0,0.0,0.0,0.0,0.0,0.0,0.0,0.0,0.0,0.0,0.0,0.0,0.0,0.0,0.0,0.0,0.0,0.0,0.0,0.0193619458776148,0.0418217450117648,0.0677130289659189,0.0973590342526806,0.1310551422337336,0.1690477185811341,0.2115100509097023,0.2585169355685526,0.3100202757659056,0.365828755938778,0.4255950265827102,0.4888136375260308,0.5548320401820797,0.6228753539679709,0.6920834992363275,0.7615571844973092,0.8304076321678451,0.8978042731501858,0.9630151146942588,1.0254359376495967,1.0846064919793583,1.140213912762298,1.1920852274792553,1.240171818201417,1.284529007713829,1.3252936908766473,1.362662344014968,1.3968710264232036,1.4281782990431906,1.4568514195396622
pathway,Transportation,Oil products,Gas/diesel oil excl. biofuels,Final consumption,CO2e,0.0,0.0,0.0,0.0,0.0,0.0,0.0,0.0,0.0,0.0,0.0,0.0,0.0,0.0,0.0,0.0,0.0,0.0,0.0,0.0,0.0,0.0,0.0,0.0,0.0,0.0,0.0,0.0,0.0,0.0,0.0,0.0188897032952339,0.0408017024505018,0.0660614916740669,0.0949844236611514,0.1278586753499839,0.164924603493789,0.2063512691801978,0.2522116444571245,0.3024588056252737,0.3569061033549053,0.4152146600806931,0.4768913536839322,0.5412995513971509,0.6076832721638739,0.6752034138891,0.7429826190217653,0.8101537874808247,0.875906607951401,0.9395269411651308,1.000425305023997,1.058152675101813,1.1124038173290716,1.1630099780285417,1.2099237250745531,1.2531990319159307,1.2929694545138022,1.3294266770877736,1.3628010013884913,1.393344681993357,1.4213184580874754
pathway,Transportation,Oil products,Gas/diesel oil excl. biofuels,Final consumption,CO2e,0.0,0.0,0.0,0.0,0.0,0.0,0.0,0.0,0.0,0.0,0.0,0.0,0.0,0.0,0.0,0.0,0.0,0.0,0.0,0.0,0.0,0.0,0.0,0.0,0.0,0.0,0.0,0.0,0.0,0.0,0.0,0.0051946684061893,0.0112204681738881,0.0181669102103684,0.0261207165068168,0.0351611357212455,0.045354265960792,0.0567465990245543,0.0693582022257092,0.0831761715469502,0.0981491784225989,0.1141840315221905,0.1311451222630814,0.1488573766342166,0.1671128998450653,0.1856809388195025,0.2043202202309855,0.2227922915572268,0.2408743171866352,0.258369908820411,0.2751169588815992,0.2909919856529986,0.3059110497654947,0.3198277439578491,0.3327290243955022,0.344629733776881,0.3555665999912957,0.3655923361991379,0.3747702753818352,0.3831697875481732,0.3908625759740557
pathway,Transportation,Oil products,Gas/diesel oil excl. biofuels,Final consumption,CO2e,0.0,0.0,0.0,0.0,0.0,0.0,0.0,0.0,0.0,0.0,0.0,0.0,0.0,0.0,0.0,0.0,0.0,0.0,0.0,0.0,0.0,0.0,0.0,0.0,0.0,0.0,0.0,0.0,0.0,0.0,0.0,0.0037779406590467,0.0081603404901002,0.0132122983348134,0.0189968847322303,0.0255717350699967,0.0329849206987578,0.0412702538360394,0.0504423288914248,0.0604917611250546,0.0713812206709811,0.0830429320161386,0.0953782707367864,0.1082599102794301,0.1215366544327747,0.13504068277782,0.148596523804353,0.1620307574961649,0.1751813215902802,0.1879053882330261,0.2000850610047993,0.2116305350203626,0.2224807634658143,0.2326019956057083,0.2419847450149106,0.2506398063831861,0.2585938909027604,0.2658853354175548,0.2725602002776983,0.2786689363986713,0.284263691617495
pathway,Transportation,Oil products,Gas/diesel oil excl. biofuels,Final consumption,CO2e,,,,,,,,,,,,,,,,,,,,,,,,,,,,,,,,,,,,,,,,,,,,,,,,,,,,,,,,,,,,,
pathway,Transportation,Oil products,Gas/diesel oil excl. biofuels,Final consumption,CO2e,,,,,,,,,,,,,,,,,,,,,,,,,,,,,,,,,,,,,,,,,,,,,,,,,,,,,,,,,,,,,
pathway,Transportation,Oil products,Gasoline type jet fuel,Final consumption,CO2e,,,,,,,,,,,,,,,,,,,,,,,,,,,,,,,,,,,,,,,,,,,,,,,,,,,,,,,,,,,,,
pathway,Transportation,Oil products,Gasoline type jet fuel,Final consumption,CO2e,,,,,,,,,,,,,,,,,,,,,,,,,,,,,,,,,,,,,,,,,,,,,,,,,,,,,,,,,,,,,
pathway,Transportation,Oil products,Kerosene type jet fuel excl. biofuels,Final consumption,CO2e,,,,,,,,,,,,,,,,,,,,,,,,,,,,,,,,,,,,,,,,,,,,,,,,,,,,,,,,,,,,,
pathway,Transportation,Oil products,Kerosene type jet fuel excl. biofuels,Final consumption,CO2e,,,,,,,,,,,,,,,,,,,,,,,,,,,,,,,,,,,,,,,,,,,,,,,,,,,,,,,,,,,,,
pathway,Transportation,Oil products,Kerosene type jet fuel excl. biofuels,Supply,CO2e,0.0,0.0,0.0,0.0,0.0,0.0,0.0,0.0,0.0,0.0,0.0,0.0,0.0,0.0,0.0,0.0,0.0,0.0,0.0,0.0,0.0,0.0,0.0,0.0,0.0,0.0,0.0,0.0,0.0,0.0,0.0,0.0213807828301031,0.0461824267728327,0.0747733505836631,0.1075104940930442,0.1447200375716026,0.186674034818286,0.2335638418508756,0.285472053905768,0.3423455592210398,0.4039730940874529,0.4699710914623177,0.5397813987498014,0.6126834272391607,0.6878215008755858,0.7642458609791716,0.840963448475857,0.9169928144654114,0.9914167878320476,1.0634270521946845,1.1323563875063485,1.1976965542467233,1.2591020656047922,1.3163819135129216,1.3694824107340848,1.418464648465422,1.4634797953598189,1.504744813992456,1.542520377156284,1.577092005499935,1.6087548231873463
pathway,Transportation,Oil products,Liquified petroleum gases (LPG),Final consumption,CO2e,,,,,,,,,,,,,,,,,,,,,,,,,,,,,,,,,,,,,,,,,,,,,,,,,,,,,,,,,,,,,
pathway,Transportation,Oil products,Lubricants,Final consumption,CO2e,,,,,,,,,,,,,,,,,,,,,,,,,,,,,,,,,,,,,,,,,,,,,,,,,,,,,,,,,,,,,
pathway,Transportation,Oil products,Motor gasoline excl. biofuels,Final consumption,CO2e,0.0,0.0,0.0,0.0,0.0,0.0,0.0,0.0,0.0,0.0,0.0,0.0,0.0,0.0,0.0,0.0,0.0,0.0,0.0,0.0,0.0,0.0,0.0,0.0,0.0,0.0,0.0,0.0,0.0,0.0,0.0,0.0674452999355308,0.1456816455316536,0.2358712072132007,0.3391399453397579,0.4565167897854207,0.5888599294301033,0.7367729934353875,0.9005165270084485,1.0799229900390168,1.27432595490616,1.4825154661819075,1.702730841409736,1.93269899629182,2.1697207159012426,2.4108000033401504,2.6528042713859,2.892637556903115,3.127406659886538,3.354561760659404,3.57199812542648,3.7781125216420097,3.9718151172929295,4.152503380820214,4.320007956787597,4.474521556292107,4.616521038166079,4.746690807001902,4.865853150498079,4.974908738472823,5.074788534862916
pathway,Transportation,Oil products,Motor gasoline excl. biofuels,Final consumption,CO2e,0.0,0.0,0.0,0.0,0.0,0.0,0.0,0.0,0.0,0.0,0.0,0.0,0.0,0.0,0.0,0.0,0.0,0.0,0.0,0.0,0.0,0.0,0.0,0.0,0.0,0.0,0.0,0.0,0.0,0.0,0.0,0.0658002926200285,0.1421284346650271,0.2301182509397081,0.330868239355861,0.4453822339369964,0.574497492126929,0.7188029204247681,0.8785527092765366,1.0535834049161128,1.24324483405479,1.4463565523725928,1.6612008208875475,1.885559996382265,2.116800698440238,2.3520000032586847,2.5881017281813667,2.822085421368893,3.0511284486697945,3.272743181131127,3.484876219928273,3.6859634357483033,3.8749415778467617,4.051222810556308,4.214641909061072,4.365386884187424,4.503922964064469,4.630917860489663,4.747173805363983,4.853569500949098,4.95101320474431
pathway,Transportation,Oil products,Motor gasoline excl. biofuels,Final consumption,CO2e,0.0,0.0,0.0,0.0,0.0,0.0,0.0,0.0,0.0,0.0,0.0,0.0,0.0,0.0,0.0,0.0,0.0,0.0,0.0,0.0,0.0,0.0,0.0,0.0,0.0,0.0,0.0,0.0,0.0,0.0,0.0,0.0180950804705082,0.039085319532883,0.06328251900842,0.0909887658228618,0.1224801143326737,0.1579868103349058,0.1976708031168113,0.2416019950510475,0.2897354363519312,0.3418923293650676,0.3977480519024632,0.4568302257440755,0.5185289990051227,0.5821201920710654,0.6468000008961388,0.7117279752498756,0.7760734908764457,0.8390603233841936,0.9000043748110601,0.9583409604802748,1.0136399448307831,1.0656089339078598,1.1140862729029848,1.159026524991795,1.200481393151542,1.2385788151177293,1.2735024116346574,1.3054727964750956,1.3347316127610025,1.3615286313046853
pathway,Transportation,Oil products,Motor gasoline excl. biofuels,Final consumption,CO2e,0.0,0.0,0.0,0.0,0.0,0.0,0.0,0.0,0.0,0.0,0.0,0.0,0.0,0.0,0.0,0.0,0.0,0.0,0.0,0.0,0.0,0.0,0.0,0.0,0.0,0.0,0.0,0.0,0.0,0.0,0.0,0.013160058524006,0.0284256869330056,0.0460236501879415,0.066173647871172,0.0890764467873991,0.114899498425386,0.1437605840849536,0.1757105418553072,0.2107166809832226,0.248648966810958,0.2892713104745187,0.3322401641775094,0.3771119992764529,0.4233601396880476,0.470400000651737,0.5176203456362732,0.5644170842737786,0.610225689733959,0.6545486362262253,0.6969752439856546,0.7371926871496607,0.7749883155693524,0.8102445621112614,0.8429283818122144,0.8730773768374848,0.9007845928128936,0.9261835720979325,0.9494347610727965,0.9707139001898198,0.9902026409488618
pathway,Transportation,Oil products,Motor gasoline excl. biofuels,Final consumption,CO2e,,,,,,,,,,,,,,,,,,,,,,,,,,,,,,,,,,,,,,,,,,,,,,,,,,,,,,,,,,,,,
pathway,Transportation,Oil products,Motor gasoline excl. biofuels,Final consumption,CO2e,,,,,,,,,,,,,,,,,,,,,,,,,,,,,,,,,,,,,,,,,,,,,,,,,,,,,,,,,,,,,
pathway,Transportation,Oil products,Other kerosene,Final consumption,CO2e,0.0,0.0,0.0,0.0,0.0,0.0,0.0,0.0,0.0,0.0,0.0,0.0,0.0,0.0,0.0,0.0,0.0,0.0,0.0,0.0,0.0,0.0,0.0,0.0,0.0,0.0,0.0,0.0,0.0,0.0,0.0,0.0,0.0,0.0,0.0,0.0,0.0,0.0,0.0,0.0,0.0,0.0,0.0,0.0,0.0,0.0,0.0,0.0,0.0,0.0,0.0,0.0,0.0,0.0,0.0,0.0,0.0,0.0,0.0,0.0,0.0
pathway,Transportation,Oil products,Other kerosene,Final consumption,CO2e,0.0,0.0,0.0,0.0,0.0,0.0,0.0,0.0,0.0,0.0,0.0,0.0,0.0,0.0,0.0,0.0,0.0,0.0,0.0,0.0,0.0,0.0,0.0,0.0,0.0,0.0,0.0,0.0,0.0,0.0,0.0,0.0,0.0,0.0,0.0,0.0,0.0,0.0,0.0,0.0,0.0,0.0,0.0,0.0,0.0,0.0,0.0,0.0,0.0,0.0,0.0,0.0,0.0,0.0,0.0,0.0,0.0,0.0,0.0,0.0,0.0
pathway,Transportation,Oil products,Other kerosene,Final consumption,CO2e,0.0,0.0,0.0,0.0,0.0,0.0,0.0,0.0,0.0,0.0,0.0,0.0,0.0,0.0,0.0,0.0,0.0,0.0,0.0,0.0,0.0,0.0,0.0,0.0,0.0,0.0,0.0,0.0,0.0,0.0,0.0,0.0,0.0,0.0,0.0,0.0,0.0,0.0,0.0,0.0,0.0,0.0,0.0,0.0,0.0,0.0,0.0,0.0,0.0,0.0,0.0,0.0,0.0,0.0,0.0,0.0,0.0,0.0,0.0,0.0,0.0
pathway,Transportation,Oil products,Other kerosene,Final consumption,CO2e,0.0,0.0,0.0,0.0,0.0,0.0,0.0,0.0,0.0,0.0,0.0,0.0,0.0,0.0,0.0,0.0,0.0,0.0,0.0,0.0,0.0,0.0,0.0,0.0,0.0,0.0,0.0,0.0,0.0,0.0,0.0,0.0,0.0,0.0,0.0,0.0,0.0,0.0,0.0,0.0,0.0,0.0,0.0,0.0,0.0,0.0,0.0,0.0,0.0,0.0,0.0,0.0,0.0,0.0,0.0,0.0,0.0,0.0,0.0,0.0,0.0
pathway,Transportation,Oil products,Other kerosene,Final consumption,CO2e,,,,,,,,,,,,,,,,,,,,,,,,,,,,,,,,,,,,,,,,,,,,,,,,,,,,,,,,,,,,,
pathway,Transportation,Oil products,Other kerosene,Final consumption,CO2e,,,,,,,,,,,,,,,,,,,,,,,,,,,,,,,,,,,,,,,,,,,,,,,,,,,,,,,,,,,,,
pathway,Transportation,Oil products,Other oil products,Final consumption,CO2e,,,,,,,,,,,,,,,,,,,,,,,,,,,,,,,,,,,,,,,,,,,,,,,,,,,,,,,,,,,,,
pathway,Transportation,Oil products,Other oil products,Final consumption,CO2e,,,,,,,,,,,,,,,,,,,,,,,,,,,,,,,,,,,,,,,,,,,,,,,,,,,,,,,,,,,,,
pathway,Transportation,Oil products,White spirit & industrial spirit (SBP),Final consumption,CO2e,,,,,,,,,,,,,,,,,,,,,,,,,,,,,,,,,,,,,,,,,,,,,,,,,,,,,,,,,,,,,
