model,scenario,region,sector,product_category,product_long,product_short,flow_category,flow_long,flow_short,unit,2010,2011,2012,2013,2014,2015,2016,2017,2018,2019,2020,2021,2022,2023,2024,2025,2026,2027,2028,2029,2030,2031,2032,2033,2034,2035,2036,2037,2038,2039,2040,2041,2042,2043,2044,2045,2046,2047,2048,2049,2050,2051,2052,2053,2054,2055,2056,2057,2058,2059,2060,2061,2062,2063,2064,2065,2066,2067,2068,2069,2070,2071,2072,2073,2074,2075,2076,2077,2078,2079,2080,2081,2082,2083,2084,2085,2086,2087,2088,2089,2090,2091,2092,2093,2094,2095,2096,2097,2098,2099,2100
PD22,baseline,gibraltar,Commercial,Electricity and Heat,Electricity,ELECTR,Final consumption,Commercial and public services,COMMPUB,TJ,,,,,,,,,,,,,,,,,,,,,,,,,,,,,,,,,,,,,,,,,,,,,,,,,,,,,,,,,,,,,,,,,,,,,,,,,,,,,,,,,,,,,,,,,,,
PD22,baseline,gibraltar,Electric Power,Electricity and Heat,Electricity,ELECTR,Energy industry own use and Losses,Losses,DISTLOSS,TJ,17.9991,17.9991,17.9991,21.5997,21.5997,25.2003,21.5997,23.287,23.4963,23.9694,23.4,22.99027325497407,23.23992285533664,23.48957245569921,23.739222056061777,23.988871656424347,24.23852125678692,24.488170857149488,24.737820457512058,24.987470057874628,25.2371196582372,25.486769258599764,25.73641885896233,25.986068459324905,26.235718059687475,26.485367660050045,26.73501726041261,26.98466686077518,27.23431646113775,27.48396606150032,27.73361566186289,27.983265262225466,28.232914862588032,28.4825644629506,28.73221406331317,28.98186366367574,29.23151326403831,29.48116286440088,29.73081246476345,29.98046206512602,30.230111665488582,30.47976126585116,30.72941086621373,30.979060466576296,31.228710066938863,31.478359667301437,31.728009267664007,31.977658868026573,32.22730846838914,32.47695806875171,32.72660766911428,32.976257269476854,33.22590686983942,33.475556470201994,33.72520607056456,33.97485567092713,34.2245052712897,34.47415487165227,34.72380447201484,34.97345407237741,35.22310367273998,35.47275327310255,35.722402873465114,35.97205247382769,36.221702074190254,36.47135167455282,36.7210012749154,36.97065087527797,37.220300475640535,37.4699500760031,37.71959967636568,37.96924927672824,38.21889887709081,38.46854847745338,38.71819807781595,38.96784767817852,39.21749727854109,39.46714687890366,39.71679647926623,39.9664460796288,40.21609567999137,40.46574528035394,40.7153948807165,40.96504448107908,41.21469408144165,41.464343681804216,41.71399328216678,41.96364288252936,42.21329248289192,42.46294208325449,42.71259168361706
PD22,baseline,gibraltar,Electric Power,Electricity and Heat,Electricity,ELECTR,Energy industry own use and Losses,"Own use in electricity, CHP and heat plants",EPOWERPLT,TJ,14.3984,10.8019,14.3984,14.3984,14.3984,14.3984,14.3984,15.3739,15.5079,15.8177,15.4451,15.174661087623932,15.339441559528204,15.504222031432471,15.669002503336744,15.833782975241014,15.998563447145283,16.163343919049556,16.328124390953825,16.492904862858094,16.657685334762366,16.822465806666635,16.987246278570904,17.152026750475176,17.316807222379445,17.481587694283714,17.646368166187987,17.811148638092256,17.975929109996528,18.1407095819008,18.305490053805062,18.47027052570934,18.635050997613607,18.79983146951788,18.96461194142215,19.129392413326418,19.294172885230687,19.45895335713496,19.623733829039228,19.788514300943497,19.95329477284777,20.11807524475204,20.282855716656307,20.44763618856058,20.61241666046485,20.77719713236912,20.94197760427339,21.10675807617766,21.271538548081928,21.4363190199862,21.60109949189047,21.765879963794735,21.93066043569901,22.09544090760328,22.26022137950755,22.42500185141182,22.58978232331609,22.75456279522036,22.91934326712463,23.084123739028904,23.24890421093317,23.41368468283744,23.578465154741718,23.743245626645983,23.90802609855025,24.072806570454524,24.237587042358797,24.402367514263062,24.56714798616733,24.731928458071604,24.896708929975876,25.061489401880145,25.22626987378441,25.391050345688683,25.555830817592955,25.720611289497224,25.885391761401493,26.05017223330577,26.214952705210035,26.379733177114304,26.544513649018576,26.709294120922845,26.874074592827117,27.038855064731383,27.20363553663565,27.368416008539924,27.5331964804442,27.697976952348466,27.86275742425273,28.027537896157007,28.19231836806128
PD22,baseline,gibraltar,Electric Power,Electricity and Heat,Electricity,ELECTR,Transformation processes,Main activity producer electricity plants,MAINELEC,TJ,0.0,0.0,0.0,0.0,0.0,0.0,0.0,0.0,0.0,0.0,0.0,0.0,0.0,0.0,0.0,0.0,0.0,0.0,0.0,0.0,0.0,0.0,0.0,0.0,0.0,0.0,0.0,0.0,0.0,0.0,0.0,0.0,0.0,0.0,0.0,0.0,0.0,0.0,0.0,0.0,0.0,0.0,0.0,0.0,0.0,0.0,0.0,0.0,0.0,0.0,0.0,0.0,0.0,0.0,0.0,0.0,0.0,0.0,0.0,0.0,0.0,0.0,0.0,0.0,0.0,0.0,0.0,0.0,0.0,0.0,0.0,0.0,0.0,0.0,0.0,0.0,0.0,0.0,0.0,0.0,0.0,0.0,0.0,0.0,0.0,0.0,0.0,0.0,0.0,0.0,0.0
PD22,baseline,gibraltar,Electric Power,Electricity and Heat,Offshore wind energy,OFFSHORE,Electricity output,Electricity output -main activity producer electricity plants,ELMAINE,TJ,0.0,0.0,0.0,0.0,0.0,0.0,0.0,0.0,0.0,0.0,0.0,0.0,0.0,0.0,0.0,0.0,0.0,0.0,0.0,0.0,0.0,0.0,0.0,0.0,0.0,0.0,0.0,0.0,0.0,0.0,0.0,0.0,0.0,0.0,0.0,0.0,0.0,0.0,0.0,0.0,0.0,0.0,0.0,0.0,0.0,0.0,0.0,0.0,0.0,0.0,0.0,0.0,0.0,0.0,0.0,0.0,0.0,0.0,0.0,0.0,0.0,0.0,0.0,0.0,0.0,0.0,0.0,0.0,0.0,0.0,0.0,0.0,0.0,0.0,0.0,0.0,0.0,0.0,0.0,0.0,0.0,0.0,0.0,0.0,0.0,0.0,0.0,0.0,0.0,0.0,0.0
PD22,baseline,gibraltar,Electric Power,Electricity and Heat,Onshore wind energy,ONSHORE,Electricity output,Electricity output -main activity producer electricity plants,ELMAINE,TJ,0.0,0.0,0.0,0.0,0.0,0.0,0.0,0.0,0.0,0.0,0.0,0.0,0.0,0.0,0.0,0.0,0.0,0.0,0.0,0.0,0.0,0.0,0.0,0.0,0.0,0.0,0.0,0.0,0.0,0.0,0.0,0.0,0.0,0.0,0.0,0.0,0.0,0.0,0.0,0.0,0.0,0.0,0.0,0.0,0.0,0.0,0.0,0.0,0.0,0.0,0.0,0.0,0.0,0.0,0.0,0.0,0.0,0.0,0.0,0.0,0.0,0.0,0.0,0.0,0.0,0.0,0.0,0.0,0.0,0.0,0.0,0.0,0.0,0.0,0.0,0.0,0.0,0.0,0.0,0.0,0.0,0.0,0.0,0.0,0.0,0.0,0.0,0.0,0.0,0.0,0.0
PD22,baseline,gibraltar,Industrial,Electricity and Heat,Electricity,ELECTR,Final consumption,Final consumption not elsewhere specified,ONONSPEC,TJ,586.801,572.3984,543.6016,612.0013,615.602,712.7985,619.1984,614.9739,620.4377,632.9102,617.934,629.238552363351,639.2583494200991,649.278146476847,659.2979435335951,669.3177405903432,679.3375376470912,689.3573347038392,699.3771317605873,709.3969288173353,719.4167258740833,729.4365229308314,739.4563199875794,749.4761170443275,759.4959141010754,769.5157111578235,779.5355082145716,789.5553052713196,799.5751023280676,809.5948993848157,819.6146964415636,829.6344934983117,839.6542905550598,849.6740876118079,859.6938846685558,869.7136817253039,879.7334787820519,889.7532758387999,899.773072895548,909.792869952296,919.812667009044,929.832464065792,939.85226112254,949.8720581792882,959.8918552360362,969.9116522927844,979.9314493495324,989.9512464062802,999.9710434630284,1009.9908405197764,1020.0106375765243,1030.0304346332723,1040.0502316900206,1050.0700287467685,1060.0898258035163,1070.1096228602646,1080.129419917013,1090.1492169737608,1100.1690140305086,1110.188811087257,1120.2086081440048,1130.2284052007528,1140.248202257501,1150.2679993142488,1160.287796370997,1170.307593427745,1180.327390484493,1190.347187541241,1200.366984597989,1210.3867816547372,1220.406578711485,1230.4263757682331,1240.4461728249812,1250.4659698817293,1260.4857669384774,1270.5055639952252,1280.5253610519735,1290.5451581087214,1300.5649551654694,1310.5847522222175,1320.6045492789654,1330.6243463357137,1340.6441433924615,1350.6639404492096,1360.6837375059577,1370.7035345627055,1380.7233316194538,1390.7431286762016,1400.76292573295,1410.7827227896978,1420.802519846446
PD22,pathway,gibraltar,Commercial,Electricity and Heat,Electricity,ELECTR,Final consumption,Commercial and public services,COMMPUB,TJ,,,,,,,,,,,,,,,,,,,,,,,,,,,,,,,,,,,,,,,,,,,,,,,,,,,,,,,,,,,,,,,,,,,,,,,,,,,,,,,,,,,,,,,,,,,
PD22,pathway,gibraltar,Electric Power,Electricity and Heat,Electricity,ELECTR,Energy industry own use and Losses,Losses,DISTLOSS,TJ,17.9991,17.9991,17.9991,21.5997,21.5997,25.2003,21.5997,23.287,23.4963,23.9694,23.4,22.99027325497407,23.23992285533664,23.48957245569921,23.739222056061777,23.988871656424347,24.23852125678692,24.488170857149488,24.737820457512058,24.987470057874628,25.2371196582372,25.486769258599764,25.73641885896233,25.986068459324905,26.235718059687475,26.485367660050045,26.73501726041261,26.98466686077518,27.23431646113775,27.48396606150032,27.73361566186289,27.983265262225466,28.232914862588032,28.4825644629506,28.73221406331317,28.98186366367574,29.23151326403831,29.48116286440088,29.73081246476345,29.98046206512602,30.230111665488582,30.47976126585116,30.72941086621373,30.979060466576296,31.228710066938863,31.478359667301437,31.728009267664007,31.977658868026573,32.22730846838914,32.47695806875171,32.72660766911428,32.976257269476854,33.22590686983942,33.475556470201994,33.72520607056456,33.97485567092713,34.2245052712897,34.47415487165227,34.72380447201484,34.97345407237741,35.22310367273998,35.47275327310255,35.722402873465114,35.97205247382769,36.221702074190254,36.47135167455282,36.7210012749154,36.97065087527797,37.220300475640535,37.4699500760031,37.71959967636568,37.96924927672824,38.21889887709081,38.46854847745338,38.71819807781595,38.96784767817852,39.21749727854109,39.46714687890366,39.71679647926623,39.9664460796288,40.21609567999137,40.46574528035394,40.7153948807165,40.96504448107908,41.21469408144165,41.464343681804216,41.71399328216678,41.96364288252936,42.21329248289192,42.46294208325449,42.71259168361706
PD22,pathway,gibraltar,Electric Power,Electricity and Heat,Electricity,ELECTR,Energy industry own use and Losses,"Own use in electricity, CHP and heat plants",EPOWERPLT,TJ,14.3984,10.8019,14.3984,14.3984,14.3984,14.3984,14.3984,15.3739,15.5079,15.8177,15.4451,15.174661087623932,15.339441559528204,15.504222031432471,15.669002503336744,15.833782975241014,15.998563447145283,16.163343919049556,16.328124390953825,16.492904862858094,16.657685334762366,16.822465806666635,16.987246278570904,17.152026750475176,17.316807222379445,17.481587694283714,17.646368166187987,17.811148638092256,17.975929109996528,18.1407095819008,18.305490053805062,18.47027052570934,18.635050997613607,18.79983146951788,18.96461194142215,19.129392413326418,19.294172885230687,19.45895335713496,19.623733829039228,19.788514300943497,19.95329477284777,20.11807524475204,20.282855716656307,20.44763618856058,20.61241666046485,20.77719713236912,20.94197760427339,21.10675807617766,21.271538548081928,21.4363190199862,21.60109949189047,21.765879963794735,21.93066043569901,22.09544090760328,22.26022137950755,22.42500185141182,22.58978232331609,22.75456279522036,22.91934326712463,23.084123739028904,23.24890421093317,23.41368468283744,23.578465154741718,23.743245626645983,23.90802609855025,24.072806570454524,24.237587042358797,24.402367514263062,24.56714798616733,24.731928458071604,24.896708929975876,25.061489401880145,25.22626987378441,25.391050345688683,25.555830817592955,25.720611289497224,25.885391761401493,26.05017223330577,26.214952705210035,26.379733177114304,26.544513649018576,26.709294120922845,26.874074592827117,27.038855064731383,27.20363553663565,27.368416008539924,27.5331964804442,27.697976952348466,27.86275742425273,28.027537896157007,28.19231836806128
PD22,pathway,gibraltar,Electric Power,Electricity and Heat,Offshore wind energy,OFFSHORE,Electricity output,Electricity output -main activity producer electricity plants,ELMAINE,TJ,0.0,0.0,0.0,0.0,0.0,0.0,0.0,0.0,0.0,0.0,0.0,176.39426269375247,187.79035176383783,199.66391228615728,212.0248485023638,224.88266250466123,238.2464105025776,252.12465900851748,266.5254412167931,281.4562138660146,296.9238148877383,312.9344221547512,329.4935136499983,346.6058293816364,364.2753353707342,382.5051900355205,401.297713289619,420.65435866125176,440.5756887259331,461.0613541266326,482.1100764329131,503.71963506423896,525.8868584727481,548.6076197475941,571.8768367668285,595.6884769841906,620.0355668975457,644.9102062036637,670.3035866010918,696.2060151597136,722.6069421328029,749.4949930456131,776.8580048544532,804.6830659323292,832.9565596022176,861.6642109073152,890.7911362797126,920.3218957452008,950.240547282646,980.5307029418328,1011.1755863139348,1042.1580909439476,1073.460839274426,1105.0662417146,1136.9565554381834,1169.1139425266947,1201.520527092486,1234.1584510366065,1267.0099281205958,1300.057296057897,1333.2830663593124,1366.6699716972273,1400.2010105848117,1433.8594891984792,1467.629060204151,1501.4937584798204,1535.4380336582306,1569.4467794436953,1603.5053596859418,1637.5996312210584,1671.715963514937,1705.8412551678082,1739.962947359522,1774.069034333911,1808.1480710369692,1842.1891780375724,1876.182043871156,1910.1169249561765,1943.9846432403947,1977.7765817391712,2011.4846781311824,2045.101416578321,2078.619817936341,2112.033428521033,2145.336307591654,2178.5230137091303,2211.588590121288,2244.5285493213496,2277.33885691914,2310.0159149571664,2342.5565447960203
PD22,pathway,gibraltar,Electric Power,Electricity and Heat,Onshore wind energy,ONSHORE,Electricity output,Electricity output -main activity producer electricity plants,ELMAINE,TJ,0.0,0.0,0.0,0.0,0.0,0.0,0.0,0.0,0.0,0.0,0.0,0.0180268920261159,0.0191915334608722,0.0204049708495532,0.0216682163718757,0.0229822411092545,0.0243479705754159,0.0257662802387099,0.027237991064197,0.0287638651051305,0.0303446011747936,0.0319808306307147,0.033673113304067,0.0354219336075177,0.0372276968548931,0.0390907258257641,0.0410112576073905,0.0429894407453991,0.0450253327330888,0.0471188978673624,0.0492700054969897,0.0514784286862136,0.0537438433136597,0.0560658276231148,0.0584438622390494,0.0608773306558105,0.0633655202052642,0.0659076235033657,0.0685027403717487,0.0711498802260144,0.0738479649180293,0.0765958320152685,0.079392238496151,0.0822358648364351,0.085125319458171,0.0880591435094603,0.0910358159404256,0.0940537588383633,0.0971113429830862,0.1002068935819762,0.1033386961432699,0.1065050024456101,0.1097040365618949,0.1129340008959397,0.116193082191413,0.1194794574738849,0.1227912998886065,0.126126784398773,0.1294840933114765,0.132861421601271,0.1362569820042078,0.1396690098582979,0.1430957676695732,0.1465355493862005,0.149986684366392,0.1534475410291303,0.1569165301799189,0.160392108006861,0.1638727787453176,0.1673570970121747,0.1708436698133354,0.1743311582304279,0.1778182787948666,0.1813038045593189,0.1847865658783005,0.1882654509110565,0.1917394058610774,0.1952074349675616,0.1986686002648734,0.2021220211265723,0.2055668736109168,0.2090023896248864,0.2124278559237427,0.2158426129629707,0.2192460536191285,0.2226376217957014,0.2260168109295233,0.2293831624127068,0.232736263944336,0.2360757478254265,0.239401289209872
PD22,pathway,gibraltar,Industrial,Electricity and Heat,Electricity,ELECTR,Final consumption,Final consumption not elsewhere specified,ONONSPEC,TJ,586.801,572.3984,543.6016,612.0013,615.602,712.7985,619.1984,614.9739,620.4377,632.9102,617.934,629.238552363351,639.2583494200991,649.278146476847,659.2979435335951,669.3177405903432,679.3375376470912,689.3573347038392,699.3771317605873,709.3969288173353,719.4167258740833,729.4365229308314,739.4563199875794,749.4761170443275,759.4959141010754,769.5157111578235,779.5355082145716,789.5553052713196,799.5751023280676,809.5948993848157,819.6146964415636,829.6344934983117,839.6542905550598,849.6740876118079,859.6938846685558,869.7136817253039,879.7334787820519,889.7532758387999,899.773072895548,909.792869952296,919.812667009044,929.832464065792,939.85226112254,949.8720581792882,959.8918552360362,969.9116522927844,979.9314493495324,989.9512464062802,999.9710434630284,1009.9908405197764,1020.0106375765243,1030.0304346332723,1040.0502316900206,1050.0700287467685,1060.0898258035163,1070.1096228602646,1080.129419917013,1090.1492169737608,1100.1690140305086,1110.188811087257,1120.2086081440048,1130.2284052007528,1140.248202257501,1150.2679993142488,1160.287796370997,1170.307593427745,1180.327390484493,1190.347187541241,1200.366984597989,1210.3867816547372,1220.406578711485,1230.4263757682331,1240.4461728249812,1250.4659698817293,1260.4857669384774,1270.5055639952252,1280.5253610519735,1290.5451581087214,1300.5649551654694,1310.5847522222175,1320.6045492789654,1330.6243463357137,1340.6441433924615,1350.6639404492096,1360.6837375059577,1370.7035345627055,1380.7233316194538,1390.7431286762016,1400.76292573295,1410.7827227896978,1420.802519846446
PD22,pathway,gibraltar,Transportation,Electricity and Heat,Electricity,ELECTR,Final consumption,International aviation bunkers,AVBUNK,TJ,0.0,0.0,0.0,0.0,0.0,0.0,0.0,0.0,0.0,0.0,0.0,1.1153179594995717,2.26357004648551,3.4444768194377944,4.657718016232613,5.902932699749003,7.179719543245221,8.48763725677192,9.826205155013994,11.194903866045824,12.593176179570042,14.020428032284268,15.476029627102,16.959316682046314,18.469591803754412,20.00612597967785,21.56816018225968,23.15490707760884,24.765552830498063,26.39925899687793,28.055164494546084,29.73238764212922,31.43002825614592,33.14716979560979,34.88288154341901,36.63622081365524,38.40623517388213,40.19196467159493,41.99244405412024,43.80670497149859,45.63377815219869,47.47269554190371,49.322492396070366,51.18220931748773,53.05089423064406,54.92760428533815,56.81140768264456,58.701385417041045,60.59663292923449,62.4962616649657,64.39940053581539,66.30519727879287,68.2128197122223,70.12145688617346,72.03032012638762,73.9386439713325,75.84568700266466,77.75073256999463,79.65308941141836,81.55209217181408,83.44710182138347,85.33750597735788,87.22271913218255,89.10218279182845,90.97536552818516,92.84176294972764,94.70089759485757,96.55231875247392,98.3956022144436,100.23034996471684,102.05618980986884,103.8727749558514,105.6797835357045,107.47691809292138,109.2639050250702,111.04049399216495,112.80645729414948,114.5615892217041,116.30570538442542,118.03864202024778,119.76025528978916,121.47042055911244,123.16903167418718,124.85600023013762,126.53125483815523,128.19474039274985,129.8464173418082,131.48626096172973,133.11426063971342,134.73041916507415,136.3347520312872
PD22,pathway,gibraltar,Transportation,Electricity and Heat,Electricity,ELECTR,Final consumption,Road – 2&3-wheel,TTROAD,TJ,0.0,0.0,0.0,0.0,0.0,0.0,0.0,0.0,0.0,0.0,0.0,4.088088042085895,8.296892882109805,12.62539025472504,17.072406270685445,21.636617950552225,26.31655427071285,31.110597726356577,36.016986412842684,41.03381662357306,46.15904595912769,51.39049693902935,56.725861104137465,62.16270359434484,67.6984681830232,73.33048274653595,79.05596514419153,84.87202948122088,90.77569272481938,96.76388164097035,102.83344001773932,108.98113613896088,115.20367047081638,121.49768352266472,127.85976384271146,134.2864561086447,140.77426927325163,147.31968472524994,153.91916442611168,160.56915898451192,167.26611563119525,174.0064860584857,180.78673409035625,187.60334315089924,194.45282350117387,201.3317192167057,208.2366148803822,215.16414196804928,222.1109849067817,229.07388678852843,236.04965472455305,243.03516482887187,250.0273668215814,257.0232882456489,264.02003829331983,271.0148112408001,278.00488949223467,284.98764623626187,291.9605477205114,298.92115515136925,305.86712622809955,312.7962163220275,319.7062793129254,326.5952680959814,333.4612347738403,340.3023305490856,347.1168053332928,353.9030070893483,360.659380924155,367.3844679491155,374.076903925919,380.7354177151655,387.3588295452399,393.94604911863786,400.4960735726143,407.0079853106272,413.4809497205652,419.91421279519415,426.3070986696662,432.65900709027176,438.96941082793467,445.2378530492434,451.46394465706345,457.6473616120367,463.78784224552265,469.8851845737787,475.9392436224324,481.9499287695629,487.9172011149944,493.84107088268536,499.7215948624424
PD22,pathway,gibraltar,Transportation,Electricity and Heat,Electricity,ELECTR,Final consumption,Road – Buses&Vans,MEDIUMROAD,TJ,0.0,0.0,0.0,0.0,0.0,0.0,0.0,0.0,0.0,0.0,0.0,5.621121057868107,11.408227712900985,17.35991160024693,23.47455862219249,29.75034968200931,36.18526212223017,42.77707187374029,49.5233563176587,56.42149785741296,63.468688193800574,70.66193329116535,77.99805901818902,85.47371744222417,93.0853937516569,100.82941377648692,108.7019520732634,116.69904053667877,124.81657749662666,133.05033725633427,141.3959800243916,149.84906219107123,158.40504689737253,167.059314843664,175.80717528372833,184.64387714938647,193.56462025072105,202.56456649721872,211.6388510859036,220.78259360370396,229.99090899289357,239.2589183304179,248.58175937423988,257.9545968324866,267.3726323141142,276.8311139229704,286.3253454605256,295.8506952060678,305.4026042468249,314.9765943342267,324.5682752462605,334.1733516396989,343.7876293796745,353.4070213377674,363.0275526533149,372.6453654561003,382.2567230518228,391.8580135748602,401.44575311570327,411.0165883331328,420.567298563637,430.094797442788,439.5961340552726,449.0684936319746,458.5091978140306,467.9157045049929,477.28560733327777,486.6166347478541,495.9066487707133,505.1536434300341,514.3557428981388,523.5111993583528,532.6183906247052,541.6758175381273,550.6821011623449,559.6359798021126,568.5363058657773,577.3820425933923,586.1722606707913,594.906134749124,603.5829398884102,612.20204794271,620.7629239034625,629.2651222165507,637.7082830875939,646.0921287889461,654.4164599808448,662.6811520581492,670.8861515331176,679.0314724636928,687.1171929358588
PD22,pathway,gibraltar,Transportation,Electricity and Heat,Electricity,ELECTR,Final consumption,Road – Light-duty vehicles,LIGHTROAD,TJ,0.0,0.0,0.0,0.0,0.0,0.0,0.0,0.0,0.0,0.0,0.0,20.440440210429475,41.484464410549016,63.1269512736252,85.36203135342721,108.18308975276112,131.58277135356423,155.55298863178285,180.08493206421343,205.16908311786528,230.7952297956384,256.9524846951467,283.6293055206873,310.8135179717242,338.492340915116,366.6524137326797,395.27982572095766,424.3601474061044,453.8784636240968,483.8194082048519,514.1672000886967,544.9056806948045,576.0183523540816,607.4884176133237,639.2988192135573,671.4322805432234,703.8713463662582,736.5984236262497,769.5958221305584,802.8457949225597,836.3305781559762,870.0324302924286,903.9336704517812,938.0167157544964,972.2641175058696,1006.6585960835284,1041.1830744019112,1075.8207098402463,1110.554924533909,1145.3694339426424,1180.2482736227653,1215.1758241443597,1250.136834107907,1285.1164412282449,1320.1001914665992,1355.0740562040005,1390.0244474611732,1424.9382311813094,1459.8027386025572,1494.605775756846,1529.3356311404975,1563.9810816101376,1598.5313965646271,1632.976340479907,1667.3061738692018,1701.511652745428,1735.5840266664638,1769.5150354467414,1803.296904620775,1836.922339745578,1870.384519629595,1903.6770885758276,1936.7941477262,1969.730245593189,2002.4803678630717,2035.039926553136,2067.4047486028257,2099.571063975971,2131.535493348332,2163.295035451359,2194.847054139673,2226.189265246217,2257.319723285317,2288.236808060184,2318.9392112276137,2349.425922868894,2379.696218112162,2409.749643847815,2439.5860055749727,2469.205354413428,2498.6079743122127
PD22,pathway,gibraltar,Transportation,Electricity and Heat,Electricity,ELECTR,Final consumption,Road – Trucks,HEAVYROAD,TJ,0.0,0.0,0.0,0.0,0.0,0.0,0.0,0.0,0.0,0.0,0.0,20.951451215690213,42.52157602081275,64.70512505546581,87.4960821372629,110.88766699658014,134.87234063740334,159.4418133475774,184.5870553658188,210.2983101958119,236.56511054052936,263.37629681252537,290.7200381587045,318.5838559210173,346.9546494379938,375.8187240759967,405.1618213639815,434.969151091257,465.22542521469927,495.9148934099732,527.0213800909141,558.5283227121745,590.4188111629337,622.6756280536566,655.2812896938963,688.2180875568039,721.4681300254146,755.0133842169058,788.8357176838222,822.9169397956234,857.2388426098753,891.7832410497391,926.5320122130756,961.4671336483584,996.570720443516,1031.8250609856163,1067.2126512619586,1102.7162275862524,1138.318797647256,1174.003669791208,1209.7544804633342,1245.555219747968,1281.390254960604,1317.2443522589506,1353.102696253264,1388.9509076091003,1424.7750586477025,1460.5616869608418,1496.2978070676209,1531.970920150767,1567.56902191901,1603.0806086503908,1638.4946814787422,1673.800748991904,1708.988828215931,1744.0494440640632,1778.973627333125,1813.7529113329092,1848.3793272362936,1882.8453982392168,1917.1441326203344,1951.2690157902225,1985.2140014193544,2018.973501733018,2052.542377059648,2085.915924716964,2119.089867317896,2152.06034057537,2184.823880682039,2217.3774113376426,2249.718230493164,2281.843996877372,2313.752716367449,2345.4427282616875,2376.912691508303,2408.161570940615,2439.1886235649654,2469.993384944009,2500.575655714345,2530.9354882737616,2561.073173670017
PD22,baseline,gibraltar,Electric Power,Natural gas,Natural gas,Natural gas,Electricity output,Electricity output -main activity producer electricity plants,ELMAINE,TJ,263.65680000000003,263.65680000000003,263.65680000000003,263.65680000000003,263.65680000000003,263.65680000000003,263.65680000000003,263.65680000000003,263.65680000000003,263.65680000000003,772.254,758.7320718908867,766.9710848173139,775.210097743741,783.4491106701682,791.6881235965953,799.9271365230226,808.1661494494497,816.4051623758769,824.6441753023041,832.8831882287312,841.1222011551585,849.3612140815856,857.6002270080128,865.83923993444,874.0782528608671,882.3172657872943,890.5562787137214,898.7952916401487,907.034304566576,915.273317493003,923.51233041943,931.7513433458572,939.9903562722844,948.2293691987117,956.4683821251388,964.707395051566,972.9464079779932,981.1854209044204,989.4244338308476,997.6634467572748,1005.902459683702,1014.1414726101292,1022.3804855365564,1030.6194984629833,1038.8585113894103,1047.0975243158375,1055.336537242265,1063.5755501686922,1071.8145630951194,1080.0535760215464,1088.2925889479736,1096.5316018744008,1104.770614800828,1113.009627727255,1121.2486406536823,1129.4876535801095,1137.7266665065367,1145.965679432964,1154.2046923593912,1162.4437052858182,1170.6827182122454,1178.9217311386726,1187.1607440650996,1195.3997569915268,1203.638769917954,1211.8777828443813,1220.1167957708085,1228.3558086972355,1236.5948216236627,1244.83383455009,1253.0728474765172,1261.3118604029444,1269.5508733293714,1277.7898862557986,1286.0288991822258,1294.267912108653,1302.5069250350805,1310.7459379615077,1318.9849508879345,1327.2239638143617,1335.4629767407887,1343.701989667216,1351.9410025936431,1360.1800155200704,1368.4190284464976,1376.6580413729248,1384.897054299352,1393.1360672257792,1401.3750801522062,1409.6140930786337
PD22,baseline,gibraltar,Electric Power,Natural gas,Natural gas,Natural gas,Transformation processes,Main activity producer electricity plants,MAINELEC,TJ,659.1405,659.1405,659.1405,659.1405,659.1405,659.1405,659.1405,659.1405,659.1405,659.1405,1930.634,1896.8291972369063,1917.426718884188,1938.0242405314696,1958.6217621787516,1979.219283826033,1999.8168054733144,2020.414327120596,2041.0118487678776,2061.6093704151594,2082.206892062441,2102.8044137097227,2123.4019353570043,2143.999457004285,2164.596978651567,2185.1945002988487,2205.7920219461303,2226.389543593412,2246.987065240693,2267.584586887975,2288.1821085352567,2308.7796301825383,2329.37715182982,2349.974673477101,2370.572195124383,2391.1697167716648,2411.7672384189464,2432.364760066228,2452.9622817135096,2473.559803360791,2494.157325008073,2514.7548466553544,2535.352368302636,2555.9498899499176,2576.5474115971992,2597.144933244481,2617.7424548917625,2638.339976539044,2658.9374981863257,2679.5350198336077,2700.132541480889,2720.7300631281705,2741.327584775452,2761.9251064227333,2782.522628070015,2803.1201497172965,2823.717671364578,2844.31519301186,2864.9127146591413,2885.510236306423,2906.1077579537045,2926.705279600986,2947.302801248268,2967.9003228955494,2988.497844542831,3009.0953661901126,3029.692887837394,3050.290409484676,3070.887931131957,3091.4854527792386,3112.08297442652,3132.680496073802,3153.2780177210834,3173.875539368365,3194.473061015646,3215.070582662928,3235.66810431021,3256.2656259574915,3276.863147604773,3297.4606692520547,3318.0581908993363,3338.655712546618,3359.2532341938995,3379.850755841181,3400.4482774884627,3421.0457991357443,3441.643320783026,3462.240842430308,3482.838364077589,3503.435885724871,3524.0334073721524
PD22,baseline,gibraltar,Electric Power,Oil products,Oil products,Oil products,Electricity output,Electricity output -main activity producer electricity plants,ELMAINE,TJ,637.2,615.6,633.6,680.4,712.8000000000001,806.4,770.4,768.5604000000001,775.3932,527.3172000000001,0.0,0.982490310041627,0.9931590963819078,1.0038278827221885,1.0144966690624693,1.02516545540275,1.0358342417430308,1.0465030280833114,1.0571718144235922,1.067840600763873,1.0785093871041538,1.0891781734444346,1.0998469597847151,1.110515746124996,1.1211845324652767,1.1318533188055575,1.1425221051458383,1.1531908914861189,1.1638596778263997,1.1745284641666804,1.1851972505069612,1.195866036847242,1.2065348231875226,1.2172036095278034,1.2278723958680842,1.238541182208365,1.2492099685486455,1.2598787548889263,1.270547541229207,1.281216327569488,1.291885113909769,1.3025539002500497,1.31322268659033,1.3238914729306108,1.3345602592708916,1.3452290456111724,1.3558978319514532,1.366566618291734,1.3772354046320143,1.3879041909722951,1.398572977312576,1.409241763652857,1.4199105499931377,1.4305793363334185,1.441248122673699,1.45191690901398,1.4625856953542606,1.4732544816945414,1.4839232680348222,1.4945920543751028,1.5052608407153836,1.515929627055664,1.526598413395945,1.5372671997362255,1.5479359860765065,1.5586047724167873,1.569273558757068,1.5799423450973489,1.5906111314376297,1.6012799177779102,1.611948704118191,1.6226174904584718,1.6332862767987524,1.6439550631390332,1.654623849479314,1.6652926358195947,1.6759614221598755,1.6866302085001563,1.6972989948404371,1.7079677811807177,1.7186365675209985,1.7293053538612793,1.7399741402015598,1.7506429265418406,1.7613117128821214,1.7719804992224022,1.782649285562683,1.7933180719029638,1.8039868582432448,1.8146556445835251,1.825324430923806
PD22,baseline,gibraltar,Electric Power,Oil products,Oil products,Oil products,Transformation processes,Main activity producer electricity plants,MAINELEC,TJ,1720.0002,1679.9996,1720.0002,1839.9981,1919.9995,2159.9994,2040.0016,2044.561,2058.2393,1397.1603,0.0,0.982490310041627,0.9931590963819078,1.0038278827221885,1.0144966690624693,1.02516545540275,1.0358342417430308,1.0465030280833114,1.0571718144235922,1.067840600763873,1.0785093871041538,1.0891781734444346,1.0998469597847151,1.110515746124996,1.1211845324652767,1.1318533188055575,1.1425221051458383,1.1531908914861189,1.1638596778263997,1.1745284641666804,1.1851972505069612,1.195866036847242,1.2065348231875226,1.2172036095278034,1.2278723958680842,1.238541182208365,1.2492099685486455,1.2598787548889263,1.270547541229207,1.281216327569488,1.291885113909769,1.3025539002500497,1.31322268659033,1.3238914729306108,1.3345602592708916,1.3452290456111724,1.3558978319514532,1.366566618291734,1.3772354046320143,1.3879041909722951,1.398572977312576,1.409241763652857,1.4199105499931377,1.4305793363334185,1.441248122673699,1.45191690901398,1.4625856953542606,1.4732544816945414,1.4839232680348222,1.4945920543751028,1.5052608407153836,1.515929627055664,1.526598413395945,1.5372671997362255,1.5479359860765065,1.5586047724167873,1.569273558757068,1.5799423450973489,1.5906111314376297,1.6012799177779102,1.611948704118191,1.6226174904584718,1.6332862767987524,1.6439550631390332,1.654623849479314,1.6652926358195947,1.6759614221598755,1.6866302085001563,1.6972989948404371,1.7079677811807177,1.7186365675209985,1.7293053538612793,1.7399741402015598,1.7506429265418406,1.7613117128821214,1.7719804992224022,1.782649285562683,1.7933180719029638,1.8039868582432448,1.8146556445835251,1.825324430923806
PD22,baseline,gibraltar,Electric Power,Oil products,Oil products,Oil products,Transformation processes,Main activity producer electricity plants,MAINELEC,TJ,0.0,0.0,0.0,0.0,0.0,0.0,0.0,0.0,0.0,0.0,0.0,0.982490310041627,0.9931590963819078,1.0038278827221885,1.0144966690624693,1.02516545540275,1.0358342417430308,1.0465030280833114,1.0571718144235922,1.067840600763873,1.0785093871041538,1.0891781734444346,1.0998469597847151,1.110515746124996,1.1211845324652767,1.1318533188055575,1.1425221051458383,1.1531908914861189,1.1638596778263997,1.1745284641666804,1.1851972505069612,1.195866036847242,1.2065348231875226,1.2172036095278034,1.2278723958680842,1.238541182208365,1.2492099685486455,1.2598787548889263,1.270547541229207,1.281216327569488,1.291885113909769,1.3025539002500497,1.31322268659033,1.3238914729306108,1.3345602592708916,1.3452290456111724,1.3558978319514532,1.366566618291734,1.3772354046320143,1.3879041909722951,1.398572977312576,1.409241763652857,1.4199105499931377,1.4305793363334185,1.441248122673699,1.45191690901398,1.4625856953542606,1.4732544816945414,1.4839232680348222,1.4945920543751028,1.5052608407153836,1.515929627055664,1.526598413395945,1.5372671997362255,1.5479359860765065,1.5586047724167873,1.569273558757068,1.5799423450973489,1.5906111314376297,1.6012799177779102,1.611948704118191,1.6226174904584718,1.6332862767987524,1.6439550631390332,1.654623849479314,1.6652926358195947,1.6759614221598755,1.6866302085001563,1.6972989948404371,1.7079677811807177,1.7186365675209985,1.7293053538612793,1.7399741402015598,1.7506429265418406,1.7613117128821214,1.7719804992224022,1.782649285562683,1.7933180719029638,1.8039868582432448,1.8146556445835251,1.825324430923806
PD22,baseline,gibraltar,Electric Power,Oil products,Oil products,Oil products,Electricity output,Electricity output -main activity producer electricity plants,ELMAINE,TJ,0.0,0.0,0.0,0.0,0.0,0.0,0.0,0.0,0.0,0.0,0.0,0.982490310041627,0.9931590963819078,1.0038278827221885,1.0144966690624693,1.02516545540275,1.0358342417430308,1.0465030280833114,1.0571718144235922,1.067840600763873,1.0785093871041538,1.0891781734444346,1.0998469597847151,1.110515746124996,1.1211845324652767,1.1318533188055575,1.1425221051458383,1.1531908914861189,1.1638596778263997,1.1745284641666804,1.1851972505069612,1.195866036847242,1.2065348231875226,1.2172036095278034,1.2278723958680842,1.238541182208365,1.2492099685486455,1.2598787548889263,1.270547541229207,1.281216327569488,1.291885113909769,1.3025539002500497,1.31322268659033,1.3238914729306108,1.3345602592708916,1.3452290456111724,1.3558978319514532,1.366566618291734,1.3772354046320143,1.3879041909722951,1.398572977312576,1.409241763652857,1.4199105499931377,1.4305793363334185,1.441248122673699,1.45191690901398,1.4625856953542606,1.4732544816945414,1.4839232680348222,1.4945920543751028,1.5052608407153836,1.515929627055664,1.526598413395945,1.5372671997362255,1.5479359860765065,1.5586047724167873,1.569273558757068,1.5799423450973489,1.5906111314376297,1.6012799177779102,1.611948704118191,1.6226174904584718,1.6332862767987524,1.6439550631390332,1.654623849479314,1.6652926358195947,1.6759614221598755,1.6866302085001563,1.6972989948404371,1.7079677811807177,1.7186365675209985,1.7293053538612793,1.7399741402015598,1.7506429265418406,1.7613117128821214,1.7719804992224022,1.782649285562683,1.7933180719029638,1.8039868582432448,1.8146556445835251,1.825324430923806
PD22,baseline,gibraltar,Industrial,Oil products,Oil products,Oil products,Non-energy use,Non-energy use industry/transformation/energy,NEINTREN,TJ,0.0,0.0,0.0,0.0,0.0,0.0,0.0,0.0,0.0,0.0,0.0,1.01829410966762,1.034509105212044,1.0507241007564678,1.0669390963008916,1.0831540918453155,1.0993690873897397,1.1155840829341634,1.1317990784785874,1.1480140740230111,1.164229069567435,1.180444065111859,1.196659060656283,1.212874056200707,1.2290890517451307,1.245304047289555,1.2615190428339786,1.2777340383784026,1.2939490339228263,1.3101640294672503,1.3263790250116745,1.3425940205560982,1.3588090161005222,1.375024011644946,1.39123900718937,1.4074540027337938,1.4236689982782178,1.4398839938226418,1.4560989893670655,1.4723139849114897,1.4885289804559134,1.5047439760003374,1.5209589715447611,1.5371739670891853,1.5533889626336093,1.569603958178033,1.585818953722457,1.6020339492668807,1.6182489448113049,1.6344639403557286,1.6506789359001526,1.6668939314445763,1.6831089269890005,1.6993239225334245,1.7155389180778484,1.7317539136222722,1.747968909166696,1.76418390471112,1.7803989002555438,1.7966138957999678,1.812828891344392,1.829043886888816,1.84525888243324,1.861473877977664,1.8776888735220876,1.8939038690665115,1.9101188646109355,1.926333860155359,1.942548855699783,1.958763851244207,1.974978846788631,1.9911938423330549,2.007408837877479,2.0236238334219028,2.0398388289663263,2.0560538245107507,2.072268820055174,2.0884838155995986,2.104698811144022,2.120913806688446,2.13712880223287,2.153343797777294,2.169558793321718,2.185773788866141,2.201988784410566,2.2182037799549894,2.234418775499414,2.2506337710438373,2.2668487665882613,2.283063762132685,2.299278757677109
PD22,baseline,gibraltar,Industrial,Oil products,Oil products,Oil products,Non-energy use,Non-energy use industry/transformation/energy,NEINTREN,TJ,840.0019,840.0019,879.9984,879.9984,879.9984,919.9991,1000.0004,1096.5606,1162.7204,1206.8409,1132.0019,1128.0427817042914,1142.928211219304,1157.8136407343168,1172.6990702493292,1187.584499764342,1202.4699292793546,1217.3553587943672,1232.24078830938,1247.1262178243926,1262.011647339405,1276.8970768544175,1291.7825063694304,1306.667935884443,1321.5533653994555,1336.4387949144684,1351.3242244294809,1366.2096539444935,1381.0950834595062,1395.980512974519,1410.865942489531,1425.751372004544,1440.636801519557,1455.5222310345694,1470.407660549582,1485.2930900645947,1500.1785195796074,1515.0639490946198,1529.9493786096325,1544.8348081246452,1559.720237639658,1574.6056671546703,1589.491096669683,1604.3765261846956,1619.2619556997083,1634.147385214721,1649.0328147297337,1663.9182442447463,1678.803673759759,1693.6891032747717,1708.574532789784,1723.4599623047968,1738.3453918198093,1753.230821334822,1768.1162508498346,1783.0016803648473,1797.88710987986,1812.7725393948729,1827.6579689098853,1842.543398424898,1857.4288279399104,1872.314257454923,1887.199686969936,1902.085116484948,1916.970545999961,1931.8559755149736,1946.7414050299865,1961.626834544999,1976.512264060012,1991.3976935750245,2006.283123090037,2021.1685526050492,2036.053982120062,2050.939411635075,2065.824841150087,2080.7102706651,2095.5957001801125,2110.481129695125,2125.366559210138,2140.2519887251506,2155.1374182401632,2170.0228477551755,2184.9082772701886,2199.793706785201,2214.679136300214,2229.564565815226,2244.4499953302397,2259.3354248452515,2274.220854360264,2289.106283875277,2303.991713390289
PD22,baseline,gibraltar,Transportation,Oil products,Oil products,Oil products,Final consumption,International marine bunkers,MARBUNK,TJ,152479.9987,151840.0002,153120.0013,140079.9992,131559.9993,134320.0007,136480.0001,151940.6802,148430.442,152019.9615,154463.918,158291.96728410284,160035.74082432114,161779.5143645394,163523.28790475772,165267.06144497602,167010.8349851943,168754.6085254126,170498.38206563087,172242.15560584917,173985.92914606747,175729.70268628575,177473.47622650405,179217.24976672235,180961.02330694065,182704.79684715893,184448.57038737723,186192.3439275955,187936.1174678138,189679.89100803208,191423.6645482504,193167.43808846868,194911.21162868696,196654.9851689053,198398.75870912356,200142.53224934184,201886.3057895601,203630.07932977844,205373.8528699967,207117.62641021505,208861.3999504333,210605.1734906516,212348.9470308699,214092.72057108817,215836.49411130647,217580.26765152477,219324.04119174305,221067.81473196132,222811.58827217965,224555.36181239792,226299.1353526162,228042.9088928345,229786.6824330528,231530.4559732711,233274.22951348935,235018.00305370768,236761.776593926,238505.55013414423,240249.32367436256,241993.0972145809,243736.87075479917,245480.6442950174,247224.4178352357,248968.191375454,250711.96491567232,252455.7384558906,254199.5119961089,255943.2855363272,257687.05907654547,259430.83261676377,261174.60615698207,262918.3796972004,264662.1532374186,266405.9267776369,268149.7003178552,269893.4738580735,271637.24739829183,273381.0209385101,275124.7944787284,276868.5680189467,278612.341559165,280356.1150993833,282099.8886396016,283843.66217981983,285587.43572003813,287331.20926025644,289074.98280047474,290818.756340693,292562.52988091134,294306.3034211296,296050.0769613479
PD22,baseline,gibraltar,Transportation,Oil products,Oil products,Oil products,Final consumption,International marine bunkers,MARBUNK,TJ,20064.5984,19979.4012,20149.7998,18445.8015,17338.2003,17721.5982,18019.7988,20061.1066,19597.6614,20071.5862,20394.2796,20899.70707091637,21129.942103141137,21360.177135365902,21590.41216759067,21820.64719981544,22050.882232040203,22281.117264264973,22511.35229648974,22741.587328714504,22971.82236093927,23202.05739316404,23432.292425388805,23662.52745761357,23892.762489838336,24122.997522063102,24353.23255428787,24583.46758651264,24813.702618737407,25043.93765096217,25274.17268318694,25504.407715411704,25734.64274763647,25964.87777986124,26195.112812086005,26425.34784431077,26655.58287653554,26885.817908760306,27116.05294098507,27346.28797320984,27576.523005434607,27806.75803765937,28036.993069884134,28267.228102108907,28497.463134333677,28727.69816655844,28957.933198783205,29188.16823100797,29418.40326323274,29648.638295457506,29878.873327682275,30109.10835990704,30339.343392131806,30569.57842435657,30799.813456581334,31030.048488806104,31260.283521030877,31490.51855325564,31720.75358548041,31950.98861770517,32181.22364992994,32411.458682154705,32641.69371437947,32871.928746604244,33102.16377882901,33332.398811053776,33562.63384327854,33792.86887550331,34023.10390772807,34253.33893995284,34483.573972177604,34713.80900440237,34944.044036627136,35174.27906885191,35404.514101076675,35634.74913330144,35864.984165526206,36095.21919775097,36325.45422997575,36555.68926220051,36785.92429442528,37016.15932665004,37246.39435887481,37476.62939109957,37706.86442332434,37937.09945554911,38167.33448777387,38397.56951999864,38627.8045522234,38858.039584448175,39088.27461667294
PD22,baseline,gibraltar,Transportation,Oil products,Oil products,Oil products,Final consumption,Road – 2&3-wheel,TTROAD,TJ,276.04812000000004,265.823952,272.640064,289.68,313.536056,340.80016000000006,368.063936,397.733944,429.176144,463.0996,434.383512,445.1487542239975,450.05259509726017,454.9564359705228,459.8602768437855,464.7641177170482,469.6679585903109,474.5717994635736,479.47564033683625,484.3794812100989,489.2833220833616,494.1871629566243,499.091003829887,503.9948447031497,508.89868557641233,513.802526449675,518.7063673229377,523.6102081962003,528.5140490694631,533.4178899427258,538.3217308159884,543.2255716892512,548.1294125625138,553.0332534357765,557.9370943090391,562.8409351823019,567.7447760555646,572.6486169288272,577.55245780209,582.4562986753526,587.3601395486153,592.2639804218779,597.1678212951407,602.0716621684033,606.975503041666,611.8793439149288,616.7831847881914,621.6870256614541,626.5908665347167,631.4947074079795,636.3985482812421,641.3023891545048,646.2062300277676,651.1100709010302,656.0139117742929,660.9177526475555,665.8215935208183,670.7254343940809,675.6292752673436,680.5331161406064,685.436957013869,690.3407978871317,695.2446387603943,700.148479633657,705.0523205069197,709.9561613801824,714.8600022534451,719.7638431267078,724.6676839999704,729.5715248732331,734.4753657464958,739.3792066197585,744.2830474930212,749.1868883662839,754.0907292395466,758.9945701128092,763.8984109860719,768.8022518593345,773.7060927325973,778.60993360586,783.5137744791227,788.4176153523854,793.321456225648,798.2252970989107,803.1291379721733,808.0329788454361,812.9368197186988,817.8406605919615,822.7445014652242,827.6483423384868,832.5521832117495
PD22,baseline,gibraltar,Transportation,Oil products,Oil products,Oil products,Final consumption,Road – Buses&Vans,MEDIUMROAD,TJ,379.566165,365.507934,374.880088,398.31,431.112077,468.60022,506.087912,546.8841729999999,590.117198,636.76195,597.277329,612.0795370579965,618.8223182587327,625.5650994594689,632.3078806602051,639.0506618609413,645.7934430616775,652.5362242624137,659.2790054631499,666.0217866638861,672.7645678646222,679.5073490653584,686.2501302660946,692.9929114668308,699.735692667567,706.4784738683032,713.2212550690394,719.9640362697756,726.7068174705119,733.449598671248,740.1923798719843,746.9351610727205,753.6779422734567,760.4207234741928,767.1635046749291,773.9062858756652,780.6490670764015,787.3918482771376,794.1346294778738,800.87741067861,807.6201918793462,814.3629730800824,821.1057542808186,827.8485354815548,834.591316682291,841.3340978830272,848.0768790837634,854.8196602844996,861.5624414852358,868.305222685972,875.0480038867081,881.7907850874444,888.5335662881805,895.2763474889168,902.0191286896528,908.7619098903892,915.5046910911252,922.2474722918616,928.9902534925976,935.733034693334,942.47581589407,949.2185970948065,955.9613782955424,962.7041594962787,969.446940697015,976.189721897751,982.9325030984874,989.6752842992234,996.4180654999598,1003.160846700696,1009.9036279014322,1016.6464091021684,1023.3891903029044,1030.131971503641,1036.874752704377,1043.617533905113,1050.3603151058492,1057.1030963065857,1063.8458775073218,1070.588658708058,1077.331439908794,1084.0742211095303,1090.8170023102664,1097.5597835110027,1104.3025647117388,1111.045345912475,1117.7881271132112,1124.5309083139473,1131.2736895146836,1138.01647071542,1144.759251916156
PD22,baseline,gibraltar,Transportation,Oil products,Oil products,Oil products,Final consumption,Road – Light-duty vehicles,LIGHTROAD,TJ,1380.2406,1329.11976,1363.20032,1448.4,1567.68028,1704.0008000000005,1840.3196800000003,1988.66972,2145.88072,2315.498,2171.91756,2225.743771119987,2250.2629754863,2274.782179852614,2299.301384218927,2323.820588585241,2348.339792951554,2372.8589973178678,2397.378201684181,2421.8974060504943,2446.4166104168075,2470.9358147831213,2495.4550191494345,2519.974223515748,2544.493427882061,2569.0126322483748,2593.5318366146885,2618.0510409810017,2642.570245347315,2667.0894497136287,2691.608654079942,2716.127858446256,2740.647062812569,2765.1662671788827,2789.685471545196,2814.204675911509,2838.723880277823,2863.243084644136,2887.7622890104494,2912.281493376763,2936.8006977430764,2961.3199021093897,2985.8391064757034,3010.3583108420166,3034.8775152083304,3059.396719574644,3083.9159239409573,3108.4351283072706,3132.954332673584,3157.4735370398976,3181.992741406211,3206.511945772524,3231.031150138838,3255.550354505151,3280.0695588714643,3304.588763237778,3329.1079676040918,3353.627171970405,3378.1463763367183,3402.665580703032,3427.1847850693453,3451.7039894356585,3476.223193801972,3500.742398168285,3525.2616025345988,3549.7808069009125,3574.3000112672257,3598.819215633539,3623.3384199998527,3647.857624366166,3672.376828732479,3696.896033098793,3721.415237465106,3745.93444183142,3770.453646197733,3794.972850564047,3819.49205493036,3844.0112592966734,3868.530463662987,3893.049668029301,3917.5688723956137,3942.088076761928,3966.6072811282406,3991.126485494554,4015.645689860868,4040.164894227181,4064.684098593494,4089.203302959808,4113.722507326122,4138.241711692435,4162.760916058748
PD22,baseline,gibraltar,Transportation,Oil products,Oil products,Oil products,Final consumption,Road – Trucks,HEAVYROAD,TJ,1414.746615,1362.347754,1397.2803279999998,1484.61,1606.872287,1746.60082,1886.327672,2038.386463,2199.527738,2373.38545,2226.215499,2281.3873653979867,2306.519549873458,2331.651734348929,2356.7839188244006,2381.916103299872,2407.048287775343,2432.180472250814,2457.312656726285,2482.444841201757,2507.577025677228,2532.709210152699,2557.8413946281703,2582.973579103642,2608.105763579113,2633.237948054584,2658.370132530056,2683.5023170055265,2708.634501480998,2733.766685956469,2758.8988704319404,2784.0310549074115,2809.163239382883,2834.2954238583543,2859.427608333825,2884.5597928092966,2909.691977284768,2934.82416176024,2959.9563462357105,2985.0885307111816,3010.220715186653,3035.3528996621244,3060.4850841375955,3085.6172686130667,3110.749453088538,3135.881637564009,3161.0138220394806,3186.146006514952,3211.278190990423,3236.410375465894,3261.5425599413657,3286.674744416837,3311.806928892308,3336.939113367779,3362.0712978432502,3387.2034823187214,3412.335666794193,3437.467851269664,3462.600035745136,3487.732220220607,3512.864404696078,3537.996589171549,3563.1287736470204,3588.2609581224915,3613.393142597962,3638.525327073434,3663.6575115489054,3688.789696024377,3713.921880499848,3739.0540649753193,3764.1862494507914,3789.3184339262616,3814.4506184017328,3839.582802877204,3864.714987352676,3889.847171828146,3914.979356303618,3940.1115407790894,3965.243725254561,3990.375909730032,4015.508094205503,4040.640278680974,4065.772463156445,4090.9046476319168,4116.036832107387,4141.169016582859,4166.301201058331,4191.433385533802,4216.565570009273,4241.697754484744,4266.829938960215
PD22,baseline,gibraltar,Transportation,Oil products,Oil products,Oil products,Final consumption,International aviation bunkers,AVBUNK,TJ,215.0006,301.0016,257.999,301.0016,301.0016,344.0,430.0011,406.9109,307.106,355.5682,160.6475,164.6287957960053,166.44237700920633,168.25595822240732,170.0695394356083,171.8831206488093,173.6967018620103,175.51028307521128,177.32386428841227,179.13744550161326,180.95102671481425,182.76460792801524,184.57818914121623,186.3917703544172,188.2053515676182,190.0189327808192,191.8325139940202,193.6460952072212,195.45967642042217,197.2732576336232,199.08683884682412,200.9004200600252,202.71400127322613,204.52758248642715,206.3411636996281,208.15474491282916,209.9683261260301,211.7819073392311,213.5954885524321,215.4090697656331,217.22265097883408,219.03623219203507,220.8498134052361,222.66339461843705,224.47697583163804,226.29055704483903,228.10413825804,229.917719471241,231.731300684442,233.544881897643,235.358463110844,237.17204432404495,238.985625537246,240.79920675044696,242.61278796364795,244.4263691768489,246.23995039004996,248.0535316032509,249.8671128164519,251.6806940296529,253.4942752428539,255.30785645605488,257.1214376692559,258.93501888245686,260.7486000956578,262.56218130885884,264.37576252205986,266.1893437352608,268.00292494846184,269.8165061616628,271.6300873748638,273.4436685880648,275.2572498012658,277.0708310144668,278.8844122276678,280.69799344086874,282.51157465406976,284.3251558672707,286.13873708047174,287.9523182936727,289.7658995068737,291.5794807200747,293.3930619332757,295.2066431464767,297.0202243596777,298.83380557287865,300.64738678607966,302.4609679992807,304.27454921248165,306.0881304256826,307.9017116388836
PD22,baseline,gibraltar,Transportation,Oil products,Oil products,Oil products,Final consumption,Road – 2&3-wheel,TTROAD,TJ,98.559952,95.040024,95.040024,102.07988,112.639992,119.679848,130.23996,141.42641600000002,152.60618399999998,164.665504,154.454064,158.2818690743344,160.02553137080923,161.7691936672841,163.51285596375894,165.2565182602338,167.00018055670864,168.7438428531835,170.48750514965835,172.2311674461332,173.97482974260805,175.7184920390829,177.46215433555776,179.20581663203262,180.94947892850743,182.6931412249823,184.4368035214572,186.180465817932,187.92412811440687,189.6677904108817,191.41145270735652,193.1551150038314,194.89877730030628,196.64243959678112,198.38610189325595,200.1297641897308,201.8734264862057,203.61708878268053,205.36075107915536,207.10441337563023,208.84807567210507,210.59173796857996,212.3354002650548,214.0790625615296,215.82272485800448,217.56638715447932,219.31004945095415,221.05371174742905,222.7973740439039,224.54103634037872,226.2846986368536,228.02836093332843,229.77202322980327,231.51568552627813,233.259347822753,235.00301011922784,236.74667241570268,238.49033471217757,240.2339970086524,241.97765930512725,243.72132160160209,245.46498389807687,247.2086461945518,248.95230849102663,250.6959707875015,252.43963308397636,254.1832953804512,255.9269576769261,257.6706199734009,259.41428226987574,261.1579445663506,262.9016068628255,264.6452691593003,266.38893145577515,268.13259375225,269.8762560487248,271.6199183451997,273.36358064167456,275.1072429381494,276.8509052346243,278.5945675310992,280.338229827574,282.0818921240488,283.82555442052364,285.56921671699854,287.3128790134734,289.0565413099482,290.80020360642305,292.5438659028979,294.2875281993728,296.0311904958476
PD22,baseline,gibraltar,Transportation,Oil products,Oil products,Oil products,Final consumption,Road – Buses&Vans,MEDIUMROAD,TJ,135.519934,130.68003299999998,130.68003299999998,140.359835,154.879989,164.559791,179.07994499999998,194.461322,209.833503,226.415068,212.374338,217.6375699772098,220.03510563486276,222.43264129251563,224.83017695016855,227.2277126078215,229.62524826547445,232.02278392312732,234.42031958078027,236.8178552384332,239.2153908960861,241.61292655373904,244.010462211392,246.4079978690449,248.8055335266978,251.20306918435077,253.6006048420037,255.99814049965656,258.3956761573095,260.79321181496243,263.1907474726153,265.5882831302683,267.9858187879212,270.3833544455741,272.780890103227,275.17842576088,277.57596141853287,279.9734970761858,282.3710327338387,284.76856839149167,287.16610404914456,289.5636397067975,291.9611753644504,294.35871102210336,296.75624667975626,299.1537823374092,301.5513179950621,303.94885365271506,306.34638931036795,308.7439249680209,311.1414606256738,313.53899628332675,315.93653194097965,318.3340675986326,320.7316032562855,323.12913891393845,325.52667457159134,327.9242102292443,330.3217458868972,332.7192815445501,335.11681720220304,337.514352859856,339.9118885175089,342.3094241751618,344.70695983281473,347.1044954904677,349.5020311481206,351.8995668057735,354.2971024634264,356.6946381210794,359.0921737787323,361.4897094363852,363.8872450940381,366.2847807516911,368.682316409344,371.07985206699686,373.4773877246498,375.8749233823028,378.27245903995566,380.66999469760856,383.0675303552615,385.46506601291446,387.86260167056736,390.26013732822025,392.6576729858732,395.05520864352616,397.4527443011791,399.850279958832,402.2478156164849,404.64535127413785,407.0428869317908
PD22,baseline,gibraltar,Transportation,Oil products,Oil products,Oil products,Final consumption,Road – Light-duty vehicles,LIGHTROAD,TJ,492.79976,475.20012,475.20012,510.3994,563.19996,598.3992400000001,651.1998,707.1320800000001,763.03092,823.32752,772.2703200000001,791.4093453716721,800.1276568540463,808.8459683364206,817.5642798187948,826.2825913011691,835.0009027835433,843.7192142659176,852.4375257482918,861.1558372306661,869.8741487130403,878.5924601954146,887.3107716777888,896.029083160163,904.7473946425374,913.4657061249115,922.184017607286,930.9023290896602,939.6206405720344,948.3389520544088,957.0572635367828,965.7755750191571,974.4938865015314,983.2121979839056,991.93050946628,1000.648820948654,1009.3671324310284,1018.0854439134026,1026.803755395777,1035.5220668781512,1044.2403783605257,1052.9586898428995,1061.677001325274,1070.3953128076482,1079.1136242900225,1087.8319357723967,1096.550247254771,1105.2685587371452,1113.9868702195197,1122.7051817018937,1131.423493184268,1140.1418046666422,1148.8601161490164,1157.5784276313907,1166.296739113765,1175.0150505961392,1183.7333620785134,1192.4516735608877,1201.169985043262,1209.8882965256362,1218.6066080080104,1227.324919490385,1236.043230972759,1244.7615424551332,1253.4798539375074,1262.1981654198817,1270.916476902256,1279.6347883846302,1288.3530998670044,1297.0714113493786,1305.789722831753,1314.5080343141271,1323.2263457965014,1331.9446572788756,1340.66296876125,1349.381280243624,1358.0995917259984,1366.8179032083726,1375.5362146907469,1384.2545261731211,1392.9728376554954,1401.6911491378696,1410.409460620244,1419.127772102618,1427.8460835849924,1436.5643950673666,1445.282706549741,1454.001018032115,1462.7193295144896,1471.4376409968638,1480.155952479238
PD22,baseline,gibraltar,Transportation,Oil products,Oil products,Oil products,Final consumption,Road – Trucks,HEAVYROAD,TJ,505.119754,487.080123,487.080123,523.1593849999999,577.279959,613.3592209999999,667.479795,724.810382,782.106693,843.910708,791.5770779999999,811.1945790059638,820.1308482753974,829.0671175448309,838.0033868142646,846.9396560836982,855.8759253531317,864.8121946225654,873.748463891999,882.6847331614326,891.6210024308662,900.5572717002998,909.4935409697334,918.429810239167,927.3660795086006,936.3023487780342,945.2386180474678,954.1748873169014,963.111156586335,972.0474258557686,980.9836951252022,989.9199643946358,998.8562336640694,1007.792502933503,1016.7287722029366,1025.66504147237,1034.601310741804,1043.5375800112374,1052.473849280671,1061.4101185501047,1070.3463878195382,1079.2826570889715,1088.2189263584055,1097.155195627839,1106.0914648972723,1115.0277341667063,1123.9640034361398,1132.9002727055736,1141.836541975007,1150.7728112444406,1159.709080513874,1168.645349783308,1177.5816190527414,1186.5178883221752,1195.4541575916087,1204.3904268610422,1213.3266961304755,1222.2629653999095,1231.199234669343,1240.1355039387768,1249.0717732082103,1258.0080424776438,1266.944311747077,1275.880581016511,1284.8168502859446,1293.7531195553784,1302.689388824812,1311.6256580942454,1320.561927363679,1329.498196633113,1338.4344659025464,1347.37073517198,1356.3070044414137,1365.243273710847,1374.1795429802803,1383.1158122497145,1392.052081519148,1400.9883507885816,1409.924620058015,1418.8608893274486,1427.797158596882,1436.733427866316,1445.6696971357496,1454.6059664051832,1463.542235674617,1472.4785049440502,1481.414774213484,1490.3510434829177,1499.2873127523512,1508.2235820217848,1517.1598512912185
PD22,pathway,gibraltar,Electric Power,Natural gas,Natural gas,Natural gas,Electricity output,Electricity output -main activity producer electricity plants,ELMAINE,TJ,263.65680000000003,263.65680000000003,263.65680000000003,263.65680000000003,263.65680000000003,263.65680000000003,263.65680000000003,263.65680000000003,263.65680000000003,263.65680000000003,772.254,758.7320718908867,759.6307690372863,760.4630090090195,761.2159568827558,761.8778850787556,762.4381110968365,762.8869440067942,763.2156383304408,763.416354130421,763.4821222707722,763.4068139411766,763.1851136454045,762.8124949481165,762.2851983558387,761.6002107799018,760.7552460933344,759.7487263516423,758.5797633003344,757.2481398409196,755.7542911726866,754.099285370437,752.2848031989242,750.3131170033389,748.187068551969,745.9100457422376,743.4859581147338,740.9192111515284,738.2146793649566,735.3776782110276,732.4139348875495,729.3295581007969,726.1310069059532,722.8250587454884,719.4187768259721,715.919476987475,712.3346942306018,708.6721490743129,704.9397139230069,701.1453796239044,697.297222395681,693.4033713066323,689.4719764755911,685.5111781615268,681.5290768984362,677.5337048210406,673.5329983141612,669.534772104739,665.5466949005373,661.5762666639303,657.6307975930565,653.7173888663193,649.8429151899269,646.0140091722027,642.2370475328681,638.5181391406924,634.8631148589096,631.2775191648011,627.7666034979161,624.3353212806724,620.9883245455569,617.7299620949182,614.5642791123812,611.4950181392288,608.5256213246565,605.659233855567,602.8987084694741,600.2466109530513,597.7052265288385,595.2765670334766,592.9623787925362,590.764151099404,588.6831252087333,586.7203037585213,584.876460538899,583.1521505300718,581.5477201365046,580.0633175492658,578.6989031734138,577.4542600623366,576.3290043059599
PD22,pathway,gibraltar,Electric Power,Natural gas,Natural gas,Natural gas,Transformation processes,Main activity producer electricity plants,MAINELEC,TJ,659.1405,659.1405,659.1405,659.1405,659.1405,659.1405,659.1405,659.1405,659.1405,659.1405,1930.634,1896.8291972369063,1917.426718884188,1938.0242405314696,1958.6217621787516,1979.219283826033,1999.8168054733144,2020.414327120596,2041.0118487678776,2061.6093704151594,2082.206892062441,2102.8044137097227,2123.4019353570043,2143.999457004285,2164.596978651567,2185.1945002988487,2205.7920219461303,2226.389543593412,2246.987065240693,2267.584586887975,2288.1821085352567,2308.7796301825383,2329.37715182982,2349.974673477101,2370.572195124383,2391.1697167716648,2411.7672384189464,2432.364760066228,2452.9622817135096,2473.559803360791,2494.157325008073,2514.7548466553544,2535.352368302636,2555.9498899499176,2576.5474115971992,2597.144933244481,2617.7424548917625,2638.339976539044,2658.9374981863257,2679.5350198336077,2700.132541480889,2720.7300631281705,2741.327584775452,2761.9251064227333,2782.522628070015,2803.1201497172965,2823.717671364578,2844.31519301186,2864.9127146591413,2885.510236306423,2906.1077579537045,2926.705279600986,2947.302801248268,2967.9003228955494,2988.497844542831,3009.0953661901126,3029.692887837394,3050.290409484676,3070.887931131957,3091.4854527792386,3112.08297442652,3132.680496073802,3153.2780177210834,3173.875539368365,3194.473061015646,3215.070582662928,3235.66810431021,3256.2656259574915,3276.863147604773,3297.4606692520547,3318.0581908993363,3338.655712546618,3359.2532341938995,3379.850755841181,3400.4482774884627,3421.0457991357443,3441.643320783026,3462.240842430308,3482.838364077589,3503.435885724871,3524.0334073721524
PD22,pathway,gibraltar,Electric Power,Oil products,Oil products,Oil products,Electricity output,Electricity output -main activity producer electricity plants,ELMAINE,TJ,637.2,615.6,633.6,680.4,712.8000000000001,806.4,770.4,768.5604000000001,775.3932,527.3172000000001,0.0,0.982490310041627,0.9836540426301272,0.984731719109282,0.9857067193990005,0.9865638573303028,0.9872893000189528,0.9878704985753316,0.9882961283857912,0.9885560374312348,0.988641201302644,0.9885436837377036,0.9882566016432472,0.9877740936895324,0.987091291668076,0.9862042938979942,0.9851101400489144,0.9838067868235608,0.9822930840116518,0.9805687504900192,0.9786343498028968,0.9764912650118184,0.9741416725571168,0.9715885149229898,0.9688354719457184,0.9658869306500676,0.9627479535421424,0.9594242453279986,0.95592211806602,0.9522484547972913,0.9484106717317736,0.9444166790988414,0.9402748407984324,0.9359939330136042,0.9315831019664153,0.9270518210167572,0.9224098473178532,0.9176671782526378,0.91283400788213,0.9079206836402324,0.9029376635092607,0.8978954739070719,0.8928046685100893,0.887675788227094,0.8825193225265727,0.8773456723060551,0.8721651144754975,0.8669877684087601,0.8618235643979013,0.8566822142247623,0.8515731839434386,0.8465056689461223,0.8414885713637306,0.8365304798320273,0.8316396516338768,0.8268239972090686,0.8220910670050389,0.8174480406249767,0.8129017182143643,0.8084585140130993,0.8041244519880202,0.799905163450002,0.7958058865507731,0.7918314675472429,0.7879863637153789,0.7842746477914866,0.7807000138160162,0.7772657842536924,0.7739749182637294,0.7708300209950045,0.7678333537832578,0.7649868451304933,0.7622921023506943,0.7597504237705742,0.7573628113792856,0.7551299838266576,0.753052389675553,0.751130220820178,0.7493634259886175,0.7477517242543734,0.7462946184881658
PD22,pathway,gibraltar,Electric Power,Oil products,Oil products,Oil products,Transformation processes,Main activity producer electricity plants,MAINELEC,TJ,1720.0002,1679.9996,1720.0002,1839.9981,1919.9995,2159.9994,2040.0016,2044.561,2058.2393,1397.1603,0.0,0.982490310041627,0.9931590963819078,1.0038278827221885,1.0144966690624693,1.02516545540275,1.0358342417430308,1.0465030280833114,1.0571718144235922,1.067840600763873,1.0785093871041538,1.0891781734444346,1.0998469597847151,1.110515746124996,1.1211845324652767,1.1318533188055575,1.1425221051458383,1.1531908914861189,1.1638596778263997,1.1745284641666804,1.1851972505069612,1.195866036847242,1.2065348231875226,1.2172036095278034,1.2278723958680842,1.238541182208365,1.2492099685486455,1.2598787548889263,1.270547541229207,1.281216327569488,1.291885113909769,1.3025539002500497,1.31322268659033,1.3238914729306108,1.3345602592708916,1.3452290456111724,1.3558978319514532,1.366566618291734,1.3772354046320143,1.3879041909722951,1.398572977312576,1.409241763652857,1.4199105499931377,1.4305793363334185,1.441248122673699,1.45191690901398,1.4625856953542606,1.4732544816945414,1.4839232680348222,1.4945920543751028,1.5052608407153836,1.515929627055664,1.526598413395945,1.5372671997362255,1.5479359860765065,1.5586047724167873,1.569273558757068,1.5799423450973489,1.5906111314376297,1.6012799177779102,1.611948704118191,1.6226174904584718,1.6332862767987524,1.6439550631390332,1.654623849479314,1.6652926358195947,1.6759614221598755,1.6866302085001563,1.6972989948404371,1.7079677811807177,1.7186365675209985,1.7293053538612793,1.7399741402015598,1.7506429265418406,1.7613117128821214,1.7719804992224022,1.782649285562683,1.7933180719029638,1.8039868582432448,1.8146556445835251,1.825324430923806
PD22,pathway,gibraltar,Electric Power,Oil products,Oil products,Oil products,Transformation processes,Main activity producer electricity plants,MAINELEC,TJ,0.0,0.0,0.0,0.0,0.0,0.0,0.0,0.0,0.0,0.0,0.0,0.982490310041627,0.9931590963819078,1.0038278827221885,1.0144966690624693,1.02516545540275,1.0358342417430308,1.0465030280833114,1.0571718144235922,1.067840600763873,1.0785093871041538,1.0891781734444346,1.0998469597847151,1.110515746124996,1.1211845324652767,1.1318533188055575,1.1425221051458383,1.1531908914861189,1.1638596778263997,1.1745284641666804,1.1851972505069612,1.195866036847242,1.2065348231875226,1.2172036095278034,1.2278723958680842,1.238541182208365,1.2492099685486455,1.2598787548889263,1.270547541229207,1.281216327569488,1.291885113909769,1.3025539002500497,1.31322268659033,1.3238914729306108,1.3345602592708916,1.3452290456111724,1.3558978319514532,1.366566618291734,1.3772354046320143,1.3879041909722951,1.398572977312576,1.409241763652857,1.4199105499931377,1.4305793363334185,1.441248122673699,1.45191690901398,1.4625856953542606,1.4732544816945414,1.4839232680348222,1.4945920543751028,1.5052608407153836,1.515929627055664,1.526598413395945,1.5372671997362255,1.5479359860765065,1.5586047724167873,1.569273558757068,1.5799423450973489,1.5906111314376297,1.6012799177779102,1.611948704118191,1.6226174904584718,1.6332862767987524,1.6439550631390332,1.654623849479314,1.6652926358195947,1.6759614221598755,1.6866302085001563,1.6972989948404371,1.7079677811807177,1.7186365675209985,1.7293053538612793,1.7399741402015598,1.7506429265418406,1.7613117128821214,1.7719804992224022,1.782649285562683,1.7933180719029638,1.8039868582432448,1.8146556445835251,1.825324430923806
PD22,pathway,gibraltar,Electric Power,Oil products,Oil products,Oil products,Electricity output,Electricity output -main activity producer electricity plants,ELMAINE,TJ,0.0,0.0,0.0,0.0,0.0,0.0,0.0,0.0,0.0,0.0,0.0,0.982490310041627,0.9836540426301272,0.984731719109282,0.9857067193990005,0.9865638573303028,0.9872893000189528,0.9878704985753316,0.9882961283857912,0.9885560374312348,0.988641201302644,0.9885436837377036,0.9882566016432472,0.9877740936895324,0.987091291668076,0.9862042938979942,0.9851101400489144,0.9838067868235608,0.9822930840116518,0.9805687504900192,0.9786343498028968,0.9764912650118184,0.9741416725571168,0.9715885149229898,0.9688354719457184,0.9658869306500676,0.9627479535421424,0.9594242453279986,0.95592211806602,0.9522484547972913,0.9484106717317736,0.9444166790988414,0.9402748407984324,0.9359939330136042,0.9315831019664153,0.9270518210167572,0.9224098473178532,0.9176671782526378,0.91283400788213,0.9079206836402324,0.9029376635092607,0.8978954739070719,0.8928046685100893,0.887675788227094,0.8825193225265727,0.8773456723060551,0.8721651144754975,0.8669877684087601,0.8618235643979013,0.8566822142247623,0.8515731839434386,0.8465056689461223,0.8414885713637306,0.8365304798320273,0.8316396516338768,0.8268239972090686,0.8220910670050389,0.8174480406249767,0.8129017182143643,0.8084585140130993,0.8041244519880202,0.799905163450002,0.7958058865507731,0.7918314675472429,0.7879863637153789,0.7842746477914866,0.7807000138160162,0.7772657842536924,0.7739749182637294,0.7708300209950045,0.7678333537832578,0.7649868451304933,0.7622921023506943,0.7597504237705742,0.7573628113792856,0.7551299838266576,0.753052389675553,0.751130220820178,0.7493634259886175,0.7477517242543734,0.7462946184881658
PD22,pathway,gibraltar,Industrial,Oil products,Oil products,Oil products,Non-energy use,Non-energy use industry/transformation/energy,NEINTREN,TJ,0.0,0.0,0.0,0.0,0.0,0.0,0.0,0.0,0.0,0.0,0.0,1.01829410966762,1.034509105212044,1.0507241007564678,1.0669390963008916,1.0831540918453155,1.0993690873897397,1.1155840829341634,1.1317990784785874,1.1480140740230111,1.164229069567435,1.180444065111859,1.196659060656283,1.212874056200707,1.2290890517451307,1.245304047289555,1.2615190428339786,1.2777340383784026,1.2939490339228263,1.3101640294672503,1.3263790250116745,1.3425940205560982,1.3588090161005222,1.375024011644946,1.39123900718937,1.4074540027337938,1.4236689982782178,1.4398839938226418,1.4560989893670655,1.4723139849114897,1.4885289804559134,1.5047439760003374,1.5209589715447611,1.5371739670891853,1.5533889626336093,1.569603958178033,1.585818953722457,1.6020339492668807,1.6182489448113049,1.6344639403557286,1.6506789359001526,1.6668939314445763,1.6831089269890005,1.6993239225334245,1.7155389180778484,1.7317539136222722,1.747968909166696,1.76418390471112,1.7803989002555438,1.7966138957999678,1.812828891344392,1.829043886888816,1.84525888243324,1.861473877977664,1.8776888735220876,1.8939038690665115,1.9101188646109355,1.926333860155359,1.942548855699783,1.958763851244207,1.974978846788631,1.9911938423330549,2.007408837877479,2.0236238334219028,2.0398388289663263,2.0560538245107507,2.072268820055174,2.0884838155995986,2.104698811144022,2.120913806688446,2.13712880223287,2.153343797777294,2.169558793321718,2.185773788866141,2.201988784410566,2.2182037799549894,2.234418775499414,2.2506337710438373,2.2668487665882613,2.283063762132685,2.299278757677109
PD22,pathway,gibraltar,Industrial,Oil products,Oil products,Oil products,Non-energy use,Non-energy use industry/transformation/energy,NEINTREN,TJ,840.0019,840.0019,879.9984,879.9984,879.9984,919.9991,1000.0004,1096.5606,1162.7204,1206.8409,1132.0019,1128.0427817042914,1142.928211219304,1157.8136407343168,1172.6990702493292,1187.584499764342,1202.4699292793546,1217.3553587943672,1232.24078830938,1247.1262178243926,1262.011647339405,1276.8970768544175,1291.7825063694304,1306.667935884443,1321.5533653994555,1336.4387949144684,1351.3242244294809,1366.2096539444935,1381.0950834595062,1395.980512974519,1410.865942489531,1425.751372004544,1440.636801519557,1455.5222310345694,1470.407660549582,1485.2930900645947,1500.1785195796074,1515.0639490946198,1529.9493786096325,1544.8348081246452,1559.720237639658,1574.6056671546703,1589.491096669683,1604.3765261846956,1619.2619556997083,1634.147385214721,1649.0328147297337,1663.9182442447463,1678.803673759759,1693.6891032747717,1708.574532789784,1723.4599623047968,1738.3453918198093,1753.230821334822,1768.1162508498346,1783.0016803648473,1797.88710987986,1812.7725393948729,1827.6579689098853,1842.543398424898,1857.4288279399104,1872.314257454923,1887.199686969936,1902.085116484948,1916.970545999961,1931.8559755149736,1946.7414050299865,1961.626834544999,1976.512264060012,1991.3976935750245,2006.283123090037,2021.1685526050492,2036.053982120062,2050.939411635075,2065.824841150087,2080.7102706651,2095.5957001801125,2110.481129695125,2125.366559210138,2140.2519887251506,2155.1374182401632,2170.0228477551755,2184.9082772701886,2199.793706785201,2214.679136300214,2229.564565815226,2244.4499953302397,2259.3354248452515,2274.220854360264,2289.106283875277,2303.991713390289
PD22,pathway,gibraltar,Transportation,Hydrogen,Hydrogen,Hydrogen,Final consumption,International marine bunkers,MARBUNK,TJ,0.0,0.0,0.0,0.0,0.0,0.0,0.0,0.0,0.0,0.0,0.0,613.558918530252,1262.3336679037566,1947.035505859932,2668.3430486751204,3426.8999623457853,4223.312727888814,5058.148493451032,5931.933025648072,6845.148772167212,7798.233047176637,8791.576350480203,9825.52083065366,10900.358901594354,12016.332021024067,13173.629638507357,14372.388319498185,15612.6910508148,16894.566731777493,18217.989854039395,19582.88037190852,20989.10376371309,22436.471283515024,23924.74040124045,25453.61542808664,27022.748322890424,28631.739674019635,30280.139850284344,31967.45031337072,33693.12508338541,35456.57234826967,37257.15620710795,39094.19853671909,40966.98097038391,42874.7469771336,44816.70402969942,46792.02584900564,48799.85471297197,50839.30381737836,52909.45967662731,55009.38455241325,57138.11889856922,59294.683810702365,61478.083469641024,63687.30756819535,65921.33371126634,68179.1297799239,70459.65625069532,72761.86846196496,75084.71882006414,77427.1589383299,79788.14170311508,82166.62326144407,84561.5649257109,86971.9349915125,89396.71046538604,91834.87869988164,94285.43893403086,96747.40373787972,99219.80036032796,101701.67198005517,104192.07885982055,106690.09940488884,109194.83112676552,111705.3915138132,114220.91881067595,116740.57270875214,119263.53495023106,121789.0098484554,124316.22472756934,126844.43028459314,129372.90087719854,131900.9347405736,134427.8541368461,136953.00544059035,139475.75916397417,141995.50992511056,144511.67636316983,147023.7010037721,149531.05007814258,152033.21329944202
PD22,pathway,gibraltar,Transportation,Oil products,Oil products,Oil products,Final consumption,International marine bunkers,MARBUNK,TJ,152479.9987,151840.0002,153120.0013,140079.9992,131559.9993,134320.0007,136480.0001,151940.6802,148430.442,152019.9615,154463.918,155891.92840781753,155164.2213839897,154365.63849285038,153496.833494194,152558.5478946365,151551.6104573301,150476.93641052162,149335.52635340363,148128.4648596207,146856.91878072734,145522.13525386603,144125.4394198881,142668.23186008434,141151.98576158757,139578.24382334776,137948.6149163302,136264.77051324194,134528.44090462278,132741.41121953522,130905.51727033386,129022.64124207664,127094.7072480487,125123.67677359706,123111.54403100624,121060.3312484899,118972.08391652103,116848.86601467789,114692.75524194817,112505.83827301412,110290.20606244812,108047.94921798856,105781.15346314965,103491.89520836851,101182.23724871258,98854.22460487974,96509.88052284608,94151.20264605692,91780.15937254162,89398.68640777838,87008.68352255289,84612.01152347066,82210.48944220084,79805.89194797768,77399.94698636522,74994.33364582519,72590.68025221824,70190.56269003742,67795.50294791223,65406.96788475604,63026.36821184811,60655.05768516677,58294.33250140166,55945.43089029653,53609.53289529207,51287.760333859536,48981.17692842995,46690.78859844254,44417.54390373564,42162.33462929886,39925.99650127877,37709.31002408342,35513.00142845331,33337.743720455706,31184.157821510627,29052.813789757143,26944.232113315287,24858.88506629996,22797.198118756147,20759.551392055087,18746.28115166101,16757.68132958602,14794.005069261708,12855.466285983275,10942.241236511152,9054.470091851135,7192.258507664112,5355.679187183443,3544.7734319456504,1759.5526760403882,0.0
PD22,pathway,gibraltar,Transportation,Oil products,Oil products,Oil products,Final consumption,International marine bunkers,MARBUNK,TJ,20064.5984,19979.4012,20149.7998,18445.8015,17338.2003,17721.5982,18019.7988,20061.1066,19597.6614,20071.5862,20394.2796,20582.82359076386,20486.742507861192,20381.303496753942,20266.59287507674,20142.708545909136,20009.759933041933,19867.86787648103,19717.164487984068,19557.792966677694,19389.907375058585,19213.672375941947,19029.262931178924,18836.863963221414,18636.66998086269,18428.88467072503,18213.72045629692,17991.398026540362,17762.14583629139,17526.1995808612,17283.8016474101,17035.200545809043,16780.65032182372,16520.409955551982,16254.7427481158,15983.915699654346,15708.19888168442,15427.864806888292,15143.187799358147,14854.443368270846,14561.907587888474,14265.8564866797,13966.565448236151,13664.308626519294,13359.358377817272,13051.984711621248,12742.454762448264,12431.03228444552,12117.977170410602,11803.5449966571,11487.986594946127,11171.54765249502,10854.46834086581,10536.982974330913,10219.319698112997,9901.7002067023,9584.339492268598,9267.4456230092,8951.219551108028,8635.854949826764,8321.538079106493,8008.447678929268,7696.754889572032,7386.62319778257,7078.2084078171865,6771.658636203447,6467.114329027121,6164.708300492093,5864.56579146245,5566.804546668845,5271.534909244641,4978.859931251001,4688.875498853242,4401.670470822308,4117.326829055412,3835.919839836272,3557.5182245879005,3282.184338910698,3009.974358739932,2740.938472505539,2475.1210782260787,2212.5609845224644,1953.291614591446,1697.3412122351874,1444.7330490999084,1195.48563233421,949.612911934426,707.1244871007366,468.0258109842253,232.31839325800684,0.0
PD22,pathway,gibraltar,Transportation,Oil products,Oil products,Oil products,Final consumption,Road – 2&3-wheel,TTROAD,TJ,276.04812000000004,265.823952,272.640064,289.68,313.536056,340.80016000000006,368.063936,397.733944,429.176144,463.0996,434.383512,438.3993636251048,436.35290554732,434.1071303179475,431.66387644062746,429.0252291806584,426.1935191862154,423.1713202626588,419.9614462955683,416.56694732352094,412.9911047670765,409.2374258259677,405.3096370619981,401.2116771906159,396.9476891094554,392.5220111973214,387.93916792199394,383.2038597999056,378.32095275502775,373.2954669282565,368.1325649920669,362.83754002827584,357.4158030292829,351.87287008521935,346.2143493209281,340.4459276476622,334.5733573948132,328.60244288684464,322.5390270299497,316.3889779717741,310.1581758958746,303.85250001043994,297.4778157882409,291.0399625118092,284.5447411745249,277.9979027846787,271.4051371156752,264.7720619414685,258.10421279204155,251.4070332593629,244.68586587984328,237.94594361480387,231.1923819460685,224.43017159939643,217.66417190421924,210.89910479399708,204.13954944757847,197.3899375681682,190.65454929299776,183.93750972347868,177.24278606261777,170.57418534369577,163.93535273172785,157.3297703770558,150.7607567984686,144.23146677165266,137.74489169739218,131.3038604228667,124.91104048855571,118.5689397726793,112.27990850475032,106.04614161967766,99.86968142393414,93.7524205455386,87.69610514003784,81.70233832523138,75.77258381808701,69.90816974812026,64.11029262241811,58.380021418500064,52.718301782284016,47.12596030952977,41.6037088903297,36.15214909739007,30.771776600066687,25.46298558733588,20.226073184101324,15.061243846437833,9.968613722545228,4.948214967378249,0.0
PD22,pathway,gibraltar,Transportation,Oil products,Oil products,Oil products,Final consumption,Road – Buses&Vans,MEDIUMROAD,TJ,379.566165,365.507934,374.880088,398.31,431.112077,468.60022,506.087912,546.8841729999999,590.117198,636.76195,597.277329,602.799124984519,599.9852451275649,596.8973041871778,593.5378301058628,589.9096901234053,586.0160888810462,581.860565361156,577.4469886564065,572.7795525698414,567.8627690547302,562.7014605107056,557.3007509602473,551.6660561370968,545.8030725255012,539.717765396317,533.4163558927419,526.9053072248703,520.1913100381632,513.2812670263528,506.1822768640921,498.90161753887935,491.44672916526406,483.8251963671767,476.04473031627634,468.1131505155356,460.03836641786825,451.82835896941145,443.4911621661808,435.0348447111895,426.4674918568276,417.79718751435496,409.0319967088312,400.1799484537377,391.2490191149719,382.24711632893326,373.1820635340534,364.0615851695193,354.8932925890573,345.684670731624,336.44306558478456,327.17567247035544,317.88952517584426,308.5914859491702,299.2882363683016,289.98626909174607,280.69188049042043,271.4111641562314,262.1500052778721,252.91407586978323,243.70883083609957,234.53950484758167,225.4111100061259,216.32843426845184,207.2960405978944,198.31826681102237,189.3992260839142,180.54280808144176,171.7526806717642,163.0322921874341,154.38487419403168,145.81344472705678,137.32081195790943,128.9095782501156,120.58214456755206,112.34071519719328,104.18730274986969,96.12373340366548,88.15165235582504,80.27252945043756,72.48766495064058,64.79819542560347,57.205099724203365,49.70920500891134,42.31119282509178,35.01160518258678,27.81085062813941,20.70921028885209,13.706843868499732,6.803795580145106,0.0
PD22,pathway,gibraltar,Transportation,Oil products,Oil products,Oil products,Final consumption,Road – Light-duty vehicles,LIGHTROAD,TJ,1380.2406,1329.11976,1363.20032,1448.4,1567.68028,1704.0008000000005,1840.3196800000003,1988.66972,2145.88072,2315.498,2171.91756,2191.996818125523,2181.7645277365987,2170.5356515897374,2158.3193822031367,2145.126145903292,2130.9675959310766,2115.856601313294,2099.807231477841,2082.8347366176044,2064.955523835382,2046.187129129838,2026.5481853099895,2006.058385953079,1984.7384455472768,1962.6100559866063,1939.6958396099697,1916.019298999528,1891.604763775138,1866.4773346412824,1840.6628249603343,1814.187700141379,1787.0790151464143,1759.3643504260967,1731.0717466046406,1702.229638238311,1672.866786974066,1643.012214434223,1612.695135149748,1581.9448898588707,1550.790879479373,1519.2625000521996,1487.3890789412044,1455.199812559046,1422.7237058726248,1389.9895139233934,1357.0256855783755,1323.8603097073426,1290.521063960208,1257.0351662968144,1223.4293293992166,1189.7297180740195,1155.9619097303423,1122.150857996982,1088.320859521096,1054.4955239699857,1020.6977472378926,986.9496878408412,953.2727464649888,919.6875486173936,886.2139303130889,852.870926718479,819.6767636586396,786.6488518852793,753.8037839923431,721.157333858263,688.7244584869609,656.5193021143336,624.5552024427789,592.8446988633964,561.3995425237517,530.2307080983883,499.3484071196708,468.7621027276932,438.480525700189,408.5116916261573,378.8629190904353,349.54084874060163,320.5514631120909,291.9001070925001,263.5915089114201,235.6298015476491,208.01854445164827,180.76074548695036,153.85888300033366,127.3149279366794,101.13036592050685,75.30621923218905,49.843068612726256,24.741074836891585,0.0
PD22,pathway,gibraltar,Transportation,Oil products,Oil products,Oil products,Final consumption,Road – Trucks,HEAVYROAD,TJ,1414.746615,1362.347754,1397.2803279999998,1484.61,1606.872287,1746.60082,1886.327672,2038.386463,2199.527738,2373.38545,2226.215499,2246.796738578661,2236.308640930014,2224.799042879481,2212.2773667582155,2198.754299550874,2184.241785829354,2168.7530163461265,2152.302412264787,2134.9056050330446,2116.579411931267,2097.341807358084,2077.21188994274,2056.209845601906,2034.3569066859584,2011.675307386272,1988.1882356002188,1963.919781474516,1938.894882869517,1913.1392680073145,1886.6793955843425,1859.5423926449132,1831.7559905250744,1803.348459186749,1774.3485402697563,1744.7853791942684,1714.6884566484173,1684.0875197950786,1653.0125135284916,1621.493512105342,1589.560651466357,1557.2440625535044,1524.5738059147343,1491.5798078730218,1458.29179851944,1424.7392517714777,1390.9513277178348,1356.9568174500257,1322.784090559213,1288.4610454542344,1254.0150626341967,1219.4729610258698,1184.8609574736008,1150.2046294469064,1115.528881009123,1080.8579120692348,1046.2151909188397,1011.623430036862,977.1045651266136,942.6797373328282,908.369278570916,874.1926998864406,840.1686827501053,806.3150731824112,772.6488785921515,739.1862672047196,705.9425699491344,672.9322846671917,640.1690825038481,607.6658163349812,575.4345310868453,543.4864758008475,511.8321172976621,480.4811552958854,449.4425388426939,418.7244839168111,388.3344920676959,358.2793699591166,328.5652496898929,299.1976097698125,270.18129663420586,241.5205465863401,213.2190080629393,185.27976412412409,157.70535507534169,130.49780113509632,103.65862506851954,77.18887471299377,51.08914532804465,25.359601707813454,0.0
PD22,pathway,gibraltar,Transportation,Oil products,Oil products,Oil products,Final consumption,International aviation bunkers,AVBUNK,TJ,215.0006,301.0016,257.999,301.0016,301.0016,344.0,430.0011,406.9109,307.106,355.5682,160.6475,162.1326772825669,161.37583830279698,160.5452861151702,159.6417006511419,158.66585310171675,157.61860540753568,156.50090943575103,155.3138058420765,154.05842261838734,152.73597332826233,151.34775503490368,149.89514592790837,148.37960265738508,146.80265738587983,145.16591457049063,143.47104748936357,141.71979452849337,139.91395524633384,138.05538623518726,136.14599679962777,134.1877444733502,132.18263039676958,130.1326945784611,128.0400110640797,125.90668303675812,123.7348378731356,121.52662217912264,119.28419682926142,117.00973203310852,114.70540245144598,112.3733823843368,110.01584105209184,107.63493798911932,105.23281856939931,102.81160968099007,100.37341556553008,97.92031383719294,95.45435169396924,92.97754233253104,90.49186157630248,87.99924472469206,85.50158362981566,83.00072400541308,80.49846297108778,77.99654683346648,75.49666910442002,73.00046875509011,70.50952870316786,68.025374529645,65.54947342014765,63.08323332493652,60.62800233073824,58.18506823677063,55.75565832660328,53.340939326903055,50.94201754360512,48.55993916565251,46.19569072613712,43.85019971046114,41.52433530100672,39.21890924775056,36.93467685428965,34.67233806882942,32.432538669847645,30.21587153635477,28.022877992929292,25.85404922001541,23.709827720302428,21.5906088323824,19.49674228327865,17.428533771846276,15.38624657548982,13.370103173075703,11.380286877369372,9.416943470776914,7.480182838622397,5.570080594635044,3.68667969375548,1.82999202780951,0.0
PD22,pathway,gibraltar,Transportation,Oil products,Oil products,Oil products,Final consumption,Road – 2&3-wheel,TTROAD,TJ,98.559952,95.040024,95.040024,102.07988,112.639992,119.679848,130.23996,141.42641600000002,152.60618399999998,164.665504,154.454064,155.88198330813069,155.1543227082516,154.35579076257525,153.4870411891894,152.548815447406,151.54194224750623,150.4673367593501,149.32599951829724,148.11901502880187,146.8475500679794,145.51285169341156,144.11624496141238,142.65913036392303,141.14298099409427,139.56933945246013,137.93981450734805,136.25607752483396,134.51985868507373,132.7329430032483,130.89716617459655,129.0144102641029,127.08659926230408,125.11569452941428,123.10369015049768,121.05260822476012,118.96449411218292,116.84141166067336,114.68543843667244,112.49866098174324,110.2831701170662,108.04105631700978,105.77440517202956,103.48529296009876,101.17578234468878,98.8479182160361,96.50372369104392,94.145196285718,91.77430427251488,89.39298323342385,87.00313281803554,84.60661371424547,82.20524483767815,79.80080074435273,77.39500926959974,74.98954939476326,72.58604934182551,70.18608489474587,67.79117794505939,65.40279525810087,63.02234745515358,60.65118820583376,58.29061362413975,55.94186186082285,53.60611288404314,51.28448843970557,48.97805218238136,46.68780996733719,44.41471029389805,42.1596448901623,39.923449428961874,37.70690436491233,35.5107358824244,33.33561694463103,31.18216843334085,29.05096037032581,26.94251321050183,24.857299197855014,22.79574377528792,20.75822703992128,18.74508523576793,16.75661227608836,14.793061288164978,12.854646173646271,10.941543178048647,9.053892463435515,7.191799678726937,5.355337522519335,3.544547293713322,1.7594404256697658,0.0
PD22,pathway,gibraltar,Transportation,Oil products,Oil products,Oil products,Final consumption,Road – Buses&Vans,MEDIUMROAD,TJ,135.519934,130.68003299999998,130.68003299999998,140.359835,154.879989,164.559791,179.07994499999998,194.461322,209.833503,226.415068,212.374338,214.3377270486797,213.337193723846,212.239212298541,211.04468163513548,209.7546212401833,208.37017059032112,206.8925880441064,205.32324933765875,203.66364566460257,201.9153813434717,200.0801710784409,198.1598368219421,196.1563042503942,194.07159886687967,191.90784174713272,189.66724494760365,187.3521065966468,184.9648056919764,182.50779662946644,179.98360349007032,177.3948141131416,174.74407398566814,172.03407997794466,169.26757395693434,166.44733630904523,163.5761794042516,160.65694103342594,157.69247785042467,154.68565884989698,151.6393589109661,148.5564524358885,145.43980711154072,142.2922778201359,139.11670072394713,135.9158875470497,132.69262007518543,129.44964489286232,126.189668374708,122.91535194595784,119.62930762479893,116.3340938570876,113.0322116518075,109.72610102348509,106.41813774569964,103.11063041779954,99.80581784501013,96.50586673027564,93.2128696744567,89.92884347988871,86.6557277508362,83.39538378302146,80.1495937331922,76.92006005863146,73.70840521555934,70.5161716045952,67.3448217507744,64.19573870508862,61.07022665410983,57.9695117239732,54.89474296482263,51.84699350175447,48.827261838333584,45.8364732988677,42.87548159584367,39.94507050919805,37.04595566444005,34.17878639705066,31.344147691020908,28.54256217989177,25.774492199180884,23.040341879621508,20.340459271226848,17.67513848876365,15.044621869816863,12.44910213722386,9.88872455824952,7.363589093464043,4.873752528855846,2.4192305852959066,0.0
PD22,pathway,gibraltar,Transportation,Oil products,Oil products,Oil products,Final consumption,Road – Light-duty vehicles,LIGHTROAD,TJ,492.79976,475.20012,475.20012,510.3994,563.19996,598.3992400000001,651.1998,707.1320800000001,763.03092,823.32752,772.2703200000001,779.4099165406536,775.7716135412583,771.7789538128764,767.4352059459471,762.7440772370301,757.7097112375313,752.3366837967505,746.6299975914862,740.5950751440093,734.237750339897,727.5642584670578,720.581224807062,713.295651819615,705.7149049704715,697.8466972623007,689.6990725367405,681.2803876241699,672.5992934253687,663.6647150162415,654.4858308729829,645.0720513205147,635.4329963115205,625.5784726470713,615.5184507524884,605.2630411238006,594.8224705609148,584.2070583033669,573.4271921833624,562.4933049087163,551.4158505853311,540.205281585049,528.8720258601479,517.4264648004939,505.8789117234441,494.2395910801805,482.51861845521967,470.72598142859,458.8715213625743,446.9649161671192,435.01566409017767,423.0330685712274,411.0262241883908,399.00400372176375,386.9750463479986,374.94774697381627,362.9302467091276,350.93042447372943,338.95588972529697,327.0139762905043,315.11173727576795,303.25594102916875,291.4530681206988,279.7093093041143,268.0305644202157,256.42244219852785,244.8902609119067,233.43904983668585,222.0735514694902,210.79822445081152,199.6172471448093,188.5345218245617,177.55367941212194,166.67808472315505,155.91084216670424,145.25480185162905,134.71256605250915,124.28649598927495,113.97871887643964,103.79113519960652,93.7254261788396,83.78306138044172,73.96530644082486,64.2732308682314,54.70771589024321,45.26946231717761,35.9589983936346,26.77668761259656,17.72273646856661,8.797202128348772,0.0
PD22,pathway,gibraltar,Transportation,Oil products,Oil products,Oil products,Final consumption,Road – Trucks,HEAVYROAD,TJ,505.119754,487.080123,487.080123,523.1593849999999,577.279959,613.3592209999999,667.479795,724.810382,782.106693,843.910708,791.5770779999999,798.8951644541698,795.1659038797897,791.073427658198,786.6210860945957,781.8126791679557,776.6524540184694,771.1451008916692,765.2957475312734,759.1099520226095,752.5936940983943,745.7533649287342,738.5957554272384,731.1280431151054,723.357777594733,715.2928646938581,706.9415493501588,698.312397314774,689.4142757610027,680.2563328916474,670.8479766448072,661.1988526035274,651.3188212193081,641.217934463248,630.9064120213004,620.3946171518955,609.6930323249376,598.8122347609509,587.7628719879461,576.555637531434,565.2012468499643,553.7104136246749,542.0938265066513,530.362126420506,518.5258845165298,506.5955808571848,494.5815839165999,482.4941309643048,470.3433093966386,458.139039071297,445.8910556924319,433.608895285508,421.3018797931004,408.9791038148078,396.6494225066984,384.3214406481616,372.0035028768556,359.7036850855725,347.4297869684292,335.1893256977669,322.989530707662,310.8373395548979,298.7393948237161,286.702042036717,274.73132853072093,262.83300325349103,251.0125174347044,239.27502608260292,227.6253902562273,216.06818006208172,204.6076783234296,193.24788487017577,181.99252139742495,170.8450368412341,159.80861322087185,148.88617189791967,138.08038020382173,127.39365838900676,116.82818684835048,106.38591357959648,96.06856183331048,85.87763791495286,75.81443910184544,65.88006163993714,56.07540878749933,46.40119887510696,36.85797335347547,27.44610480291135,18.165804880280803,9.017132181557372,0.0
