scenario,sector,product_category,product_long,flow_category,flow_long,2010,2011,2012,2013,2014,2015,2016,2017,2018,2019,2020,2021,2022,2023,2024,2025,2026,2027,2028,2029,2030,2031,2032,2033,2034,2035,2036,2037,2038,2039,2040,2041,2042,2043,2044,2045,2046,2047,2048,2049,2050
baseline,Electric Power,Electricity and Heat,Electricity,Energy industry own use and Losses,Losses,183.5998,244.799,280.80015000000003,341.99940000000004,309.60065,446.4004,471.6006,466.5714,548.36805,610.3897,630.2593745263806,651.9869071060905,673.7144396858002,695.44197226551,717.1695048452199,738.8970374249297,760.6245700046395,782.3521025843493,804.0796351640591,825.807167743769,847.5347003234788,869.2622329031885,890.9897654828984,912.7172980626084,934.444830642318,956.1723632220278,977.8998958017376,999.6274283814475,1021.3549609611572,1043.082493540867,1064.8100261205768,1086.5375587002868,1108.2650912799966,1129.9926238597063,1151.7201564394163,1173.4476890191258,1195.1752215988358,1216.9027541785458,1238.6302867582554,1260.357819337965,1282.085351917675
baseline,Electric Power,Electricity and Heat,Electricity,Transformation processes,Autoproducer electricity plants,0.0,0.0,0.0,0.0,0.0,0.0,0.0,0.0,0.0,0.0,0.0,0.0,0.0,0.0,0.0,0.0,0.0,0.0,0.0,0.0,0.0,0.0,0.0,0.0,0.0,0.0,0.0,0.0,0.0,0.0,0.0,0.0,0.0,0.0,0.0,0.0,0.0,0.0,0.0,0.0,0.0
baseline,Electric Power,Electricity and Heat,Electricity,Transformation processes,Main activity producer electricity plants,0.0,0.0,0.0,0.0,0.0,0.0,0.0,0.0,0.0,0.0,0.0,0.0,0.0,0.0,0.0,0.0,0.0,0.0,0.0,0.0,0.0,0.0,0.0,0.0,0.0,0.0,0.0,0.0,0.0,0.0,0.0,0.0,0.0,0.0,0.0,0.0,0.0,0.0,0.0,0.0,0.0
baseline,Electric Power,Electricity and Heat,Hydro,Electricity output,Electricity output -main activity producer electricity plants,403.2,536.4,651.6,529.2,734.4,1015.2,1087.2,1004.3244000000002,1116.4014,1239.1488,1279.4861178573542,1323.595063213261,1367.704008569168,1411.812953925075,1455.9218992809815,1500.030844636888,1544.139789992795,1588.2487353487018,1632.3576807046086,1676.4666260605154,1720.5755714164222,1764.684516772329,1808.793462128236,1852.9024074841427,1897.0113528400493,1941.120298195956,1985.229243551863,2029.3381889077696,2073.4471342636766,2117.556079619583,2161.6650249754903,2205.773970331397,2249.8829156873035,2293.9918610432105,2338.1008063991176,2382.209751755024,2426.3186971109308,2470.427642466838,2514.5365878227444,2558.645533178651,2602.754478534558
baseline,Electric Power,Electricity and Heat,Hydro,Transformation processes,Main activity producer electricity plants,403.2007,536.4001499999999,651.60005,529.1995,734.3991,1015.19925,1087.19945,1004.3206,1116.408,1239.1410500000002,1279.478115575939,1323.5867850615657,1367.6954545471924,1411.8041240328191,1455.912793518446,1500.0214630040728,1544.1301324896997,1588.2388019753262,1632.347471460953,1676.4561409465798,1720.5648104322063,1764.6734799178334,1808.78214940346,1852.8908188890869,1896.9994883747136,1941.1081578603405,1985.216827345967,2029.3254968315937,2073.434166317221,2117.5428358028475,2161.6515052884743,2205.760174774101,2249.868844259728,2293.9775137453544,2338.086183230981,2382.194852716608,2426.3035222022345,2470.412191687861,2514.520861173488,2558.6295306591146,2602.7382001447418
baseline,Electric Power,Electricity and Heat,Utility solar photovoltaics,Electricity output,Electricity output -main activity producer electricity plants,0.0,0.0,0.0,0.0,10.8,32.4,45.36,33.5664,34.6032,34.6032,35.72961861678081,36.96135983941648,38.193101062052136,39.424842284687806,40.65658350732347,41.88832472995913,43.12006595259479,44.351807175230455,45.58354839786613,46.81528962050179,48.04703084313745,49.27877206577311,50.51051328840877,51.74225451104444,52.9739957336801,54.20573695631577,55.43747817895143,56.66921940158709,57.90096062422276,59.13270184685842,60.36444306949409,61.59618429212975,62.82792551476541,64.05966673740107,65.29140796003674,66.5231491826724,67.75489040530806,68.98663162794372,70.21837285057939,71.45011407321505,72.68185529585072
baseline,Electric Power,Electricity and Heat,Utility solar photovoltaics,Transformation processes,Main activity producer electricity plants,0.0,0.0,0.0,0.0,10.8,32.4,45.35999999999999,33.576,34.59,34.59,35.715988924563284,36.94726027781869,38.1785316310741,39.40980298432951,40.64107433758492,41.872345690840326,43.103617044095735,44.33488839735114,45.56615975060655,46.79743110386196,48.02870245711737,49.25997381037278,50.49124516362819,51.7225165168836,52.95378787013901,54.18505922339442,55.41633057664983,56.64760192990524,57.87887328316064,59.11014463641605,60.34141598967146,61.57268734292687,62.80395869618228,64.03523004943769,65.2665014026931,66.4977727559485,67.72904410920391,68.96031546245932,70.19158681571473,71.42285816897014,72.65412952222555
baseline,Electric Power,Electricity and Heat,Offshore wind energy,Electricity output,Electricity output -autoproducer electricity plants,0.0,0.0,0.0,0.0,0.0,0.0,0.0,0.0,0.0,0.0,0.0,0.0,0.0,0.0,0.0,0.0,0.0,0.0,0.0,0.0,0.0,0.0,0.0,0.0,0.0,0.0,0.0,0.0,0.0,0.0,0.0,0.0,0.0,0.0,0.0,0.0,0.0,0.0,0.0,0.0,0.0
baseline,Electric Power,Electricity and Heat,Offshore wind energy,Electricity output,Electricity output -main activity producer electricity plants,0.0,0.0,0.0,0.0,0.0,0.0,0.0,0.0,0.0,0.0,0.0,0.0,0.0,0.0,0.0,0.0,0.0,0.0,0.0,0.0,0.0,0.0,0.0,0.0,0.0,0.0,0.0,0.0,0.0,0.0,0.0,0.0,0.0,0.0,0.0,0.0,0.0,0.0,0.0,0.0,0.0
baseline,Electric Power,Electricity and Heat,Onshore wind energy,Electricity output,Electricity output -autoproducer electricity plants,0.0,0.0,0.0,0.0,0.0,0.0,0.0,0.0,0.0,0.0,0.0,0.0,0.0,0.0,0.0,0.0,0.0,0.0,0.0,0.0,0.0,0.0,0.0,0.0,0.0,0.0,0.0,0.0,0.0,0.0,0.0,0.0,0.0,0.0,0.0,0.0,0.0,0.0,0.0,0.0,0.0
baseline,Electric Power,Electricity and Heat,Onshore wind energy,Electricity output,Electricity output -main activity producer electricity plants,0.0,0.0,0.0,0.0,0.0,0.0,0.0,0.0,0.0,0.0,0.0,0.0,0.0,0.0,0.0,0.0,0.0,0.0,0.0,0.0,0.0,0.0,0.0,0.0,0.0,0.0,0.0,0.0,0.0,0.0,0.0,0.0,0.0,0.0,0.0,0.0,0.0,0.0,0.0,0.0,0.0
baseline,Electric Power,Electricity and Heat,Offshore wind energy,Transformation processes,Autoproducer electricity plants,0.0,0.0,0.0,0.0,0.0,0.0,0.0,0.0,0.0,0.0,0.0,0.0,0.0,0.0,0.0,0.0,0.0,0.0,0.0,0.0,0.0,0.0,0.0,0.0,0.0,0.0,0.0,0.0,0.0,0.0,0.0,0.0,0.0,0.0,0.0,0.0,0.0,0.0,0.0,0.0,0.0
baseline,Electric Power,Electricity and Heat,Offshore wind energy,Transformation processes,Main activity producer electricity plants,0.0,0.0,0.0,0.0,0.0,0.0,0.0,0.0,0.0,0.0,0.0,0.0,0.0,0.0,0.0,0.0,0.0,0.0,0.0,0.0,0.0,0.0,0.0,0.0,0.0,0.0,0.0,0.0,0.0,0.0,0.0,0.0,0.0,0.0,0.0,0.0,0.0,0.0,0.0,0.0,0.0
baseline,Electric Power,Electricity and Heat,Onshore wind energy,Transformation processes,Autoproducer electricity plants,0.0,0.0,0.0,0.0,0.0,0.0,0.0,0.0,0.0,0.0,0.0,0.0,0.0,0.0,0.0,0.0,0.0,0.0,0.0,0.0,0.0,0.0,0.0,0.0,0.0,0.0,0.0,0.0,0.0,0.0,0.0,0.0,0.0,0.0,0.0,0.0,0.0,0.0,0.0,0.0,0.0
baseline,Electric Power,Electricity and Heat,Onshore wind energy,Transformation processes,Main activity producer electricity plants,0.0,0.0,0.0,0.0,0.0,0.0,0.0,0.0,0.0,0.0,0.0,0.0,0.0,0.0,0.0,0.0,0.0,0.0,0.0,0.0,0.0,0.0,0.0,0.0,0.0,0.0,0.0,0.0,0.0,0.0,0.0,0.0,0.0,0.0,0.0,0.0,0.0,0.0,0.0,0.0,0.0
baseline,Electric Power,Electricity and Heat,Rooftop solar photovoltaics,Electricity output,Electricity output -main activity producer electricity plants,0.0,0.0,0.0,0.0,4.320000000000001,12.96,18.144,13.42656,13.84128,13.84128,14.291847446712326,14.784543935766592,15.277240424820857,15.769936913875124,16.26263340292939,16.755329891983653,17.248026381037917,17.740722870092185,18.23341935914645,18.72611584820072,19.218812337254978,19.71150882630924,20.20420531536351,20.696901804417774,21.18959829347204,21.682294782526306,22.17499127158057,22.66768776063484,23.160384249689105,23.65308073874337,24.14577722779763,24.63847371685189,25.13117020590616,25.623866694960427,26.11656318401469,26.609259673068955,27.101956162123223,27.594652651177487,28.08734914023175,28.58004562928602,29.072742118340283
baseline,Electric Power,Electricity and Heat,Rooftop solar photovoltaics,Transformation processes,Main activity producer electricity plants,0.0,0.0,0.0,0.0,4.319999999999999,12.96,18.144,13.4304,13.836,13.836,14.286395569825311,14.778904111127476,15.27141265242964,15.763921193731804,16.25642973503397,16.74893827633613,17.241446817638295,17.733955358940456,18.22646390024262,18.718972441544786,19.21148098284695,19.70398952414911,20.19649806545128,20.68900660675344,21.181515148055603,21.674023689357767,22.16653223065993,22.659040771962093,23.15154931326425,23.64405785456642,24.136566395868584,24.62907493717075,25.12158347847291,25.61409201977507,26.10660056107724,26.5991091023794,27.09161764368157,27.58412618498373,28.07663472628589,28.569143267588053,29.06165180889022
baseline,Industrial,Electricity and Heat,Electricity,Final consumption,Industry not elsewhere specified,226.7995,244.799,277.19985,284.4005,298.79970000000003,316.79920000000004,334.8008,348.15875000000005,377.97795,413.5301,425.1813794808455,439.011970569296,452.8425616577465,466.673152746197,480.5037438346475,494.334334923098,508.16492601154846,521.995517099999,535.8261081884494,549.6566992769,563.4872903653504,577.317881453801,591.1484725422515,604.979063630702,618.8096547191524,632.6402458076029,646.4708368960535,660.3014279845039,674.1320190729543,687.9626101614049,701.7932012498554,715.6237923383059,729.4543834267563,743.2849745152068,757.1155656036574,770.9461566921079,784.7767477805584,798.6073388690088,812.4379299574593,826.2685210459099,840.0991121343603
baseline,Commercial,Electricity and Heat,Electricity,Final consumption,Commercial and public services,,,,,,,,,,,,,,,,,,,,,,,,,,,,,,,,,,,,,,,,,
baseline,Residential,Electricity and Heat,Electricity,Final consumption,Residential,,,,,,,,,,,,,,,,,,,,,,,,,,,,,,,,,,,,,,,,,
pathway,Commercial,Electricity and Heat,Electricity,Final consumption,Commercial and public services,,,,,,,,,,,,,,,,,,,,,,,,,,,,,,,,,,,,,,,,,
pathway,Electric Power,Electricity and Heat,Electricity,Energy industry own use and Losses,Losses,183.5998,244.799,280.80015000000003,341.99940000000004,309.60065,446.4004,471.6006,466.5714,548.36805,610.3897,630.2593745263806,651.9869071060905,673.7144396858002,695.44197226551,717.1695048452199,738.8970374249297,760.6245700046395,782.3521025843493,804.0796351640591,825.807167743769,847.5347003234788,869.2622329031885,890.9897654828984,912.7172980626084,934.444830642318,956.1723632220278,977.8998958017376,999.6274283814475,1021.3549609611572,1043.082493540867,1064.8100261205768,1086.5375587002868,1108.2650912799966,1129.9926238597063,1151.7201564394163,1173.4476890191258,1195.1752215988358,1216.9027541785458,1238.6302867582554,1260.357819337965,1282.085351917675
pathway,Electric Power,Electricity and Heat,Hydro,Electricity output,Electricity output -main activity producer electricity plants,403.2,536.4,651.6,529.2,734.4,1015.2,1087.2,1004.3244000000002,1116.4014,1239.1488,1279.4861178573542,1323.5950632132608,1422.611818667449,1521.6285741216366,1620.6453295758242,1719.662085030012,1818.6788404842005,1917.695595938388,2016.712351392576,2115.729106846764,2214.745862300952,2313.76261775514,2412.779373209328,2511.7961286635154,2610.812884117704,2709.829639571891,2808.84639502608,2907.863150480267,3006.879905934455,3105.8966613886428,3204.9134168428304,3303.9301722970185,3402.946927751206,3501.9636832053943,3600.9804386595824,3699.997194113769,3799.013949567958,3898.030705022146,3997.0474604763335,4096.064215930522,4195.08097138471
pathway,Electric Power,Electricity and Heat,Hydro,Transformation processes,Main activity producer electricity plants,403.2007,536.4001499999999,651.60005,529.1995,734.3991,1015.19925,1087.19945,1004.3206,1116.408,1239.1410500000002,1279.478115575939,1323.5867850615657,1367.6954545471924,1411.8041240328191,1455.912793518446,1500.0214630040728,1544.1301324896997,1588.2388019753262,1632.347471460953,1676.4561409465798,1720.5648104322063,1764.6734799178334,1808.78214940346,1852.8908188890869,1896.9994883747136,1941.1081578603405,1985.216827345967,2029.3254968315937,2073.434166317221,2117.5428358028475,2161.6515052884743,2205.760174774101,2249.868844259728,2293.9775137453544,2338.086183230981,2382.194852716608,2426.3035222022345,2470.412191687861,2514.520861173488,2558.6295306591146,2602.7382001447418
pathway,Electric Power,Electricity and Heat,Rooftop solar photovoltaics,Electricity output,Electricity output -main activity producer electricity plants,0.0,0.0,0.0,0.0,4.320000000000001,12.96,18.144,13.42656,13.84128,13.84128,14.291847446712326,14.784543935766589,15.8905601276339,16.9965763195012,18.102592511368503,19.20860870323581,20.314624895103123,21.42064108697042,22.52665727883773,23.63267347070504,24.738689662572344,25.844705854439653,26.950722046306957,28.05673823817426,29.16275443004157,30.268770621908875,31.37478681377618,32.48080300564349,33.5868191975108,34.6928353893781,35.7988515812454,36.90486777311271,38.01088396498001,39.11690015684732,40.22291634871464,41.32893254058192,42.43494873244924,43.54096492431655,44.646981116183845,45.75299730805116,46.85901349991847
pathway,Electric Power,Electricity and Heat,Rooftop solar photovoltaics,Transformation processes,Main activity producer electricity plants,0.0,0.0,0.0,0.0,4.319999999999999,12.96,18.144,13.4304,13.836,13.836,14.286395569825311,14.778904111127476,15.27141265242964,15.763921193731804,16.25642973503397,16.74893827633613,17.241446817638295,17.733955358940456,18.22646390024262,18.718972441544786,19.21148098284695,19.70398952414911,20.19649806545128,20.68900660675344,21.181515148055603,21.674023689357767,22.16653223065993,22.659040771962093,23.15154931326425,23.64405785456642,24.136566395868584,24.62907493717075,25.12158347847291,25.61409201977507,26.10660056107724,26.5991091023794,27.09161764368157,27.58412618498373,28.07663472628589,28.569143267588053,29.06165180889022
pathway,Electric Power,Electricity and Heat,Utility solar photovoltaics,Electricity output,Electricity output -main activity producer electricity plants,0.0,0.0,0.0,0.0,10.8,32.4,45.36,33.5664,34.6032,34.6032,35.72961861678081,36.96135983941647,39.72640031908474,42.491440798753,45.25648127842126,48.02152175808953,50.7865622377578,53.55160271742604,56.31664319709433,59.081683676762594,61.84672415643085,64.61176463609912,67.37680511576738,70.14184559543564,72.90688607510391,75.67192655477218,78.43696703444044,81.2020075141087,83.96704799377699,86.73208847344523,89.49712895311349,92.26216943278176,95.02720991245002,97.79225039211828,100.55729087178656,103.3223313514548,106.0873718311231,108.85241231079137,111.6174527904596,114.38249327012788,117.14753374979615
pathway,Electric Power,Electricity and Heat,Utility solar photovoltaics,Transformation processes,Main activity producer electricity plants,0.0,0.0,0.0,0.0,10.8,32.4,45.35999999999999,33.576,34.59,34.59,35.715988924563284,36.94726027781869,38.1785316310741,39.40980298432951,40.64107433758492,41.872345690840326,43.103617044095735,44.33488839735114,45.56615975060655,46.79743110386196,48.02870245711737,49.25997381037278,50.49124516362819,51.7225165168836,52.95378787013901,54.18505922339442,55.41633057664983,56.64760192990524,57.87887328316064,59.11014463641605,60.34141598967146,61.57268734292687,62.80395869618228,64.03523004943769,65.2665014026931,66.4977727559485,67.72904410920391,68.96031546245932,70.19158681571473,71.42285816897014,72.65412952222555
pathway,Industrial,Electricity and Heat,Electricity,Final consumption,Final consumption not elsewhere specified,0.0,0.0,0.0,0.0,0.0,0.0,0.0,0.0,0.0,0.0,0.0,19.50054482600423,42.06147774085745,67.99137590231999,97.60322104191562,131.20330490273403,169.0769640400564,211.4713866948636,258.5762507685391,310.5035689546376,367.26873732713193,428.7752555327024,494.80572940426254,565.0214229227923,638.9717316058607,716.1135915468138,795.8392717616265,877.5095880928488,960.4886873287948,1044.1764100746673,1128.0348627736412,1211.60701093057,1294.526515187595,1376.519330545043,1457.3985340246438,1537.0543379441372,1615.441316138356,1692.5646323370124,1768.466652768293,1843.214871724296,1916.8916646367816
pathway,Industrial,Electricity and Heat,Electricity,Final consumption,Food and tobacco,0.0,0.0,0.0,0.0,0.0,0.0,0.0,0.0,0.0,0.0,0.0,3.7595867010948263,8.103682065616503,13.091391635314558,18.78263921017893,25.23602845461744,32.50609476741094,40.63999408836936,49.67377448849512,59.62849497999052,70.50657534011992,82.2888518163706,94.93284164862422,108.37265405488202,122.52081403515012,137.2720045722905,152.508431068931,168.10623935588706,183.94224530611996,199.9002047559257,215.8759702471197,231.7811077874861,247.54481875055055,263.11426373065456,278.4535693435407,293.54189581049565,308.370958242662,322.9423494715242,337.2649339137275,351.3524941728973,365.22173156005647
pathway,Industrial,Electricity and Heat,Electricity,Final consumption,Industry not elsewhere specified,226.7995,244.799,277.19985,284.4005,298.79970000000003,316.79920000000004,334.8008,348.15875000000005,377.97795,413.5301,425.1813794808455,463.9504616013184,508.0388768476119,558.1639298660241,615.0637345398667,679.470216886506,752.0737331816589,833.4797804493896,924.1596008209888,1024.3980881811085,1134.2440505936995,1253.4691765648968,1381.542525417854,1517.626590737591,1660.598781202733,1809.098725068353,1961.597766971196,2116.4833235568112,2272.14834250863,2427.0755864726693,2579.9079068268165,2729.4985944573305,2874.9394619906816,3015.5676560251504,3150.95468334368,3280.8824859629904,3405.3116753352465,3524.346510051984,3638.20022130782,3747.1631681177214,3851.575260732594
pathway,Industrial,Electricity and Heat,Electricity,Final consumption,Non-metallic minerals,0.0,0.0,0.0,0.0,0.0,0.0,0.0,0.0,0.0,0.0,0.0,14.922493385908062,31.320658873326565,49.23583430654819,68.70373345613889,89.75364688075962,112.40781017291182,136.6810304064512,162.5806618643382,190.10700643025405,219.254177909037,250.0114120468211,282.36473012728743,316.2987859490776,351.79866209622327,388.8513518589355,427.4466830720694,467.5775127244911,509.2391342432789,552.4279675735992,597.139715096021,643.3672386620184,691.0984322412565,740.3143339558111,790.9876557048175,843.081828363019,896.5505841483694,951.3380375946238,1007.3791877940806,1064.600746406882,1122.9221940267932
pathway,Residential,Electricity and Heat,Electricity,Final consumption,Residential,,,,,,,,,,,,,,,,,,,,,,,,,,,,,,,,,,,,,,,,,
pathway,Transportation,Electricity and Heat,Electricity,Final consumption,International aviation bunkers,0.0,0.0,0.0,0.0,0.0,0.0,0.0,0.0,0.0,0.0,0.0,5.089980862175713,11.329123703257997,18.875716679573078,27.893047338599864,38.54347154772893,50.98061717820626,65.33983174012145,81.72728107655576,100.20846606511412,120.79728962932386,143.4470885995628,168.04513795118712,194.41194620899813,222.3061526264328,251.4350608410149,281.4699485799073,312.06449061236145,342.8741300379717,373.57415911849415,403.8746269470967,433.5308573542608,462.3491464018503,490.1879250293414,516.9551871120448,542.6032461847143,567.1219171969898,590.5310878558779,612.8734241330164,634.2077123597196,654.6031207602704
pathway,Transportation,Electricity and Heat,Electricity,Final consumption,Road – 2&3-wheel,0.0,0.0,0.0,0.0,0.0,0.0,0.0,0.0,0.0,0.0,0.0,3.187122805373302,7.093800447830118,11.819146029464148,17.465403051871007,24.134231639431896,31.921826828090342,40.91293729328103,51.17403943025921,62.74614701617645,75.63796545206172,89.82027630741388,105.22249611512234,121.73223518464296,139.19836400085129,157.4376089371549,176.24413852173438,195.4010990824676,214.69274419814636,233.91575612246487,252.8885803127585,271.4580112814392,289.5027601169293,306.93418248174544,323.6946681753443,339.7543580243795,355.1068745969596,369.7646707030783,383.7544619031478,397.1130576198846,409.88376796210616
pathway,Transportation,Electricity and Heat,Electricity,Final consumption,Road – Buses&Vans,0.0,0.0,0.0,0.0,0.0,0.0,0.0,0.0,0.0,0.0,0.0,4.382293857388291,9.75397561576641,16.251325790513203,24.014929196322637,33.18456850421886,43.89251188862424,56.255288778261416,70.36430421660643,86.27595214724262,104.00220249658489,123.50287992269408,144.68093215829322,167.38182337888412,191.39775050117052,216.476712288588,242.3356904673848,268.6765112383929,295.20252327245123,321.63416466838925,347.7217979300429,373.2547655119789,398.0662951607778,422.03450091240006,445.0801687410985,467.1622422835218,488.2719525708195,508.4264222167327,527.6623851168283,546.0304542273414,563.5901809478961
pathway,Transportation,Electricity and Heat,Electricity,Final consumption,Road – Light-duty vehicles,0.0,0.0,0.0,0.0,0.0,0.0,0.0,0.0,0.0,0.0,0.0,15.935614026866512,35.46900223915058,59.09573014732074,87.32701525935505,120.67115819715949,159.60913414045177,204.5646864664052,255.87019715129617,313.7307350808823,378.1898272603087,449.1013815370695,526.1124805756119,608.6611759232151,695.9918200042566,787.1880446857747,881.2206926086722,977.0054954123382,1073.463720990732,1169.5787806123249,1264.4429015637932,1357.2900564071963,1447.513800584647,1534.670912408728,1618.4733408767224,1698.7717901218984,1775.534372984799,1848.8233535153925,1918.77230951574,1985.565288099424,2049.418839810532
pathway,Transportation,Electricity and Heat,Electricity,Final consumption,Road – Trucks,0.0,0.0,0.0,0.0,0.0,0.0,0.0,0.0,0.0,0.0,0.0,16.33400437753817,36.35572729512935,60.57312340100374,89.51019064083891,123.68793715208844,163.599362493963,209.67880362806525,262.2669520800785,321.57400345790427,387.64457294181625,460.32891607549607,539.2652925900019,623.8777053212951,713.391615504363,806.8677458029188,903.2512099238884,1001.4306327976462,1100.3003140154997,1198.8182501276324,1296.0539741028872,1391.2223078173758,1483.7016455992627,1573.0376852189454,1658.9351743986394,1741.2410848749446,1819.9227323094176,1895.043937353276,1966.741617253632,2035.204420301908,2100.654310805794
pathway,Electric Power,Electricity and Heat,Storage,Electricity output,Electricity output -main activity producer electricity plants,80.64,107.28,130.32000000000002,105.84000000000002,146.88,203.04,217.44000000000003,200.86488000000008,223.28028,247.82976,255.89722357147085,264.71901264265216,284.5223637334898,304.3257148243273,324.12906591516486,343.9324170060024,363.7357680968401,383.5391191876776,403.3424702785153,423.1458213693528,442.9491724601904,462.75252355102793,482.5558746418655,502.3592257327031,522.1625768235407,541.9659279143783,561.7692790052159,581.5726300960534,601.3759811868911,621.1793322777286,640.9826833685661,660.7860344594037,680.5893855502413,700.392736641079,720.1960877319166,739.9994388227539,759.8027899135917,779.6061410044292,799.4094920952667,819.2128431861044,839.0161942769421
pathway,Electric Power,Electricity and Heat,Storage,Electricity output,Electricity output -main activity producer electricity plants,0.0,0.0,0.0,0.0,0.8640000000000003,2.5920000000000005,3.6288,2.685312,2.768256,2.768256,2.8583694893424654,2.956908787153318,3.17811202552678,3.3993152639002404,3.620518502273701,3.8417217406471615,4.062924979020624,4.284128217394084,4.505331455767547,4.726534694141008,4.947737932514469,5.168941170887931,5.390144409261391,5.611347647634852,5.832550886008314,6.053754124381776,6.274957362755236,6.496160601128698,6.71736383950216,6.93856707787562,7.15977031624908,7.380973554622543,7.602176792996002,7.823380031369465,8.044583269742928,8.265786508116385,8.486989746489849,8.70819298486331,8.92939622323677,9.150599461610232,9.371802699983697
pathway,Electric Power,Electricity and Heat,Storage,Electricity output,Electricity output -main activity producer electricity plants,0.0,0.0,0.0,0.0,2.16,6.48,9.072,6.713280000000001,6.920640000000001,6.920640000000001,7.145923723356162,7.392271967883293,7.945280063816948,8.498288159750599,9.051296255684251,9.604304351617904,10.15731244755156,10.71032054348521,11.263328639418866,11.81633673535252,12.36934483128617,12.922352927219826,13.475361023153477,14.02836911908713,14.581377215020783,15.134385310954436,15.68739340688809,16.24040150282174,16.7934095987554,17.34641769468905,17.899425790622697,18.452433886556356,19.005441982490005,19.55845007842366,20.111458174357317,20.66446627029096,21.21747436622462,21.77048246215827,22.323490558091923,22.87649865402558,23.42950674995923
baseline,Transportation,Biofuels and Waste,Biofuels and Waste,Final consumption,World aviation bunkers,0.0,0.0,0.0,0.0,0.0,0.0,0.0,0.0,0.0,0.0,0.0,0.0,0.0,0.0,0.0,0.0,0.0,0.0,0.0,0.0,0.0,0.0,0.0,0.0,0.0,0.0,0.0,0.0,0.0,0.0,0.0,0.0,0.0,0.0,0.0,0.0,0.0,0.0,0.0,0.0,0.0
baseline,Transportation,Biofuels and Waste,Biofuels and Waste,Final consumption,World marine bunkers,0.0,0.0,0.0,0.0,0.0,0.0,0.0,0.0,0.0,0.0,0.0,0.0,0.0,0.0,0.0,0.0,0.0,0.0,0.0,0.0,0.0,0.0,0.0,0.0,0.0,0.0,0.0,0.0,0.0,0.0,0.0,0.0,0.0,0.0,0.0,0.0,0.0,0.0,0.0,0.0,0.0
baseline,Transportation,Oil products,Oil products,Final consumption,World aviation bunkers,0.0,0.0,0.0,0.0,0.0,0.0,0.0,0.0,0.0,0.0,0.0,0.0,0.0,0.0,0.0,0.0,0.0,0.0,0.0,0.0,0.0,0.0,0.0,0.0,0.0,0.0,0.0,0.0,0.0,0.0,0.0,0.0,0.0,0.0,0.0,0.0,0.0,0.0,0.0,0.0,0.0
baseline,Transportation,Oil products,Oil products,Final consumption,World aviation bunkers,0.0,0.0,0.0,0.0,0.0,0.0,0.0,0.0,0.0,0.0,0.0,0.0,0.0,0.0,0.0,0.0,0.0,0.0,0.0,0.0,0.0,0.0,0.0,0.0,0.0,0.0,0.0,0.0,0.0,0.0,0.0,0.0,0.0,0.0,0.0,0.0,0.0,0.0,0.0,0.0,0.0
baseline,Transportation,Oil products,Oil products,Final consumption,World marine bunkers,0.0,0.0,0.0,0.0,0.0,0.0,0.0,0.0,0.0,0.0,0.0,0.0,0.0,0.0,0.0,0.0,0.0,0.0,0.0,0.0,0.0,0.0,0.0,0.0,0.0,0.0,0.0,0.0,0.0,0.0,0.0,0.0,0.0,0.0,0.0,0.0,0.0,0.0,0.0,0.0,0.0
baseline,Transportation,Oil products,Oil products,Final consumption,World aviation bunkers,0.0,0.0,0.0,0.0,0.0,0.0,0.0,0.0,0.0,0.0,0.0,0.0,0.0,0.0,0.0,0.0,0.0,0.0,0.0,0.0,0.0,0.0,0.0,0.0,0.0,0.0,0.0,0.0,0.0,0.0,0.0,0.0,0.0,0.0,0.0,0.0,0.0,0.0,0.0,0.0,0.0
baseline,Transportation,Oil products,Oil products,Final consumption,World aviation bunkers,0.0,0.0,0.0,0.0,0.0,0.0,0.0,0.0,0.0,0.0,0.0,0.0,0.0,0.0,0.0,0.0,0.0,0.0,0.0,0.0,0.0,0.0,0.0,0.0,0.0,0.0,0.0,0.0,0.0,0.0,0.0,0.0,0.0,0.0,0.0,0.0,0.0,0.0,0.0,0.0,0.0
baseline,Transportation,Oil products,Oil products,Final consumption,World marine bunkers,0.0,0.0,0.0,0.0,0.0,0.0,0.0,0.0,0.0,0.0,0.0,0.0,0.0,0.0,0.0,0.0,0.0,0.0,0.0,0.0,0.0,0.0,0.0,0.0,0.0,0.0,0.0,0.0,0.0,0.0,0.0,0.0,0.0,0.0,0.0,0.0,0.0,0.0,0.0,0.0,0.0
baseline,Transportation,Oil products,Oil products,Final consumption,World aviation bunkers,0.0,0.0,0.0,0.0,0.0,0.0,0.0,0.0,0.0,0.0,0.0,0.0,0.0,0.0,0.0,0.0,0.0,0.0,0.0,0.0,0.0,0.0,0.0,0.0,0.0,0.0,0.0,0.0,0.0,0.0,0.0,0.0,0.0,0.0,0.0,0.0,0.0,0.0,0.0,0.0,0.0
baseline,Transportation,Oil products,Oil products,Final consumption,World marine bunkers,0.0,0.0,0.0,0.0,0.0,0.0,0.0,0.0,0.0,0.0,0.0,0.0,0.0,0.0,0.0,0.0,0.0,0.0,0.0,0.0,0.0,0.0,0.0,0.0,0.0,0.0,0.0,0.0,0.0,0.0,0.0,0.0,0.0,0.0,0.0,0.0,0.0,0.0,0.0,0.0,0.0
baseline,Transportation,Oil products,Oil products,Final consumption,World aviation bunkers,0.0,0.0,0.0,0.0,0.0,0.0,0.0,0.0,0.0,0.0,0.0,0.0,0.0,0.0,0.0,0.0,0.0,0.0,0.0,0.0,0.0,0.0,0.0,0.0,0.0,0.0,0.0,0.0,0.0,0.0,0.0,0.0,0.0,0.0,0.0,0.0,0.0,0.0,0.0,0.0,0.0
baseline,Transportation,Oil products,Oil products,Final consumption,World marine bunkers,0.0,0.0,0.0,0.0,0.0,0.0,0.0,0.0,0.0,0.0,0.0,0.0,0.0,0.0,0.0,0.0,0.0,0.0,0.0,0.0,0.0,0.0,0.0,0.0,0.0,0.0,0.0,0.0,0.0,0.0,0.0,0.0,0.0,0.0,0.0,0.0,0.0,0.0,0.0,0.0,0.0
baseline,Transportation,Oil products,Oil products,Final consumption,International aviation bunkers,645.22,731.25,860.3,817.28,860.3,989.35,946.33,1204.42,1290.45,1290.45,1356.3386476920089,1411.093954797488,1465.8492619029669,1520.604569008446,1575.359876113925,1630.115183219404,1684.8704903248831,1739.625797430362,1794.3811045358414,1849.1364116413204,1903.8917187468,1958.6470258522784,2013.4023329577576,2068.1576400632366,2122.912947168716,2177.6682542741946,2232.4235613796736,2287.1788684851526,2341.934175590632,2396.68948269611,2451.4447898015896,2506.200096907069,2560.955404012548,2615.710711118027,2670.466018223506,2725.221325328985,2779.9766324344646,2834.731939539944,2889.4872466454226,2944.2425537509016,2998.9978608563806
baseline,Transportation,Oil products,Oil products,Final consumption,World aviation bunkers,0.0,0.0,0.0,0.0,0.0,0.0,0.0,0.0,0.0,0.0,0.0,0.0,0.0,0.0,0.0,0.0,0.0,0.0,0.0,0.0,0.0,0.0,0.0,0.0,0.0,0.0,0.0,0.0,0.0,0.0,0.0,0.0,0.0,0.0,0.0,0.0,0.0,0.0,0.0,0.0,0.0
baseline,Transportation,Oil products,Oil products,Final consumption,World marine bunkers,0.0,0.0,0.0,0.0,0.0,0.0,0.0,0.0,0.0,0.0,0.0,0.0,0.0,0.0,0.0,0.0,0.0,0.0,0.0,0.0,0.0,0.0,0.0,0.0,0.0,0.0,0.0,0.0,0.0,0.0,0.0,0.0,0.0,0.0,0.0,0.0,0.0,0.0,0.0,0.0,0.0
baseline,Transportation,Oil products,Oil products,Final consumption,World aviation bunkers,0.0,0.0,0.0,0.0,0.0,0.0,0.0,0.0,0.0,0.0,0.0,0.0,0.0,0.0,0.0,0.0,0.0,0.0,0.0,0.0,0.0,0.0,0.0,0.0,0.0,0.0,0.0,0.0,0.0,0.0,0.0,0.0,0.0,0.0,0.0,0.0,0.0,0.0,0.0,0.0,0.0
baseline,Transportation,Oil products,Oil products,Final consumption,World marine bunkers,0.0,0.0,0.0,0.0,0.0,0.0,0.0,0.0,0.0,0.0,0.0,0.0,0.0,0.0,0.0,0.0,0.0,0.0,0.0,0.0,0.0,0.0,0.0,0.0,0.0,0.0,0.0,0.0,0.0,0.0,0.0,0.0,0.0,0.0,0.0,0.0,0.0,0.0,0.0,0.0,0.0
baseline,Transportation,Oil products,Oil products,Final consumption,World marine bunkers,0.0,0.0,0.0,0.0,0.0,0.0,0.0,0.0,0.0,0.0,0.0,0.0,0.0,0.0,0.0,0.0,0.0,0.0,0.0,0.0,0.0,0.0,0.0,0.0,0.0,0.0,0.0,0.0,0.0,0.0,0.0,0.0,0.0,0.0,0.0,0.0,0.0,0.0,0.0,0.0,0.0
baseline,Transportation,Oil products,Oil products,Final consumption,World marine bunkers,0.0,0.0,0.0,0.0,0.0,0.0,0.0,0.0,0.0,0.0,0.0,0.0,0.0,0.0,0.0,0.0,0.0,0.0,0.0,0.0,0.0,0.0,0.0,0.0,0.0,0.0,0.0,0.0,0.0,0.0,0.0,0.0,0.0,0.0,0.0,0.0,0.0,0.0,0.0,0.0,0.0
baseline,Transportation,Oil products,Oil products,Final consumption,Road – 2&3-wheel,169.17919999999998,245.1376,258.948,314.1904,355.62160000000006,393.6008000000001,369.4328,355.4768,430.18480000000005,436.6,458.8922109204781,477.4176610210261,495.9431111215741,514.468561222122,532.9940113226701,551.519461423218,570.044911523766,588.570361624314,607.095811724862,625.62126182541,644.146711925958,662.6721620265059,681.1976121270538,699.7230622276019,718.2485123281499,736.7739624286978,755.2994125292458,773.8248626297939,792.3503127303418,810.8757628308898,829.4012129314378,847.9266630319858,866.4521131325337,884.9775632330817,903.5030133336296,922.0284634341776,940.5539135347256,959.0793636352736,977.6048137358216,996.1302638363696,1014.6557139369176
baseline,Transportation,Oil products,Oil products,Final consumption,Road – 2&3-wheel,190.3464,210.74080000000004,231.1352,261.7264,265.1256,299.1152,305.91360000000003,312.712,339.4888,371.4232,390.3875708546929,406.1474928835199,421.9074149123469,437.66733694117386,453.4272589700008,469.1871809988278,484.9471030276548,500.7070250564817,516.4669470853087,532.2268691141356,547.9867911429626,563.7467131717896,579.5066352006165,595.2665572294436,611.0264792582705,626.7864012870975,642.5463233159245,658.3062453447515,674.0661673735784,689.8260894024054,705.5860114312324,721.3459334600593,737.1058554888863,752.8657775177132,768.6256995465403,784.3856215753672,800.1455436041942,815.9054656330211,831.6653876618482,847.4253096906751,863.1852317195021
baseline,Transportation,Oil products,Oil products,Final consumption,Road – Light-duty vehicles,845.896,1225.688,1294.74,1570.9520000000002,1778.1080000000002,1968.004,1847.164,1777.384,2150.9240000000004,2183.0,2294.4610546023905,2387.0883051051305,2479.7155556078706,2572.3428061106106,2664.9700566133506,2757.59730711609,2850.2245576188307,2942.8518081215707,3035.4790586243107,3128.1063091270507,3220.7335596297908,3313.360810132531,3405.988060635271,3498.615311138011,3591.242561640751,3683.869812143491,3776.497062646231,3869.124313148971,3961.751563651711,4054.378814154451,4147.006064657191,4239.633315159931,4332.260565662671,4424.887816165411,4517.515066668151,4610.142317170891,4702.769567673631,4795.396818176371,4888.024068679111,4980.651319181851,5073.278569684591
baseline,Transportation,Oil products,Oil products,Final consumption,Road – Light-duty vehicles,951.732,1053.7040000000002,1155.6760000000002,1308.632,1325.6280000000002,1495.576,1529.5680000000002,1563.5600000000002,1697.444,1857.116,1951.9378542734648,2030.7374644175995,2109.5370745617342,2188.336684705869,2267.136294850004,2345.935904994139,2424.735515138274,2503.535125282409,2582.334735426544,2661.1343455706788,2739.9339557148137,2818.7335658589486,2897.533176003084,2976.332786147218,3055.132396291353,3133.932006435488,3212.731616579623,3291.5312267237578,3370.3308368678927,3449.130447012028,3527.9300571561625,3606.7296673002975,3685.529277444432,3764.3288875885673,3843.1284977327023,3921.928107876837,4000.727718020972,4079.527328165107,4158.326938309242,4237.126548453377,4315.926158597512
baseline,Transportation,Oil products,Oil products,Final consumption,Road – Buses&Vans,232.6214,337.0642,356.0535,432.0118,488.9797,541.2011,507.9701,488.7806,591.5041,600.325,630.9767900156575,656.4492839039109,681.9217777921644,707.3942716804179,732.8667655686713,758.3392594569249,783.8117533451783,809.2842472334319,834.7567411216853,860.2292350099387,885.7017288981923,911.1742227864456,936.6467166746992,962.1192105629528,987.5917044512062,1013.0641983394596,1038.536692227713,1064.0091861159667,1089.4816800042202,1114.9541738924736,1140.426667780727,1165.8991616689805,1191.371655557234,1216.8441494454876,1242.316643333741,1267.7891372219945,1293.261631110248,1318.7341249985016,1344.2066188867548,1369.6791127750084,1395.151606663262
baseline,Transportation,Oil products,Oil products,Final consumption,Road – Buses&Vans,261.7263,289.76860000000005,317.8109,359.8738,364.5477,411.2834,420.6312,429.979,466.7971,510.7069,536.7829099252028,558.4528027148399,580.122695504477,601.792588294114,623.4624810837512,645.1323738733882,666.8022666630253,688.4721594526624,710.1420522422995,731.8119450319366,753.4818378215737,775.1517306112107,796.8216234008478,818.4915161904848,840.1614089801219,861.8313017697591,883.5011945593961,905.1710873490332,926.8409801386704,948.5108729283074,970.1807657179444,991.8506585075816,1013.5205512972186,1035.1904440868557,1056.8603368764927,1078.5302296661298,1100.200122455767,1121.870015245404,1143.5399080350412,1165.209800824678,1186.879693614315
baseline,Transportation,Oil products,Oil products,Final consumption,Road – Trucks,867.0433999999999,1256.3302,1327.1084999999998,1610.2258,1822.5607,2017.2041,1893.3431,1821.8186,2204.6971,2237.575,2351.82258096745,2446.7655127327585,2541.708444498067,2636.651376263375,2731.594308028684,2826.537239793992,2921.4801715593003,3016.4231033246087,3111.366035089917,3206.3089668552257,3301.251898620534,3396.1948303858426,3491.1377621511506,3586.080693916459,3681.023625681768,3775.966557447076,3870.909489212384,3965.852420977693,4060.795352743001,4155.738284508309,4250.681216273618,4345.624148038926,4440.567079804235,4535.510011569542,4630.452943334851,4725.395875100159,4820.338806865468,4915.281738630776,5010.224670396085,5105.167602161393,5200.1105339267015
baseline,Transportation,Oil products,Oil products,Final consumption,Road – Trucks,975.5253,1080.0466,1184.5679,1341.3477999999998,1358.7687,1532.9653999999998,1567.8072,1602.649,1739.8801,1903.5439,2000.7363006303008,2081.50590102804,2162.2755014257777,2243.045101823516,2323.8147022212543,2404.5843026189923,2485.3539030167303,2566.123503414469,2646.893103812207,2727.6627042099453,2808.432304607684,2889.2019050054214,2969.97150540316,3050.7411058008984,3131.5107061986364,3212.2803065963744,3293.0499069941125,3373.819507391851,3454.589107789589,3535.3587081873275,3616.1283085850655,3696.897908982804,3777.667509380542,3858.437109778281,3939.2067101760185,4019.976310573757,4100.745910971495,4181.515511369233,4262.285111766971,4343.05471216471,4423.824312562448
baseline,Transportation,Oil products,Oil products,Final consumption,Domestic aviation – Short-range,402.6204,469.7238,503.2716,503.2716,503.2716,738.1374000000001,738.1374000000001,805.2407999999999,704.5817999999999,790.14,830.483489548114,864.0100565257754,897.5366235034369,931.0631904810984,964.5897574587598,998.1163244364212,1031.642891414083,1065.1694583917442,1098.6960253694056,1132.2225923470671,1165.749159324729,1199.27572630239,1232.8022932800516,1266.328860257713,1299.8554272353745,1333.3819942130358,1366.9085611906974,1400.435128168359,1433.9616951460202,1467.4882621236816,1501.0148291013431,1534.5413960790047,1568.067963056666,1601.5945300343276,1635.1210970119891,1668.6476639896505,1702.1742309673118,1735.7007979449734,1769.227364922635,1802.7539319002965,1836.2804988779576
baseline,Transportation,Oil products,Oil products,Final consumption,Domestic aviation – Long-range,113.5596,132.4862,141.94840000000002,141.94840000000002,141.94840000000002,208.1926,208.1926,227.1192,198.7282,222.86,234.23893294946808,243.69514414829567,253.15135534712329,262.6075665459509,272.06377774477846,281.51998894360605,290.97620014243364,300.43241134126123,309.8886225400888,319.3448337389164,328.801044937744,338.2572561365716,347.7134673353992,357.1696785342268,366.6258897330544,376.082100931882,385.5383121307095,394.9945233295372,404.4507345283647,413.9069457271924,423.3631569260199,432.81936812484753,442.2755793236751,451.7317905225027,461.1880017213303,470.6442129201579,480.1004241189855,489.55663531781306,499.0128465166407,508.4690577154682,517.9252689142959
baseline,Transportation,Hydrogen,Hydrogen,Final consumption,World aviation bunkers,0.0,0.0,0.0,0.0,0.0,0.0,0.0,0.0,0.0,0.0,0.0,0.0,0.0,0.0,0.0,0.0,0.0,0.0,0.0,0.0,0.0,0.0,0.0,0.0,0.0,0.0,0.0,0.0,0.0,0.0,0.0,0.0,0.0,0.0,0.0,0.0,0.0,0.0,0.0,0.0,0.0
baseline,Transportation,Hydrogen,Hydrogen,Final consumption,World marine bunkers,0.0,0.0,0.0,0.0,0.0,0.0,0.0,0.0,0.0,0.0,0.0,0.0,0.0,0.0,0.0,0.0,0.0,0.0,0.0,0.0,0.0,0.0,0.0,0.0,0.0,0.0,0.0,0.0,0.0,0.0,0.0,0.0,0.0,0.0,0.0,0.0,0.0,0.0,0.0,0.0,0.0
baseline,Transportation,"Crude, NGL, refinery feedstocks","Crude, NGL, refinery feedstocks",Final consumption,World aviation bunkers,0.0,0.0,0.0,0.0,0.0,0.0,0.0,0.0,0.0,0.0,0.0,0.0,0.0,0.0,0.0,0.0,0.0,0.0,0.0,0.0,0.0,0.0,0.0,0.0,0.0,0.0,0.0,0.0,0.0,0.0,0.0,0.0,0.0,0.0,0.0,0.0,0.0,0.0,0.0,0.0,0.0
baseline,Transportation,"Crude, NGL, refinery feedstocks","Crude, NGL, refinery feedstocks",Final consumption,World marine bunkers,0.0,0.0,0.0,0.0,0.0,0.0,0.0,0.0,0.0,0.0,0.0,0.0,0.0,0.0,0.0,0.0,0.0,0.0,0.0,0.0,0.0,0.0,0.0,0.0,0.0,0.0,0.0,0.0,0.0,0.0,0.0,0.0,0.0,0.0,0.0,0.0,0.0,0.0,0.0,0.0,0.0
baseline,Industrial,Biofuels and Waste,Biofuels and Waste,Final consumption,Food and tobacco,164.0,245.0,245.0,164.0,280.0,129.0,129.0,145.93,161.98,160.08,163.3357107405226,168.41567892830457,173.49564711608653,178.5756153038685,183.65558349165045,188.7355516794324,193.8155198672144,198.8954880549963,203.97545624277825,209.0554244305602,214.13539261834217,219.21536080612407,224.29532899390608,229.37529718168804,234.45526536947,239.535233557252,244.61520174503391,249.69516993281587,254.77513812059783,259.85510630837973,264.93507449616175,270.01504268394365,275.09501087172566,280.1749790595076,285.2549472472896,290.3349154350715,295.4148836228535,300.4948518106354,305.5748199984173,310.6547881861993,315.73475637398127
baseline,Industrial,Biofuels and Waste,Biofuels and Waste,Final consumption,Industry not elsewhere specified,1946.0,1990.0,2034.0,2080.0,2126.0,2173.0,2222.0,754.91,819.56,896.66,914.8962918078272,943.350841253458,971.8053906990888,1000.2599401447194,1028.71448959035,1057.1690390359809,1085.6235884816117,1114.0781379272423,1142.532687372873,1170.9872368185038,1199.4417862641344,1227.8963357097653,1256.350885155396,1284.8054346010267,1313.259984046657,1341.7145334922882,1370.1690829379188,1398.6236323835496,1427.0781818291805,1455.5327312748109,1483.9872807204415,1512.4418301660726,1540.8963796117032,1569.3509290573338,1597.805478502965,1626.2600279485955,1654.714577394226,1683.1691268398567,1711.6236762854876,1740.0782257311184,1768.532775176749
baseline,Industrial,Biofuels and Waste,Biofuels and Waste,Transformation processes,Charcoal production plants,27450.0,28717.0,30041.0,31427.0,32877.0,34394.0,35981.0,35150.84,36055.17,36962.14,37713.87685776299,38886.830976655685,40059.78509554838,41232.73921444109,42405.69333333378,43578.64745222648,44751.60157111917,45924.55569001187,47097.50980890456,48270.46392779726,49443.41804668996,50616.37216558266,51789.32628447536,52962.28040336805,54135.23452226075,55308.18864115345,56481.14276004615,57654.09687893884,58827.05099783154,60000.00511672424,61172.95923561693,62345.91335450963,63518.86747340232,64691.82159229502,65864.77571118771,67037.72983008041,68210.6839489731,69383.6380678658,70556.5921867585,71729.54630565121,72902.5004245439
baseline,Industrial,Oil products,Oil products,Final consumption,Industry not elsewhere specified,431.58,302.11,388.42,388.42,345.26,345.26,388.42,690.53,0.0,0.0,0.0,0.0,0.0,0.0,0.0,0.0,0.0,0.0,0.0,0.0,0.0,0.0,0.0,0.0,0.0,0.0,0.0,0.0,0.0,0.0,0.0,0.0,0.0,0.0,0.0,0.0,0.0,0.0,0.0,0.0,0.0
baseline,Industrial,Oil products,Oil products,Final consumption,Industry not elsewhere specified,212.44,169.95,169.95,212.44,169.95,169.95,169.95,186.95,202.96,222.04,227.21264947528203,235.30731109333604,243.40197271139004,251.49663432944405,259.59129594749805,267.6859575655521,275.78061918360606,283.8752808016601,291.9699424197141,300.0646040377681,308.1592656558221,316.2539272738761,324.3485888919301,332.4432505099841,340.5379121280381,348.63257374609213,356.72723536414617,364.82189698220014,372.9165586002541,381.01122021830815,389.1058818363622,397.20054345441616,405.2952050724701,413.3898666905242,421.4845283085782,429.5791899266322,437.6738515446862,445.7685131627402,453.8631747807942,461.95783639884826,470.05249801690223
baseline,Industrial,Oil products,Oil products,Final consumption,Industry not elsewhere specified,544.28,669.89,795.49,795.49,879.23,711.76,753.62,783.69,850.8,930.85,952.5351052245824,986.4700528338672,1020.4050004431516,1054.3399480524365,1088.274895661721,1122.2098432710056,1156.1447908802902,1190.0797384895748,1224.014686098859,1257.949633708144,1291.884581317429,1325.8195289267132,1359.754476535998,1393.6894241452826,1427.6243717545672,1461.5593193638515,1495.4942669731363,1529.429214582421,1563.3641621917056,1597.2991098009902,1631.234057410275,1665.169005019559,1699.103952628844,1733.038900238129,1766.9738478474133,1800.908795456698,1834.8437430659824,1868.7786906752672,1902.713638284552,1936.6485858938363,1970.583533503121
baseline,Electric Power,Biofuels and Waste,Biofuels and Waste,Electricity output,Electricity output -autoproducer electricity plants,7.2,7.2,7.2,7.2,7.2,7.2,7.2,7.776000000000001,7.776000000000001,17.064,17.619474848474933,18.2268878109482,18.834300773421468,19.441713735894734,20.049126698368,20.65653966084127,21.26395262331453,21.8713655857878,22.47877854826107,23.08619151073433,23.693604473207603,24.30101743568087,24.90843039815413,25.515843360627404,26.12325632310067,26.73066928557394,27.338082248047204,27.94549521052047,28.55290817299374,29.160321135467004,29.76773409794027,30.37514706041354,30.982560022886805,31.58997298536007,32.19738594783334,32.80479891030661,33.41221187277988,34.01962483525314,34.6270377977264,35.23445076019968,35.84186372267294
baseline,Electric Power,Biofuels and Waste,Biofuels and Waste,Transformation processes,Autoproducer electricity plants,14.0,14.0,14.0,14.0,14.0,14.0,14.0,15.54,15.54,34.14,35.25134032623853,36.46659340516711,37.68184648409569,38.89709956302427,40.11235264195285,41.32760572088144,42.54285879981002,43.7581118787386,44.97336495766719,46.18861803659577,47.40387111552435,48.61912419445293,49.83437727338151,51.049630352310096,52.26488343123868,53.480136510167256,54.69538958909584,55.91064266802442,57.125895746953006,58.34114882588159,59.55640190481017,60.77165498373876,61.98690806266734,63.20216114159592,64.4174142205245,65.63266729945309,66.84792037838167,68.06317345731026,69.27842653623884,70.49367961516741,71.70893269409599
baseline,Electric Power,Natural gas,Natural gas,Electricity output,Electricity output -main activity producer electricity plants,32.4,21.6,32.4,36.0,57.6,82.8,378.0,393.084,647.3105999999999,755.1990000000001,779.7825706805803,806.6647590213473,833.5469473621143,860.4291357028814,887.3113240436484,914.1935123844154,941.0757007251824,967.9578890659494,994.8400774067164,1021.7222657474834,1048.6044540882503,1075.4866424290174,1102.3688307697844,1129.2510191105514,1156.1332074513184,1183.0153957920854,1209.8975841328524,1236.7797724736197,1263.6619608143865,1290.5441491551535,1317.4263374959205,1344.3085258366875,1371.1907141774543,1398.0729025182216,1424.9550908589886,1451.8372791997556,1478.7194675405226,1505.6016558812896,1532.4838442220566,1559.3660325628236,1586.248220903591
baseline,Electric Power,Natural gas,Natural gas,Transformation processes,Main activity producer electricity plants,85.4993,56.7009,81.899,91.7999,144.90050000000002,216.0006,989.9991,1029.5024,1695.3216,1977.8789,2042.2636856469333,2112.668589659027,2183.073493671121,2253.478397683214,2323.883301695308,2394.288205707401,2464.693109719495,2535.0980137315887,2605.5029177436822,2675.907821755776,2746.31272576787,2816.717629779964,2887.122533792057,2957.5274378041504,3027.932341816244,3098.337245828337,3168.742149840431,3239.147053852525,3309.5519578646185,3379.956861876712,3450.361765888806,3520.7666699009,3591.171573912993,3661.576477925087,3731.98138193718,3802.3862859492738,3872.7911899613673,3943.196093973461,4013.6009979855535,4084.005901997648,4154.410806009742
baseline,Electric Power,Oil products,Oil products,Electricity output,Electricity output -main activity producer electricity plants,378.0,424.8,435.6,572.4,687.6,694.8000000000001,720.0,738.468,801.684,877.1039999999999,905.655875966758,936.8774148226622,968.0989536785668,999.320492534471,1030.542031390375,1061.7635702462796,1092.9851091021842,1124.2066479580883,1155.4281868139929,1186.6497256698972,1217.8712645258015,1249.0928033817058,1280.3143422376102,1311.5358810935145,1342.757419949419,1373.9789588053234,1405.2004976612277,1436.422036517132,1467.6435753730366,1498.865114228941,1530.0866530848452,1561.3081919407496,1592.529730796654,1623.7512696525582,1654.9728085084623,1686.1943473643669,1717.4158862202712,1748.6374250761755,1779.85896393208,1811.0805027879844,1842.3020416438887
baseline,Electric Power,Oil products,Oil products,Transformation processes,Main activity producer electricity plants,1467.37,1078.95,1294.74,1381.06,1208.42,1251.58,1294.74,1327.93,1441.65,1577.25,1628.593337128287,1684.7373886438145,1740.8814401593418,1797.0254916748693,1853.1695431903968,1909.313594705924,1965.457646221452,2021.601697736979,2077.7457492525064,2133.889800768034,2190.0338522835614,2246.1779037990887,2302.3219553146164,2358.466006830144,2414.610058345671,2470.7541098611987,2526.898161376726,2583.042212892253,2639.186264407781,2695.3303159233083,2751.4743674388355,2807.618418954363,2863.7624704698906,2919.9065219854183,2976.0505735009456,3032.194625016473,3088.338676532,3144.482728047528,3200.626779563055,3256.770831078583,3312.91488259411
baseline,Electric Power,Oil products,Oil products,Electricity output,Electricity output -main activity producer electricity plants,212.4,262.8,288.0,262.8,262.8,284.40000000000003,302.40000000000003,314.46,341.388,373.5,385.6583366095516,398.95350430081766,412.2486719920838,425.5438396833499,438.8390073746161,452.1341750658822,465.42934275714833,478.7245104484144,492.0196781396805,505.3148458309467,518.6100135222129,531.905181213479,545.200348904745,558.4955165960112,571.7906842872774,585.0858519785435,598.3810196698096,611.6761873610757,624.9713550523418,638.266522743608,651.5616904348741,664.8568581261402,678.1520258174064,691.4471935086724,704.7423611999386,718.0375288912047,731.3326965824708,744.627864273737,757.923031965003,771.2181996562692,784.5133673475353
baseline,Electric Power,Oil products,Oil products,Transformation processes,Main activity producer electricity plants,837.36,628.02,753.62,795.49,711.76,711.76,711.76,730.01,792.52,867.09,895.315895825371,926.1809746832556,957.0460535411404,987.9111323990252,1018.7762112569096,1049.6412901147944,1080.5063689726792,1111.371447830564,1142.2365266884483,1173.1016055463333,1203.966684404218,1234.8317632621029,1265.6968421199874,1296.5619209778722,1327.4269998357568,1358.2920786936415,1389.1571575515263,1420.022236409411,1450.8873152672957,1481.7523941251804,1512.617472983065,1543.4825518409498,1574.3476306988346,1605.2127095567191,1636.077788414604,1666.942867272489,1697.8079461303732,1728.673024988258,1759.5381038461428,1790.4031827040276,1821.268261561912
baseline,Electric Power,Peat and peat products,Peat and peat products,Electricity output,Electricity output -main activity producer electricity plants,0.0,0.0,0.0,0.0,0.0,0.0,0.0,99.5814,99.5814,99.5814,102.823017620483,106.3677335828151,109.91244954514724,113.45716550747936,117.00188146981148,120.5465974321436,124.09131339447572,127.63602935680784,131.18074531913996,134.7254612814721,138.2701772438042,141.81489320613633,145.35960916846847,148.90432513080057,152.44904109313268,155.9937570554648,159.53847301779695,163.08318898012905,166.6279049424612,170.1726209047933,173.71733686712545,177.26205282945756,180.8067687917897,184.3514847541218,187.8962007164539,191.44091667878604,194.98563264111817,198.53034860345028,202.0750645657824,205.6197805281145,209.16449649044665
baseline,Electric Power,Peat and peat products,Peat and peat products,Transformation processes,Main activity producer electricity plants,0.0,0.0,0.0,0.0,0.0,0.0,0.0,497.93805,497.93805,497.93805,514.1471488556994,531.8718339282885,549.5965190008777,567.3212040734669,585.0458891460561,602.7705742186452,620.4952592912343,638.2199443638235,655.9446294364127,673.6693145090019,691.3939995815911,709.1186846541802,726.8433697267694,744.5680547993586,762.2927398719478,780.017424944537,797.7421100171262,815.4667950897153,833.1914801623045,850.9161652348936,868.6408503074828,886.365535380072,904.0902204526612,921.8149055252504,939.5395905978396,957.2642756704286,974.9889607430176,992.7136458156068,1010.438330888196,1028.1630159607853,1045.8877010333745
baseline,Commercial,Oil products,Oil products,Final consumption,Commercial and public services,,,,,,,,,,,,,,,,,,,,,,,,,,,,,,,,,,,,,,,,,
baseline,Industrial,Biofuels and Waste,Biofuels and Waste,Final consumption,Final consumption not elsewhere specified,462.22,491.11,520.0,548.89,577.78,577.78,606.67,602.13,618.25,634.58,650.5794119818573,671.6961247610953,692.8128375403334,713.9295503195714,735.0462630988094,756.1629758780475,777.2796886572855,798.3964014365235,819.5131142157616,840.6298269949996,861.7465397742376,882.8632525534756,903.9799653327136,925.0966781119516,946.2133908911896,967.3301036704275,988.4468164496656,1009.5635292289036,1030.6802420081417,1051.79695478738,1072.9136675666175,1094.030380345856,1115.1470931250938,1136.263805904332,1157.3805186835698,1178.497231462808,1199.6139442420458,1220.730657021284,1241.847369800522,1262.96408257976,1284.080795358998
baseline,Industrial,Biofuels and Waste,Biofuels and Waste,Final consumption,Final consumption not elsewhere specified,1486.0,1519.0,1553.0,1587.0,1623.0,1659.0,1696.0,574.76,589.55,604.38,619.6179914488242,639.7297486260373,659.8415058032504,679.9532629804635,700.0650201576765,720.1767773348896,740.2885345121026,760.4002916893157,780.5120488665289,800.6238060437419,820.7355632209549,840.847320398168,860.9590775753811,881.0708347525942,901.1825919298072,921.2943491070204,941.4061062842334,961.5178634614464,981.6296206386596,1001.7413778158724,1021.8531349930856,1041.9648921702988,1062.076649347512,1082.188406524725,1102.300163701938,1122.411920879151,1142.523678056364,1162.635435233577,1182.7471924107904,1202.8589495880033,1222.9707067652164
baseline,Industrial,Oil products,Oil products,Final consumption,Final consumption not elsewhere specified,255.86,298.5,298.5,255.86,213.22,170.57,170.57,174.96,189.93,207.8,213.0391783696775,219.95407155182264,226.86896473396777,233.7838579161129,240.69875109825804,247.6136442804032,254.52853746254831,261.4434306446935,268.3583238268386,275.2732170089837,282.1881101911289,289.103003373274,296.0178965554192,302.9327897375643,309.8476829197094,316.76257610185456,323.6774692839997,330.59236246614483,337.50725564829,344.4221488304351,351.33704201258024,358.2519351947254,365.1668283768705,372.0817215590157,378.9966147411608,385.9115079233059,392.8264011054511,399.7412942875962,406.6561874697413,413.57108065188646,420.4859738340316
baseline,Residential,Oil products,Oil products,Final consumption,Residential,,,,,,,,,,,,,,,,,,,,,,,,,,,,,,,,,,,,,,,,,
baseline,Residential,Oil products,Oil products,Final consumption,Residential,,,,,,,,,,,,,,,,,,,,,,,,,,,,,,,,,,,,,,,,,
baseline,Transportation,Natural gas,Natural gas,Final consumption,World marine bunkers,0.0,0.0,0.0,0.0,0.0,0.0,0.0,0.0,0.0,0.0,0.0,0.0,0.0,0.0,0.0,0.0,0.0,0.0,0.0,0.0,0.0,0.0,0.0,0.0,0.0,0.0,0.0,0.0,0.0,0.0,0.0,0.0,0.0,0.0,0.0,0.0,0.0,0.0,0.0,0.0,0.0
baseline,Industrial,Biofuels and Waste,Biofuels and Waste,Final consumption,Food and tobacco,0.0,0.0,0.0,0.0,0.0,0.0,0.0,113.71,116.74,119.83,123.46667296647436,127.33462004628385,131.2025671260933,135.07051420590278,138.93846128571226,142.80640836552172,146.6743554453312,150.54230252514068,154.41024960495014,158.27819668475962,162.1461437645691,166.0140908443786,169.88203792418804,173.74998500399752,177.61793208380698,181.4858791636165,185.353826243426,189.22177332323545,193.08972040304488,196.9576674828544,200.82561456266384,204.6935616424733,208.5615087222828,212.42945580209224,216.2974028819017,220.1653499617112,224.03329704152063,227.9012441213301,231.7691912011396,235.6371382809491,239.50508536075856
baseline,Industrial,Biofuels and Waste,Biofuels and Waste,Transformation processes,Charcoal production plants,0.0,0.0,0.0,0.0,0.0,0.0,0.0,0.0,0.0,0.0,0.0,0.0,0.0,0.0,0.0,0.0,0.0,0.0,0.0,0.0,0.0,0.0,0.0,0.0,0.0,0.0,0.0,0.0,0.0,0.0,0.0,0.0,0.0,0.0,0.0,0.0,0.0,0.0,0.0,0.0,0.0
baseline,Industrial,Coal,Coal,Final consumption,Industry not elsewhere specified,0.0,0.0,0.0,0.0,0.0,0.0,0.0,25.8,51.6,0.0,0.0,0.0,0.0,0.0,0.0,0.0,0.0,0.0,0.0,0.0,0.0,0.0,0.0,0.0,0.0,0.0,0.0,0.0,0.0,0.0,0.0,0.0,0.0,0.0,0.0,0.0,0.0,0.0,0.0,0.0,0.0
baseline,Industrial,Coal,Coal,Final consumption,Non-metallic minerals,0.0,0.0,0.0,0.0,0.0,434.7,661.5,687.9,1001.7,982.8,1012.6266059538596,1044.3500340606506,1076.0734621674414,1107.7968902742325,1139.5203183810231,1171.243746487814,1202.9671745946048,1234.6906027013956,1266.4140308081865,1298.1374589149773,1329.860887021768,1361.584315128559,1393.3077432353498,1425.0311713421406,1456.7545994489317,1488.4780275557223,1520.2014556625134,1551.9248837693042,1583.648311876095,1615.371739982886,1647.0951680896767,1678.8185961964675,1710.5420243032584,1742.2654524100494,1773.9888805168405,1805.712308623631,1837.435736730422,1869.1591648372128,1900.882592944004,1932.6060210507944,1964.3294491575853
baseline,Residential,Biofuels and Waste,Biofuels and Waste,Final consumption,Residential,,,,,,,,,,,,,,,,,,,,,,,,,,,,,,,,,,,,,,,,,
baseline,Residential,Biofuels and Waste,Biofuels and Waste,Final consumption,Residential,,,,,,,,,,,,,,,,,,,,,,,,,,,,,,,,,,,,,,,,,
baseline,Transportation,Coal,Coal,Final consumption,World marine bunkers,0.0,0.0,0.0,0.0,0.0,0.0,0.0,0.0,0.0,0.0,0.0,0.0,0.0,0.0,0.0,0.0,0.0,0.0,0.0,0.0,0.0,0.0,0.0,0.0,0.0,0.0,0.0,0.0,0.0,0.0,0.0,0.0,0.0,0.0,0.0,0.0,0.0,0.0,0.0,0.0,0.0
baseline,Transportation,Oil products,Oil products,Final consumption,World marine bunkers,0.0,0.0,0.0,0.0,0.0,0.0,0.0,0.0,0.0,0.0,0.0,0.0,0.0,0.0,0.0,0.0,0.0,0.0,0.0,0.0,0.0,0.0,0.0,0.0,0.0,0.0,0.0,0.0,0.0,0.0,0.0,0.0,0.0,0.0,0.0,0.0,0.0,0.0,0.0,0.0,0.0
pathway,Commercial,Oil products,Oil products,Final consumption,Commercial and public services,,,,,,,,,,,,,,,,,,,,,,,,,,,,,,,,,,,,,,,,,
pathway,Electric Power,Biofuels and Waste,Biofuels and Waste,Electricity output,Electricity output -autoproducer electricity plants,7.2,7.2,7.2,7.2,7.2,7.2,7.2,7.776000000000001,7.776000000000001,17.064,17.619474848474933,18.2268878109482,18.841740248094325,19.470019715376544,20.109852286803587,20.75969724452125,21.4182761700698,22.084519404194708,22.75752510654219,23.43652758641081,24.12087254427276,24.809997526418336,25.50341635552536,26.2007066245132,26.90149957285549,27.60547183213676,28.31233865021254,29.02184829392825,29.73377739797562,30.44792707841365,31.164119668099936,31.88219596094449,32.60201287480501,33.32344146065792,34.04636519963074,34.77067854047867,35.49628563880904,36.223099266314975,36.95103986386038,37.68003471675925,38.4100172342398
pathway,Electric Power,Biofuels and Waste,Biofuels and Waste,Transformation processes,Autoproducer electricity plants,14.0,14.0,14.0,14.0,14.0,14.0,14.0,15.54,15.54,34.14,35.25134032623853,36.46659340516711,37.68184648409569,38.89709956302427,40.11235264195285,41.32760572088144,42.54285879981002,43.7581118787386,44.97336495766719,46.18861803659577,47.40387111552435,48.61912419445293,49.83437727338151,51.049630352310096,52.26488343123868,53.480136510167256,54.69538958909584,55.91064266802442,57.125895746953006,58.34114882588159,59.55640190481017,60.77165498373876,61.98690806266734,63.20216114159592,64.4174142205245,65.63266729945309,66.84792037838167,68.06317345731026,69.27842653623884,70.49367961516741,71.70893269409599
pathway,Electric Power,Natural gas,Natural gas,Electricity output,Electricity output -main activity producer electricity plants,32.4,21.6,32.4,36.0,57.6,82.8,378.0,393.084,647.3105999999999,755.1990000000001,779.7825706805803,806.6647590213473,833.8761951254445,861.6818693760345,889.9988476993544,918.758942766362,947.9055757946876,977.3914070281552,1007.1765238476062,1037.2270391895136,1067.5139958135394,1098.0125012865444,1128.7010389285274,1159.560914329919,1190.5758073090064,1221.7314065962164,1253.0151099567422,1284.4157764724753,1315.92352069701,1347.5295406523032,1379.2259733491203,1411.005772826377,1442.8626067182286,1474.790768146237,1506.7851003513786,1538.8409319673544,1570.9540212226284,1603.120507666537,1635.3368702618077,1667.5998908850122,1699.906622437919
pathway,Electric Power,Natural gas,Natural gas,Transformation processes,Main activity producer electricity plants,85.4993,56.7009,81.899,91.7999,144.90050000000002,216.0006,989.9991,1029.5024,1695.3216,1977.8789,2042.2636856469333,2112.668589659027,2183.073493671121,2253.478397683214,2323.883301695308,2394.288205707401,2464.693109719495,2535.0980137315887,2605.5029177436822,2675.907821755776,2746.31272576787,2816.717629779964,2887.122533792057,2957.5274378041504,3027.932341816244,3098.337245828337,3168.742149840431,3239.147053852525,3309.5519578646185,3379.956861876712,3450.361765888806,3520.7666699009,3591.171573912993,3661.576477925087,3731.98138193718,3802.3862859492738,3872.7911899613673,3943.196093973461,4013.6009979855535,4084.005901997648,4154.410806009742
pathway,Electric Power,Oil products,Oil products,Electricity output,Electricity output -main activity producer electricity plants,212.4,262.8,288.0,262.8,262.8,284.40000000000003,302.40000000000003,314.46,341.388,373.5,385.6583366095516,398.95350430081766,412.4115085948916,426.1634062173664,440.1681803282431,454.39210740908857,468.8072051993129,483.3900607985656,498.1209345577535,512.9830668966503,527.962136385717,543.0458319337347,558.2235120012144,573.4859308635536,588.8250170218898,604.2336925283098,619.7057246750107,635.2356034799695,650.8184398818502,666.4498806720288,682.1260370391074,697.8434242506308,713.5989104981056,729.3896733213626,745.2131623336898,761.0670672098443,776.9492900899656,792.857921704679,808.7912206488427,824.7475953299097,840.7255881967044
pathway,Electric Power,Oil products,Oil products,Transformation processes,Main activity producer electricity plants,837.36,628.02,753.62,795.49,711.76,711.76,711.76,730.01,792.52,867.09,895.315895825371,926.1809746832556,957.0460535411404,987.9111323990252,1018.7762112569096,1049.6412901147944,1080.5063689726792,1111.371447830564,1142.2365266884483,1173.1016055463333,1203.966684404218,1234.8317632621029,1265.6968421199874,1296.5619209778722,1327.4269998357568,1358.2920786936415,1389.1571575515263,1420.022236409411,1450.8873152672957,1481.7523941251804,1512.617472983065,1543.4825518409498,1574.3476306988346,1605.2127095567191,1636.077788414604,1666.942867272489,1697.8079461303732,1728.673024988258,1759.5381038461428,1790.4031827040276,1821.268261561912
pathway,Electric Power,Oil products,Oil products,Electricity output,Electricity output -main activity producer electricity plants,378.0,424.8,435.6,572.4,687.6,694.8000000000001,720.0,738.468,801.684,877.1039999999999,905.655875966758,936.8774148226622,968.4813489547892,1000.7754437667386,1033.6633778811863,1067.0659571002438,1100.9174696362466,1135.1629341008434,1169.7559951388057,1204.6572956019263,1239.8332039423235,1275.2548095646753,1310.8971225443454,1346.7384308009268,1382.7597797321755,1418.9445479286492,1455.278098889827,1491.7474933191302,1528.341250051219,1565.0491462836922,1601.8620497754994,1638.7717771992643,1675.770974012129,1712.8530121254626,1750.011902370892,1787.2422193253628,1824.539036506209,1861.897870304847,1899.3146313145444,1936.785581939076,1974.307299356578
pathway,Electric Power,Oil products,Oil products,Transformation processes,Main activity producer electricity plants,1467.37,1078.95,1294.74,1381.06,1208.42,1251.58,1294.74,1327.93,1441.65,1577.25,1628.593337128287,1684.7373886438145,1740.8814401593418,1797.0254916748693,1853.1695431903968,1909.313594705924,1965.457646221452,2021.601697736979,2077.7457492525064,2133.889800768034,2190.0338522835614,2246.1779037990887,2302.3219553146164,2358.466006830144,2414.610058345671,2470.7541098611987,2526.898161376726,2583.042212892253,2639.186264407781,2695.3303159233083,2751.4743674388355,2807.618418954363,2863.7624704698906,2919.9065219854183,2976.0505735009456,3032.194625016473,3088.338676532,3144.482728047528,3200.626779563055,3256.770831078583,3312.91488259411
pathway,Electric Power,Peat and peat products,Peat and peat products,Electricity output,Electricity output -main activity producer electricity plants,0.0,0.0,0.0,0.0,0.0,0.0,0.0,99.5814,99.5814,99.5814,102.823017620483,106.3677335828151,109.9558645300973,113.622352395968,117.35626139903322,121.1486002804482,124.99190849754976,128.87994377618816,132.8074431929571,136.76993836107653,140.7636109458651,144.78517860274695,148.83180411779847,152.9010224248885,156.99068152627467,161.09889432165625,165.22399906600293,169.36452670516792,173.51917373293298,177.68677951045123,181.86630721500973,186.05682775815728,190.25750614692376,194.4675898658204,198.68639893873103,202.91331739397685,207.14778590673328,211.3892954335804,215.63738168653447,219.89162032017617,224.15162272677716
pathway,Electric Power,Peat and peat products,Peat and peat products,Transformation processes,Main activity producer electricity plants,0.0,0.0,0.0,0.0,0.0,0.0,0.0,497.93805,497.93805,497.93805,514.1471488556994,531.8718339282885,549.5965190008777,567.3212040734669,585.0458891460561,602.7705742186452,620.4952592912343,638.2199443638235,655.9446294364127,673.6693145090019,691.3939995815911,709.1186846541802,726.8433697267694,744.5680547993586,762.2927398719478,780.017424944537,797.7421100171262,815.4667950897153,833.1914801623045,850.9161652348936,868.6408503074828,886.365535380072,904.0902204526612,921.8149055252504,939.5395905978396,957.2642756704286,974.9889607430176,992.7136458156068,1010.438330888196,1028.1630159607853,1045.8877010333745
pathway,Industrial,Biofuels and Waste,Biofuels and Waste,Final consumption,Final consumption not elsewhere specified,462.22,491.11,520.0,548.89,577.78,577.78,606.67,602.13,618.25,634.58,650.5794119818573,655.5579740366695,658.7985060036593,660.2287450576973,659.780939964297,657.3936134578865,653.0134857291829,646.5974668365892,638.1145800223285,627.5476346854894,614.8944384964142,600.1683364346206,583.3979026799716,564.6256950644321,543.9061053028886,521.3024813741943,496.8838295917179,470.7214884333512,442.8861783254953,413.44576467636193,382.46394155298015,349.9998837664332,316.1087644440454,280.8429247411881,244.2534278912601,206.3917301404921,167.31124275738432,127.06862348983655,85.7247049333173,43.3450285685808,0.0
pathway,Industrial,Biofuels and Waste,Biofuels and Waste,Final consumption,Food and tobacco,0.0,0.0,0.0,0.0,0.0,0.0,0.0,113.71,116.74,119.83,123.46667296647436,124.27528232645508,124.76104731746268,124.91069468765257,124.711808203503,124.15315720971464,123.22505465425571,121.9197272048858,120.23167154816792,118.15796294888833,115.69847678250493,112.8559835723162,109.63608534343268,106.04697689601326,102.09903875981593,97.80429533143533,93.17579608796416,88.22699335300186,82.97119209021126,77.42113444108864,71.58875726193217,65.48513100701506,59.12056018370592,52.50480509775349,45.64737460586687,38.55783983402472,31.246126745162314,23.72275752685852,15.999023721846529,8.087085477319079,0.0
pathway,Industrial,Biofuels and Waste,Biofuels and Waste,Final consumption,Final consumption not elsewhere specified,1486.0,1519.0,1553.0,1587.0,1623.0,1659.0,1696.0,574.76,589.55,604.38,619.6179914488242,629.5872133282159,637.4118997808325,642.8025046970475,645.4606056116527,645.0896122053526,641.4088540534752,634.1708847504913,623.181316588834,608.3198592009509,589.5605707491248,566.988793452424,540.8120244524571,511.3622406711697,479.08803789364265,444.53629342974216,408.324677858714,371.10785695648985,333.5412571793553,296.24655351706963,259.78252820770024,224.62381884060332,191.14864940416885,159.63526889865784,130.2657765768256,103.13541732879912,78.26527490713659,55.61647218276926,35.10436836576082,16.61169481523848,0.0
pathway,Industrial,Biofuels and Waste,Biofuels and Waste,Final consumption,Food and tobacco,164.0,245.0,245.0,164.0,280.0,129.0,129.0,145.93,161.98,160.08,163.3357107405226,165.74554834284166,167.59811115147477,168.81873952922146,169.33062034406845,169.0575809633927,167.92775343702985,165.87806318761048,162.85936079754185,158.84184981110263,153.82029236580115,147.8183374252124,140.89126197499638,133.12648801316834,124.64145897354574,115.57881037105886,106.09918799669263,96.37245747319324,86.56831261010686,76.84735937085247,67.35361580504818,58.20907257800678,49.51058835373189,41.32904016637002,33.710379848584864,26.67809572537649,20.236540845906006,14.374638051036186,9.06957219036866,4.290197563071899,0.0
pathway,Industrial,Biofuels and Waste,Biofuels and Waste,Final consumption,Industry not elsewhere specified,1946.0,1990.0,2034.0,2080.0,2126.0,2173.0,2222.0,754.91,819.56,896.66,914.8962918078272,928.3945738199176,938.7713789672748,945.6085144069943,948.4757248732656,946.9463427451004,940.6178123241324,929.136832445045,912.2281012788844,889.7247192130388,861.5973472808548,827.9784509975699,789.1776546882824,745.6846373181377,698.1572376512961,647.3944034689755,594.2959639499901,539.8133915411883,484.89719630796105,430.4469843420076,377.2694474497405,326.0478949137653,277.32486352609453,231.49735854308665,188.82277108340892,149.4326668735389,113.35142875368616,80.51700996278169,50.80161544362795,24.030788024138477,0.0
pathway,Industrial,Biofuels and Waste,Biofuels and Waste,Transformation processes,Charcoal production plants,27450.0,28717.0,30041.0,31427.0,32877.0,34394.0,35981.0,35150.84,36055.17,36962.14,37713.87685776299,38270.30336222438,38698.05627259101,38979.896833474624,39098.089052000905,39035.04482527646,38774.16999265978,38300.90076505063,37603.8886438609,36676.25368926129,35516.786489665625,34130.94754171628,32531.5001867597,30738.62998282764,28779.454375215228,26686.90760849905,24498.08246264414,22252.200557647517,19988.44384219475,17743.895900148433,15551.81020047728,13440.354134797904,11431.89216774742,9542.78965951394,7783.656792957096,6159.916973605497,4672.57531148236,3319.07411351653,2094.145408798809,990.597719602214,0.0
pathway,Industrial,Coal,Coal,Final consumption,Industry not elsewhere specified,0.0,0.0,0.0,0.0,0.0,0.0,0.0,25.8,51.6,0.0,0.0,0.0,0.0,0.0,0.0,0.0,0.0,0.0,0.0,0.0,0.0,0.0,0.0,0.0,0.0,0.0,0.0,0.0,0.0,0.0,0.0,0.0,0.0,0.0,0.0,0.0,0.0,0.0,0.0,0.0,0.0
pathway,Industrial,Coal,Coal,Final consumption,Non-metallic minerals,0.0,0.0,0.0,0.0,0.0,434.7,661.5,687.9,1001.7,982.8,1012.6266059538596,1019.2585118120674,1023.2425711725136,1024.4699218812066,1022.838730721879,1018.2568881390932,1010.6449446232372,999.9391462652236,986.0943569852244,969.086589219456,948.9148208449116,925.6017746380064,899.1933962741017,869.7568963815555,837.3774121100482,802.1535629786747,764.1923758261798,723.6041814848552,680.4981021969425,634.9786441517307,587.1437088961605,537.0840920778968,484.8843073399494,430.6244049910049,374.3823730505381,316.2367102468454,256.2688255457358,194.5650179203585,131.21789630168382,66.3271935834864,0.0
pathway,Industrial,Oil products,Oil products,Final consumption,Industry not elsewhere specified,544.28,669.89,795.49,795.49,879.23,711.76,753.62,783.69,850.8,930.85,952.5351052245824,970.585833477688,985.1858735527856,995.8650154403864,1002.1382756621226,1003.5233216953436,999.5634030048436,989.8555065577071,974.0825937624338,952.047725945256,923.7068042516636,889.1957897565463,848.8479391371029,803.1970684262747,752.9642713723553,699.0277459288193,642.3780144748209,584.0632529623667,525.1310527025545,466.5733159248068,409.2800797661034,354.0061833294976,301.3523781292888,251.7602995927261,205.51908394205816,162.78051561227994,123.57939166806136,87.85611636408021,55.47916639578898,26.26579238594786,0.0
pathway,Industrial,Oil products,Oil products,Final consumption,Industry not elsewhere specified,431.58,302.11,388.42,388.42,345.26,345.26,388.42,690.53,0.0,0.0,0.0,0.0,0.0,0.0,0.0,0.0,0.0,0.0,0.0,0.0,0.0,0.0,0.0,0.0,0.0,0.0,0.0,0.0,0.0,0.0,0.0,0.0,0.0,0.0,0.0,0.0,0.0,0.0,0.0,0.0,0.0
pathway,Industrial,Oil products,Oil products,Final consumption,Industry not elsewhere specified,212.44,169.95,169.95,212.44,169.95,169.95,169.95,186.95,202.96,222.04,227.21264947528203,231.51837402952765,235.00098980894936,237.5483354228752,239.04472549607104,239.3751069981567,238.43052908975184,236.1148591889922,232.35247259924904,227.09639261845064,220.33610014077396,212.10402659670592,202.4796652586372,191.59034975922015,179.608085959626,166.74235452117438,153.2294293752907,139.3193368295257,125.26196373430228,111.29391316317792,97.62748983323382,84.44274904279075,71.88299085763259,60.05356063981191,49.02342740344272,38.82879699903384,29.477969733014334,20.95672995378459,13.233704792953745,6.265302187652026,0.0
pathway,Industrial,Oil products,Oil products,Final consumption,Final consumption not elsewhere specified,255.86,298.5,298.5,255.86,213.22,170.57,170.57,174.96,189.93,207.8,213.0391783696775,216.41235357389,219.03861614396524,220.8179304060325,221.647519704078,221.4256703372649,220.05670316967556,217.45704183270985,213.5621206998113,208.33365124047668,201.76653644759108,193.89454431523748,184.79378871316072,174.58317788170342,163.42130284545223,151.4997213137143,139.033157559156,126.24765421341108,113.36804612744056,100.6061939631238,88.1512079314866,76.16247952393371,64.76583847329675,54.052684956929454,44.081601532266006,34.88176325139091,26.4574287937171,18.79287143078932,11.857247373730615,5.609056914278028,0.0
pathway,Residential,Biofuels and Waste,Biofuels and Waste,Final consumption,Residential,,,,,,,,,,,,,,,,,,,,,,,,,,,,,,,,,,,,,,,,,
pathway,Residential,Biofuels and Waste,Biofuels and Waste,Final consumption,Residential,,,,,,,,,,,,,,,,,,,,,,,,,,,,,,,,,,,,,,,,,
pathway,Residential,Oil products,Oil products,Final consumption,Residential,,,,,,,,,,,,,,,,,,,,,,,,,,,,,,,,,,,,,,,,,
pathway,Residential,Oil products,Oil products,Final consumption,Residential,,,,,,,,,,,,,,,,,,,,,,,,,,,,,,,,,,,,,,,,,
pathway,Transportation,Hydrogen,Hydrogen,Final consumption,Domestic aviation – Long-range,0.0,0.0,0.0,0.0,0.0,0.0,0.0,0.0,0.0,0.0,0.0,0.1671439257424479,0.4320154054858225,0.8349146172368042,1.4292342466281325,2.2844240202889456,3.489035764803785,5.153527999026922,7.412366404601959,10.42482257198633,14.373786977707091,19.461922112075435,25.904635842533683,33.91968228217575,43.71368751367824,55.46648790087236,69.31474648013918,85.33673733557553,103.54032910269603,123.85597991452654,146.1359826298218,170.16036424876646,195.6489072683193,222.2779105444109,249.69970960770587,277.5627358736449,305.5300297661361,333.2945690780806,360.5904061494045,387.19928055100536,412.952961545501
pathway,Transportation,Hydrogen,Hydrogen,Final consumption,Domestic aviation – Short-range,0.0,0.0,0.0,0.0,0.0,0.0,0.0,0.0,0.0,0.0,0.0,0.1671439257424479,0.4320154054858225,0.8349146172368042,1.4292342466281325,2.2844240202889456,3.489035764803785,5.153527999026922,7.412366404601959,10.42482257198633,14.373786977707091,19.461922112075435,25.904635842533683,33.91968228217575,43.71368751367824,55.46648790087236,69.31474648013918,85.33673733557553,103.54032910269603,123.85597991452654,146.1359826298218,170.16036424876646,195.6489072683193,222.2779105444109,249.69970960770587,277.5627358736449,305.5300297661361,333.2945690780806,360.5904061494045,387.19928055100536,412.952961545501
pathway,Transportation,Hydrogen,Hydrogen,Final consumption,World aviation bunkers,0.0,0.0,0.0,0.0,0.0,0.0,0.0,0.0,0.0,0.0,0.0,0.1671439257424479,0.4320154054858225,0.8349146172368042,1.4292342466281325,2.2844240202889456,3.489035764803785,5.153527999026922,7.412366404601959,10.42482257198633,14.373786977707091,19.461922112075435,25.904635842533683,33.91968228217575,43.71368751367824,55.46648790087236,69.31474648013918,85.33673733557553,103.54032910269603,123.85597991452654,146.1359826298218,170.16036424876646,195.6489072683193,222.2779105444109,249.69970960770587,277.5627358736449,305.5300297661361,333.2945690780806,360.5904061494045,387.19928055100536,412.952961545501
pathway,Transportation,Hydrogen,Hydrogen,Final consumption,World aviation bunkers,0.0,0.0,0.0,0.0,0.0,0.0,0.0,0.0,0.0,0.0,0.0,0.1671439257424479,0.4320154054858225,0.8349146172368042,1.4292342466281325,2.2844240202889456,3.489035764803785,5.153527999026922,7.412366404601959,10.42482257198633,14.373786977707091,19.461922112075435,25.904635842533683,33.91968228217575,43.71368751367824,55.46648790087236,69.31474648013918,85.33673733557553,103.54032910269603,123.85597991452654,146.1359826298218,170.16036424876646,195.6489072683193,222.2779105444109,249.69970960770587,277.5627358736449,305.5300297661361,333.2945690780806,360.5904061494045,387.19928055100536,412.952961545501
pathway,Transportation,Hydrogen,Hydrogen,Final consumption,World marine bunkers,0.0,0.0,0.0,0.0,0.0,0.0,0.0,0.0,0.0,0.0,0.0,0.1671439257424479,0.4320154054858225,0.8349146172368042,1.4292342466281325,2.2844240202889456,3.489035764803785,5.153527999026922,7.412366404601959,10.42482257198633,14.373786977707091,19.461922112075435,25.904635842533683,33.91968228217575,43.71368751367824,55.46648790087236,69.31474648013918,85.33673733557553,103.54032910269603,123.85597991452654,146.1359826298218,170.16036424876646,195.6489072683193,222.2779105444109,249.69970960770587,277.5627358736449,305.5300297661361,333.2945690780806,360.5904061494045,387.19928055100536,412.952961545501
pathway,Transportation,Hydrogen,Hydrogen,Final consumption,World marine bunkers,0.0,0.0,0.0,0.0,0.0,0.0,0.0,0.0,0.0,0.0,0.0,0.1671439257424479,0.4320154054858225,0.8349146172368042,1.4292342466281325,2.2844240202889456,3.489035764803785,5.153527999026922,7.412366404601959,10.42482257198633,14.373786977707091,19.461922112075435,25.904635842533683,33.91968228217575,43.71368751367824,55.46648790087236,69.31474648013918,85.33673733557553,103.54032910269603,123.85597991452654,146.1359826298218,170.16036424876646,195.6489072683193,222.2779105444109,249.69970960770587,277.5627358736449,305.5300297661361,333.2945690780806,360.5904061494045,387.19928055100536,412.952961545501
pathway,Transportation,Oil products,Oil products,Final consumption,Road – 2&3-wheel,169.17919999999998,245.1376,258.948,314.1904,355.62160000000006,393.6008000000001,369.4328,355.4768,430.18480000000005,436.6,458.8922109204781,469.61200014806536,478.56660946238367,485.5116328482413,490.1944230572264,492.363077921831,491.7783045010503,488.228016337683,481.5440677304088,471.61997905359465,458.42794241615337,442.03295078671056,422.6017282279861,400.40439849920045,375.8075783561205,349.2587504953001,321.2631407837528,292.3555751494777,263.07060261261194,233.914336036356,205.3409641328768,177.7358978256035,151.40631594338788,126.57876137610585,103.40261905600757,81.95786870326253,62.26542368212222,44.29854823764799,27.994172401824244,13.263294123973878,0.0
pathway,Transportation,Oil products,Oil products,Final consumption,Road – Buses&Vans,232.6214,337.0642,356.0535,432.0118,488.9797,541.2011,507.9701,488.7806,591.5041,600.325,630.9767900156575,645.7165002035898,658.0290880107776,667.5784951663319,674.0173317036863,676.9992321425178,676.1951686889442,671.3135224643141,662.1230931293122,648.4774711986926,630.3384208222109,607.795307331727,581.077376313481,550.5560479364008,516.7354202396657,480.2307819310377,441.7368185776601,401.9889158305318,361.7220785923415,321.63221204998933,282.34382568270564,244.3868595102048,208.1836844221584,174.04579689214552,142.17860120201033,112.69206946698614,85.61495756291811,60.91050382676599,38.49198705250842,18.23702942046407,0.0
pathway,Transportation,Oil products,Oil products,Final consumption,Road – Light-duty vehicles,845.896,1225.688,1294.74,1570.9520000000002,1778.1080000000002,1968.004,1847.164,1777.384,2150.9240000000004,2183.0,2294.4610546023905,2348.060000740327,2392.8330473119186,2427.5581642412067,2450.972115286132,2461.815389609156,2458.891522505252,2441.140081688415,2407.720338652045,2358.099895267974,2292.139712080768,2210.1647539335536,2113.008641139932,2002.0219924960031,1879.0378917806029,1746.2937524765014,1606.3157039187645,1461.7778757473889,1315.3530130630606,1169.5716801817805,1026.7048206643844,888.6794891280178,757.0315797169401,632.8938068805296,517.0130952800378,409.7893435163133,311.3271184106111,221.49274118824,139.97086200912145,66.3164706198695,0.0
pathway,Transportation,Oil products,Oil products,Final consumption,Road – Trucks,867.0433999999999,1256.3302,1327.1084999999998,1610.2258,1822.5607,2017.2041,1893.3431,1821.8186,2204.6971,2237.575,2351.82258096745,2406.7615007588342,2452.653873494716,2488.247118347236,2512.246418168285,2523.360774349384,2520.3638105678824,2502.168583730625,2467.913347118345,2417.052392649672,2349.4432048827853,2265.4188727818914,2165.8338571684285,2052.0725423084023,1926.0138390751167,1789.9510962884128,1646.4735965167324,1498.3223226410728,1348.236838389636,1198.810972186324,1052.3724411809935,910.8964763562176,775.9573692098629,648.7161520525424,529.9384226620382,420.0340771042206,319.1102963708763,227.03005971794573,143.47013355934905,67.97438238536597,0.0
pathway,Transportation,Oil products,Oil products,Final consumption,Domestic aviation – Long-range,113.5596,132.4862,141.94840000000002,141.94840000000002,141.94840000000002,208.1926,208.1926,227.1192,198.7282,222.86,234.23893294946808,239.7107887150661,244.28161838018065,247.82666627704785,250.2169700470305,251.32394765382344,251.02545336945508,249.21322886169503,245.8014451085638,240.7357501875495,234.001949717966,225.63321899296005,215.71466136713013,204.3841599851852,191.8288522960262,178.27715331054196,163.98695271430867,149.23124937657494,134.2829008205376,119.40024949395854,104.81513345545795,90.72428353049474,77.28449741443757,64.61141264379057,52.78128191209771,41.83493041504608,31.78303326110341,22.61194333541516,14.28946692961648,6.770173450455388,0.0
pathway,Transportation,Oil products,Oil products,Final consumption,Domestic aviation – Short-range,402.6204,469.7238,503.2716,503.2716,503.2716,738.1374000000001,738.1374000000001,805.2407999999999,704.5817999999999,790.14,830.483489548114,849.8837054443251,866.0893742570038,878.6581804368059,887.1328938031078,891.0576325908282,889.9993346735226,883.5741750551005,871.4778508394531,853.5176597558574,829.6432762727886,799.9723218841309,764.8065266652795,724.6347490383837,680.1204763222746,632.0735435555576,581.4082868961852,529.0926114260384,476.093921090997,423.328157296762,371.61729134207815,321.6588234262995,274.0086726511877,229.0768266461664,187.13363587016443,148.32384419879963,112.68529974391208,80.16961728010824,50.66265547773128,24.003342233432704,0.0
pathway,Transportation,Oil products,Oil products,Final consumption,International aviation bunkers,645.22,731.25,860.3,817.28,860.3,989.35,946.33,1204.42,1290.45,1290.45,1356.3386476920089,1388.022917066127,1414.4898790213767,1435.0171475240795,1448.8579780902378,1455.2678284567726,1453.539425202429,1443.04590857298,1423.290293638814,1393.957860672724,1354.9664184400488,1306.5080653749674,1249.07558449795,1183.4673752709425,1110.7670396006774,1032.2971932584978,949.5511223646216,864.1096013551157,777.5525862149457,691.3759847414462,606.9222335439094,525.3304840793635,447.5086587474691,374.1263458950889,305.625079617098,242.24125439332371,184.03668344158177,130.93234441885716,82.74182266590515,39.20205657874976,0.0
pathway,Transportation,Oil products,Oil products,Final consumption,Road – 2&3-wheel,190.3464,210.74080000000004,231.1352,261.7264,265.1256,299.1152,305.91360000000003,312.712,339.4888,371.4232,390.3875708546929,399.50708166146336,407.1249232699699,413.03317523985095,417.0169061705653,418.86181851483246,418.364341613272,415.3440498346186,409.6578987115098,401.2153041777808,389.9926095776991,376.0451055580453,359.5146271735432,340.6309733958962,319.7060314642259,297.1204826774301,273.3041314520201,248.71196349028747,223.7987289241977,198.994986753318,174.68712320045427,151.20301402945188,128.80398160307868,107.68274989086036,87.96640324819816,69.7229818116025,52.97027694312783,37.68554407187719,23.815128481074797,11.283314581006834,0.0
pathway,Transportation,Oil products,Oil products,Final consumption,Road – Buses&Vans,261.7263,289.76860000000005,317.8109,359.8738,364.5477,411.2834,420.6312,429.979,466.7971,510.7069,536.7829099252028,549.3222372845122,559.7967694962085,567.920615954795,573.3982459845273,575.9350004578947,575.2509697182489,571.0980685226007,563.2796107283261,551.6710432444487,536.2398381693363,517.0620201423123,494.3326123636219,468.3675884193572,439.59579326331055,408.5406636814664,375.7931807465277,341.9789497991452,307.7232522707718,273.6181067858123,240.19479440062457,207.90414429049636,177.1054747042333,148.06378109993307,120.95380446627246,95.86909999095336,72.83413079680076,51.81762309883118,32.7458016614778,15.51455754888434,0.0
pathway,Transportation,Oil products,Oil products,Final consumption,Road – Light-duty vehicles,951.732,1053.7040000000002,1155.6760000000002,1308.632,1325.6280000000002,1495.576,1529.5680000000002,1563.5600000000002,1697.444,1857.116,1951.9378542734648,1997.5354083073169,2035.624616349849,2065.165876199255,2085.0845308528264,2094.309092574162,2091.82170806636,2076.720249173093,2048.2894935575496,2006.0765208889045,1949.963047888496,1880.2255277902268,1797.5731358677167,1703.1548669794809,1598.5301573211295,1485.6024133871506,1366.5206572601007,1243.5598174514373,1118.9936446209886,994.9749337665904,873.4356160022717,756.0150701472598,644.0199080153939,538.413749454302,439.8320162409909,348.6149090580125,264.85138471563914,188.4277203593861,119.07564240537386,56.41657290503417,0.0
pathway,Transportation,Oil products,Oil products,Final consumption,Road – Trucks,975.5253,1080.0466,1184.5679,1341.3477999999998,1358.7687,1532.9653999999998,1567.8072,1602.649,1739.8801,1903.5439,2000.7363006303008,2047.473793515,2086.515231758596,2116.795023104236,2137.211644124148,2146.6668198885163,2144.1172507680185,2128.638255402421,2099.496730896488,2056.2284339111266,1998.712124085708,1927.231165984982,1842.512464264409,1745.7337386539675,1638.4934112541575,1522.742473721829,1400.6836736916027,1274.648812887723,1146.9684857365128,1019.8493071107546,895.2715064023282,774.9154469009409,660.1204057157784,551.8740931906596,450.8278166470154,357.33028178446284,271.4726693335301,193.13841336837092,122.05253346550808,57.82698722766008,0.0
pathway,Electric Power,Biofuels and Waste,Biofuels and Waste,Electricity output,Electricity output -autoproducer electricity plants,1.4400000000000002,1.4400000000000002,1.4400000000000002,1.4400000000000002,1.4400000000000002,1.4400000000000002,1.4400000000000002,1.5552,1.5552,3.4128000000000003,3.523894969694987,3.64537756218964,3.768348049618865,3.894003943075309,4.021970457360718,4.15193944890425,4.283655234013961,4.416903880838942,4.551505021308438,4.687305517282163,4.8241745088545525,4.961999505283668,5.100683271105073,5.24014132490264,5.380299914571099,5.521094366427352,5.662467730042508,5.80436965878565,5.946755479595124,6.0895854156827305,6.232823933619987,6.376439192188897,6.520402574961003,6.664688292131584,6.809273039926149,6.954135708095734,7.099257127761809,7.2446198532629955,7.390207972772076,7.53600694335185,7.682003446847959
pathway,Electric Power,Natural gas,Natural gas,Electricity output,Electricity output -main activity producer electricity plants,6.48,4.32,6.48,7.2,11.52,16.56,75.60000000000001,78.61680000000001,129.46212,151.0398,155.95651413611608,161.33295180426947,166.77523902508892,172.3363738752069,177.9997695398709,183.7517885532724,189.58111515893756,195.47828140563104,201.43530476952125,207.44540783790276,213.5027991627079,219.6025002573089,225.74020778570548,231.9121828659837,238.1151614618013,244.3462813192433,250.60302199134844,256.88315529449505,263.184704139402,269.5059081304607,275.84519466982414,282.2011545652755,288.57252134364575,294.9581536292474,301.3570200702757,307.7681863934709,314.1908042445257,320.6241015333074,327.0673740523615,333.5199781770025,339.98132448758383
pathway,Electric Power,Oil products,Oil products,Electricity output,Electricity output -main activity producer electricity plants,42.48,52.56,57.6,52.56,52.56,56.88000000000001,60.48000000000001,62.892,68.27759999999999,74.7,77.13166732191033,79.79070086016354,82.48230171897832,85.23268124347328,88.03363606564864,90.87842148181772,93.76144103986258,96.67801215971312,99.62418691155072,102.59661337933004,105.5924272771434,108.60916638674696,111.64470240024288,114.69718617271072,117.76500340437798,120.84673850566196,123.94114493500216,127.04712069599393,130.16368797637003,133.28997613440578,136.4252074078215,139.56868485012615,142.71978209962114,145.87793466427252,149.04263246673796,152.21341344196887,155.3898580179931,158.57158434093583,161.75824412976854,164.94951906598197,168.1451176393409
pathway,Electric Power,Oil products,Oil products,Electricity output,Electricity output -main activity producer electricity plants,75.60000000000001,84.96000000000001,87.12,114.48,137.52,138.96,144.0,147.6936,160.3368,175.4208,181.1311751933516,187.37548296453247,193.69626979095787,200.1550887533477,206.7326755762373,213.4131914200488,220.1834939272493,227.0325868201687,233.9511990277612,240.93145912038528,247.9666407884647,255.0509619129351,262.1794245088691,269.3476861601854,276.5519559464351,283.78890958572987,291.05561977796543,298.34949866382607,305.6682500102438,313.00982925673844,320.3724099550999,327.7543554398529,335.1541948024258,342.57060242509255,350.00238047417844,357.4484438650726,364.9078073012418,372.3795740609694,379.8629262629089,387.3571163878152,394.8614598713156
pathway,Electric Power,Peat and peat products,Peat and peat products,Electricity output,Electricity output -main activity producer electricity plants,0.0,0.0,0.0,0.0,0.0,0.0,0.0,19.91628,19.91628,19.91628,20.5646035240966,21.273546716563025,21.99117290601946,22.7244704791936,23.471252279806645,24.229720056089644,24.99838169950996,25.775988755237638,26.56148863859142,27.353987672215307,28.152722189173023,28.957035720549392,29.76636082355969,30.580204484977703,31.398136305254937,32.21977886433125,33.04479981320059,33.87290534103359,34.7038347465866,35.53735590209025,36.37326144300195,37.21136555163146,38.05150122938476,38.89351797316408,39.73727978774622,40.582663478795375,41.42955718134666,42.27785908671608,43.12747633730691,43.97832406403524,44.83032454535543
baseline,Electric Power,Storage,Storage,Electricity output,Electricity output -autoproducer electricity plants,1.4400000000000002,1.4400000000000002,1.4400000000000002,1.4400000000000002,1.4400000000000002,1.4400000000000002,1.4400000000000002,1.5552,1.5552,3.4128000000000003,3.523894969694987,3.64537756218964,3.7668601546842937,3.888342747178947,4.0098253396736,4.131307932168254,4.252790524662906,4.37427311715756,4.495755709652214,4.617238302146867,4.738720894641521,4.860203487136174,4.981686079630827,5.103168672125481,5.224651264620134,5.346133857114788,5.467616449609441,5.589099042104095,5.710581634598748,5.832064227093401,5.953546819588055,6.075029412082708,6.196512004577361,6.317994597072015,6.439477189566668,6.560959782061322,6.682442374555976,6.803924967050628,6.925407559545281,7.046890152039936,7.168372744534588
baseline,Electric Power,Storage,Storage,Electricity output,Electricity output -main activity producer electricity plants,205.2,249.12,281.52000000000004,280.08000000000004,351.504,424.51200000000006,510.22080000000005,519.3821520000001,610.961976,678.595536,700.6854769596441,724.8408757432173,748.9962745267907,773.151673310364,797.3070720939371,821.4624708775104,845.6178696610837,869.7732684446569,893.9286672282302,918.0840660118037,942.2394647953768,966.39486357895,990.5502623625232,1014.7056611460964,1038.86105992967,1063.016458713243,1087.1718574968163,1111.3272562803895,1135.482655063963,1159.6380538475362,1183.7934526311094,1207.9488514146828,1232.1042501982558,1256.2596489818293,1280.4150477654025,1304.5704465489755,1328.725845332549,1352.8812441161224,1377.0366428996956,1401.1920416832688,1425.3474404668425
pathway,Electric Power,Storage,Storage,Electricity output,Electricity output -autoproducer electricity plants,1.7280000000000002,1.7280000000000002,1.7280000000000002,1.7280000000000002,1.7280000000000002,1.7280000000000002,1.7280000000000002,1.86624,1.86624,4.09536,4.228673963633984,4.374453074627568,4.522017659542638,4.672804731690371,4.826364548832862,4.9823273386851,5.140386280816752,5.30028465700673,5.461806025570126,5.624766620738596,5.789009410625463,5.954399406340402,6.120819925326087,6.288169589883168,6.456359897485319,6.625313239712822,6.794961276051009,6.96524359054278,7.136106575514149,7.307502498819277,7.479388720343985,7.651727030626676,7.824483089953204,7.9976259505579,8.171127647911378,8.34496284971488,8.51910855331417,8.693543823915595,8.868249567326492,9.04320833202222,9.21840413621755
pathway,Electric Power,Storage,Storage,Electricity output,Electricity output -main activity producer electricity plants,246.24000000000004,298.944,337.82400000000007,336.09600000000006,421.8048,509.41440000000006,612.2649600000001,623.2585824,733.1543712,814.3146432,840.822572351573,869.8090508918607,912.7088871166536,956.0063191190396,999.6458569616236,1043.581877531395,1087.776524818766,1132.1981245071688,1176.8199716653514,1221.6193929704157,1266.5770135697762,1311.6761783120112,1356.902490711189,1402.2434426199393,1447.6881144509268,1493.2269307496172,1538.8514595508511,1584.554246634423,1630.3286777973012,1676.168863768786,1722.0695435414225,1768.0260027689624,1814.0340045609655,1860.0897305311785,1906.189730369946,1952.3308785365628,1998.5103369256965,2044.7255225680556,2090.9740795907296,2137.25385479589,2183.562876324577
