Scenario,Sector,Product_category,Product_long,Flow_category,Flow_long,1990,1991,1992,1993,1994,1995,1996,1997,1998,1999,2000,2001,2002,2003,2004,2005,2006,2007,2008,2009,2010,2011,2012,2013,2014,2015,2016,2017,2018,2019,2020,2021,2022,2023,2024,2025,2026,2027,2028,2029,2030,2031,2032,2033,2034,2035,2036,2037,2038,2039,2040,2041,2042,2043,2044,2045,2046,2047,2048,2049,2050
pathway,Transportation,Oil products,Gas/diesel oil excl. biofuels,Final consumption,Road,0.0,0.0,0.0,0.0,0.0,0.0,0.0,0.0,0.0,0.0,2023.772273382,2369.0034240980003,2392.8125590140003,2511.858178038,2583.285582786,2678.520900218,2833.2802216160003,3083.2760549000004,3666.59849922,4321.34832051,4380.871130022,4416.583665720001,5118.951729064001,5357.04299489,6571.306125584001,6892.728169162,8999.832359194,9187.447860106002,9576.845475262,7234.484264300001,7549.079888148143,7712.917799792293,7865.834239772337,8004.995455611383,8126.953751032836,8227.583191977566,8302.05043763834,8344.849409439134,8349.937187986086,8311.01369306846,8221.983558700358,8077.617539348653,7874.386082712955,7611.369409062787,7291.0707740639955,6919.904787390878,6508.142786455531,6069.200187268579,5618.330915899216,5170.983776681766,4741.185926283994,4340.295117039859,3976.322074142251,3653.841359414502,3374.363411501441,3136.974168622008,2939.057067062942,2776.963764995463,2646.56138613809,2543.634373343531,2464.1509327897625
pathway,Transportation,Oil products,Motor gasoline excl. biofuels,Final consumption,Road,0.0,0.0,0.0,0.0,0.0,0.0,0.0,0.0,0.0,0.0,899.3539447740001,899.3539447740001,960.1211809080002,984.428069806,1057.3487365,1118.1159726340002,1203.1901254440002,1361.1837504940002,1434.104444966,1385.49066717,1373.3372088320002,1300.4165143600003,1251.80390324,1932.395792376,1883.7819868020003,2005.3164590700003,2309.151473064,2311.1576835580004,2216.688761146,2090.4382789280003,2181.3421651553376,2228.6839008656016,2272.869825934112,2313.0811142449666,2348.3215377316683,2377.398888328179,2398.9165494590206,2411.283513804032,2412.7536513619693,2401.5065243031704,2375.780847936772,2334.065607153334,2275.3409212030124,2199.3410154035323,2106.7892172616857,1999.5390584346912,1880.558490212179,1753.7239601931497,1623.4431621113963,1494.18010069266,1369.9879888781209,1254.1487026625402,1148.976978794718,1055.7946584447304,975.038189968226,906.4434509113267,849.2543728736287,802.4167503119485,764.7363691724231,734.995124375856,712.028010120812
pathway,Transportation,Oil products,Kerosene type jet fuel excl. biofuels,Supply,International aviation bunkers,0.0,0.0,0.0,0.0,0.0,0.0,0.0,0.0,0.0,0.0,-461.657693232,-461.657693232,-461.657693232,-461.657693232,-461.657693232,-461.657693232,-461.657693232,-461.657693232,-461.657693232,-475.235829634,-475.235829634,-475.235829634,-475.235829634,-475.235829634,-475.235829634,-461.657693232,-475.235829634,-420.86864470000006,-671.1552303100001,-668.779183524,-697.8614230826123,-713.9493717111174,-729.3175938426007,-743.7792793894317,-757.1071052343955,-769.0289666271921,-779.226009540195,-787.3348534094557,-792.9564678651033,-795.6745128529875,-795.0856881526481,-790.8432631786565,-782.7120269784793,-770.6284055402526,-754.7543641191127,-735.5100590974909,-713.5708016360966,-689.8206056546711,-665.2664356007036,-640.929820045239,-617.7398833287938,-596.4504305146988,-577.594553331982,-561.4781539499503,-548.2041052901723,-537.7143020870473,-529.8373398988317,-524.3329298675608,-520.9282136602973,-519.3444815562272,-519.3149239689701
pathway,Transportation,Oil products,Kerosene type jet fuel excl. biofuels,Final consumption,Domestic aviation,0.0,0.0,0.0,0.0,0.0,0.0,0.0,0.0,0.0,0.0,40.734409206,40.734409206,40.734409206,40.734409206,40.734409206,40.734409206,40.734409206,40.734409206,40.734409206,40.734409206,40.734409206,40.734409206,40.734409206,40.734409206,40.734409206,40.734409206,40.734409206,34.054077986,54.298573274000006,54.10901620200001,56.46197725436944,57.68737327318474,58.83108412058581,59.871915257600335,60.78408026367988,61.5367199614875,62.09368425289673,62.41379141935032,62.45184453851842,62.1607233002666,61.49483851746847,60.41507899422683,58.89504608267263,56.92786045671701,54.53224476422714,51.75617591773968,48.6764765271523,45.393484769418095,42.021289624852486,38.67543763049785,35.46084236687708,32.462452087743245,29.74018156288731,27.32824539984354,25.237940651189454,23.46243075720441,21.982145602980143,20.769798075861218,19.794477075414523,19.02465310462963,18.43017109104124
pathway,Transportation,Oil products,Lubricants,Final consumption,Non-energy use in transport,0.0,0.0,0.0,0.0,0.0,0.0,0.0,0.0,0.0,0.0,0.0,0.0,0.0,0.0,0.0,0.0,11.546370148,11.546370148,11.546370148,11.546370148,11.546370148,23.092712518000003,23.092712518000003,23.092712518000003,23.092712518000003,34.63908266600001,34.63908266600001,36.093983194,28.7391188,22.180899668,23.14544858588236,23.75657498845105,24.367701391019743,24.978827793588437,25.589954196157127,26.20108059872582,26.812207001294517,27.423333403863207,28.034459806431897,28.64558620900059,29.256712611569284,29.867839014137974,30.47896541670667,31.090091819275365,31.70121822184406,32.312344624412745,32.923471026981446,33.53459742955013,34.145723832118826,34.75685023468752,35.36797663725621,35.979103039824906,36.5902294423936,37.20135584496229,37.81248224753099,38.42360865009968,39.03473505266837,39.64586145523707,40.25698785780576,40.868114260374455,41.47924066294314
pathway,Residential,Biofuels and Waste,Primary solid biofuels,Final consumption,Residential,0.0,0.0,0.0,0.0,0.0,0.0,0.0,0.0,0.0,0.0,10422.583518890002,10671.474482224,10924.531339996,11186.756215556,11457.592021114002,11733.149614446,12013.151076662,12981.492406664,13927.888894442,13452.607703334,13088.16012111,12723.990513332,12355.099090002,11990.929482224,12115.097003334002,12235.09746333,12107.318802220005,12150.251284566002,11991.657515826002,11888.577663416,11985.220412567856,12033.024336222024,12064.665941110998,12076.268091787946,12063.208043290044,12020.078493850267,11940.71169367214,11818.306041309286,11645.702740815192,11415.860762768729,11122.563410019731,10761.350028700474,10330.596485609583,9832.574954984926,9274.235256052372,8667.41526794415,8028.257581039994,7375.798967637743,6729.956045506136,6109.342857035907,5529.414788228899,5001.306863605082,4531.492519777363,4122.151288991763,3771.992335875853,3477.2574785472243,3232.6871317551845,3032.322750665889,2870.100102224309,2740.2417565058795,2637.4842950343645
pathway,Residential,Biofuels and Waste,Charcoal,Final consumption,Residential,0.0,0.0,0.0,0.0,0.0,0.0,0.0,0.0,0.0,0.0,401.239376556,409.264135198,417.28889384000007,425.31365248200007,441.36319754400006,449.38795618600005,457.4127148280001,513.5860808780001,601.8584814960001,714.206352494,730.255869778,738.2806284200001,746.3053870620001,722.2311111360001,730.255869778,738.2806284200001,738.2806284200001,738.2806284200001,746.3053870620001,746.3053870620001,752.3721350241603,759.1443976503552,765.91666027655,772.6889229027449,779.4611855289397,786.2334481551346,793.0057107813294,799.7779734075243,806.5502360337191,813.322498659914,820.0947612861088,826.8670239123037,833.6392865384985,840.4115491646934,847.1838117908883,853.9560744170831,860.7283370432779,867.5005996694728,874.2728622956677,881.0451249218625,887.8173875480572,894.5896501742521,901.361912800447,908.1341754266418,914.9064380528368,921.6787006790316,928.4509633052264,935.2232259314212,941.995488557616,948.767751183811,955.5400138100058
pathway,Residential,Electricity and Heat,Electricity,Final consumption,Residential,0.0,0.0,0.0,0.0,0.0,0.0,0.0,0.0,0.0,0.0,325.002961114,371.003468004,395.00332666800006,454.0039375580001,455.004140004,511.004199112,567.0042582200001,642.00555267,707.006156004,813.0063095540002,943.007488444,1004.008476448,1160.0087522180002,1278.0100017760003,1424.0118642260002,1595.012593332,1735.01332444,1814.4142929760003,1912.0152126660005,2135.017580004,2211.995788445117,2296.0153360402314,2380.034883635346,2464.0544312304605,2548.073978825575,2632.093526420689,2716.113074015804,2800.1326216109182,2884.152169206033,2968.171716801148,3052.191264396262,3136.2108119913764,3220.2303595864905,3304.249907181605,3388.26945477672,3472.289002371834,3556.3085499669487,3640.3280975620632,3724.347645157178,3808.367192752292,3892.386740347407,3976.406287942521,4060.425835537636,4144.44538313275,4228.464930727865,4312.484478322979,4396.504025918093,4480.523573513208,4564.543121108322,4648.562668703436,4732.582216298551
pathway,Residential,Oil products,Liquified petroleum gases (LPG),Final consumption,Residential,0.0,0.0,0.0,0.0,0.0,0.0,0.0,0.0,0.0,0.0,13.696748462,13.696748462,13.696748462,13.696748462,13.696748462,13.696748462,13.696748462,13.696748462,13.696748462,13.696748462,13.696748462,13.696748462,13.696748462,13.696748462,13.696748462,13.696748462,41.090273164,65.894943822,67.210315456,85.22182065800001,83.64274795454746,83.21979466335848,82.69041448877653,82.03036088500963,81.21111266900421,80.19981926038841,78.95969025152033,77.45107127394569,75.63348403163992,73.4688892677169,70.92630741475782,67.98765156863837,64.65417236246964,60.95235041689645,56.937596181599375,52.6940386920513,48.3292873783176,43.96435487668217,39.72052019150984,35.70605790779219,32.00584038961754,28.675773827991613,25.742410023672537,23.20666067127276,21.04983660007299,19.240276511097758,17.739327944062975,16.50605056592109,15.50050136933572,14.685757060441055,14.02895378202218
pathway,Commercial,Biofuels and Waste,Primary solid biofuels,Final consumption,Commercial and public services,0.0,0.0,0.0,0.0,0.0,0.0,0.0,0.0,0.0,0.0,1865.84839889,1910.29278222,1954.738360004,2003.626612218,2048.0721900020003,2101.405449998,2150.294868888,2323.629783334,2492.241715552,2408.0747366660003,2341.4075366660004,2274.740364444,2212.5182000040004,2230.295953336,2256.962611112,2283.6292411100003,2265.2955666640005,2271.4711438460004,2256.328772708,2241.5038763320003,2259.7251666043494,2270.1770009345423,2277.9545967638696,2282.408044437145,2282.757450474673,2278.0828102486,2267.3228147766004,2249.288887904744,2222.70240944606,2186.2638468517644,2138.7611471692226,2079.2196533978267,2007.0857103872625,1922.4212427755515,1826.0702147776976,1719.7470827354134,1606.0010982749686,1488.0342888361024,1369.391303278665,1253.5809642015038,1143.7127236671893,1042.2244373803587,950.7450012583872,870.0932659681339,800.3814830604935,741.1769297497499,691.6781344397227,650.8748537061634,617.675772400159,590.9998519435711,569.8346721220059
pathway,Commercial,Biofuels and Waste,Charcoal,Final consumption,Commercial and public services,0.0,0.0,0.0,0.0,0.0,0.0,0.0,0.0,0.0,0.0,425.31365248200007,433.33843890200006,441.36319754400006,449.38795618600005,465.43747347,473.46225989,481.4870185320001,537.660356804,633.9587105180001,754.330173482,762.3549321240001,778.4044494080001,786.42920805,826.5530290380001,866.6768500260001,906.800671014,906.800671014,906.800671014,922.850216076,922.850216076,930.3521088197848,938.7264047939084,947.100700768032,955.4749967421556,963.8492927162793,972.2235886904028,980.5978846645262,988.9721806386498,997.3464766127734,1005.7207725868968,1014.0950685610204,1022.469364535144,1030.8436605092677,1039.2179564833912,1047.5922524575146,1055.9665484316383,1064.3408444057618,1072.7151403798853,1081.089436354009,1089.4637323281324,1097.838028302256,1106.2123242763796,1114.586620250503,1122.9609162246263,1131.3352121987502,1139.7095081728737,1148.0838041469974,1156.4581001211209,1164.8323960952443,1173.206692069368,1181.5809880434915
pathway,Commercial,Electricity and Heat,Electricity,Final consumption,Commercial and public services,0.0,0.0,0.0,0.0,0.0,0.0,0.0,0.0,0.0,0.0,147.00089822,163.00158178000004,173.001133998,194.001579778,189.00181755800003,229.002359782,250.001638886,300.002900004,461.00410467000006,645.004965554,749.0059086660001,765.0065922260001,993.007582886,949.00745311,768.005977332,866.0069557780001,974.0074864420002,1037.607828574,1163.5093913340002,1319.0351355300002,1370.7546189006137,1424.264248714631,1477.773878528649,1531.283508342667,1584.793138156684,1638.3027679707018,1691.8123977847197,1745.3220275987371,1798.8316574127548,1852.341287226772,1905.85091704079,1959.360546854808,2012.8701766688253,2066.379806482843,2119.8894362968604,2173.3990661108783,2226.908695924896,2280.4183257389136,2333.927955552931,2387.437585366949,2440.9472151809664,2494.456844994984,2547.9664748090017,2601.476104623019,2654.9857344370366,2708.4953642510545,2762.0049940650724,2815.51462387909,2869.0242536931078,2922.533883507125,2976.0435133211427
pathway,Commercial,Oil products,Liquified petroleum gases (LPG),Final consumption,Commercial and public services,0.0,0.0,0.0,0.0,0.0,0.0,0.0,0.0,0.0,0.0,13.696748462,13.696748462,13.696748462,13.696748462,13.696748462,13.696748462,13.696748462,13.696748462,13.696748462,13.696748462,13.696748462,27.393524702,27.393524702,27.393524702,27.393524702,27.393524702,54.787049404,101.34231073200002,103.36943806,131.064159616,129.55310578893636,129.8038234597579,129.89664031737507,129.79385150151617,129.45046290690794,128.81375131610056,127.82339700963828,126.412559631746,124.51035273616768,122.04619450938324,118.95639704414693,115.193015424622,110.734349232654,105.59561443189054,99.83741243731008,93.56915242141292,86.94503291490349,80.1517962924856,73.38987372055678,66.85176755021122,60.70248100730256,55.06600196648448,50.01972359169408,45.59630306888415,41.7907983973664,38.57037577953668,35.88424861454902,33.67232179380736,31.871846722968776,30.42201077531868,29.266737468593515
pathway,Industrial,Biofuels and Waste,Primary solid biofuels,Final consumption,Industry not elsewhere specified,0.0,0.0,0.0,0.0,0.0,0.0,0.0,0.0,0.0,0.0,546.3933988900001,559.7261444400001,573.060028888,590.837809998,604.1716944460001,617.5044399960001,630.838352222,684.1716122180001,733.0610588860001,706.39440111,688.6166477780001,670.838894446,461.948445558,693.0616555600001,661.9500177800002,648.616105554,643.3383688880001,645.092188474,640.79137629,636.5812870540001,663.4341891854888,687.6954417919897,711.655292935188,735.2324334659719,758.3269873197706,780.818157802544,802.5627151711459,823.3951393390366,843.1305168304755,861.5715054413886,878.5206623416166,893.7989538016258,907.2700980369652,918.8684622005932,928.6258471568802,936.6905013679584,943.331363031905,948.9228725414544,953.910643705052,958.7641586057254,963.9268245357878,969.7741823491724,976.5877145513552,984.5464162010074,993.7335068386836,1004.1529795205076,1015.7503223926418,1028.4329505374642,1042.0876510279177,1056.5939414073569,1071.8333467211598
pathway,Industrial,Biofuels and Waste,Primary solid biofuels,Transformation processes,Charcoal production plants,0.0,0.0,0.0,0.0,0.0,0.0,0.0,0.0,0.0,0.0,-1821.4039877820005,-1861.40336333,-1905.848941114,-1950.293324444,-1994.737735552,-2039.1832855580003,-2088.072732226,-2319.184775552,-2736.688810002,-3251.9705711120005,-3300.859990002,-3349.749408892,-3398.638827782,-3438.63820333,-3540.8620766700005,-3643.084783334,-3643.084783334,-3643.084783334,-3696.3982931720006,-3696.3982931720006,-3852.3234257892423,-3998.460368625221,-4144.5973114612,-4290.734254297178,-4436.871197133157,-4583.008139969135,-4729.145082805114,-4875.282025641092,-5021.418968477071,-5167.555911313049,-5313.692854149028,-5459.829796985006,-5605.966739820984,-5752.103682656963,-5898.240625492941,-6044.3775683289205,-6190.514511164898,-6336.6514540008775,-6482.788396836855,-6628.9253396728345,-6775.062282508812,-6921.199225344792,-7067.336168180769,-7213.473111016749,-7359.610053852726,-7505.746996688705,-7651.883939524683,-7798.020882360662,-7944.15782519664,-8090.294768032619,-8236.431710868597
pathway,Industrial,Coal,Anthracite,Final consumption,Industry not elsewhere specified,0.0,0.0,0.0,0.0,0.0,0.0,0.0,0.0,0.0,0.0,104.672004036,139.562283156,216.32089722000003,265.168454664,320.99290125600004,355.88318037600004,432.642961116,523.3588257260001,732.7016671220001,781.54805789,1479.3594736700002,1570.075366058,1514.2497527900002,1395.622803782,1416.5569712540002,949.022564342,949.022564342,895.2915511640001,919.01693541,1029.80171057,1065.31770836351,1097.1169237755764,1128.4044713714272,1159.045163152554,1188.873766347278,1217.691526710063,1245.264231115989,1271.3231699950763,1295.5708036310857,1317.6932370951763,1337.381494667718,1354.3626850845783,1368.4401136764216,1379.5381647875683,1387.7439413296615,1393.3346840482277,1396.779948184744,1398.711916992066,1399.8656447087988,1401.0004414008354,1402.819722579807,1405.906464356491,1410.6852741206685,1417.4133130050627,1426.194839532509,1437.0103255309523,1449.75099704111,1464.251889514915,1480.3194483277266,1497.7522398210417,1516.355020831301
pathway,Industrial,Coal,Lignite,Final consumption,Industry not elsewhere specified,0.0,0.0,0.0,0.0,0.0,0.0,0.0,0.0,0.0,0.0,0.0,0.0,0.0,0.0,0.0,0.0,0.0,0.0,53.500761336,152.476330912,205.977092248,417.302866174,564.4293487320001,1631.7625262180002,1757.488476462,2249.6926362860004,74.36515047200001,207.582049532,358.72092530000003,509.0003219700001,526.5548221484629,542.2722274673725,557.7367306202416,572.88151220479,587.6249025819785,601.8686634463811,615.4970302243232,628.3771877765089,640.3620710807983,651.2965312204592,661.027850697395,669.4211474854067,676.379201266257,681.86463747289,685.9205084809381,688.683846135744,690.3867376116067,691.3416522664082,691.9119055231808,692.4728017381402,693.3720182536553,694.8977028024806,697.2597261741967,700.585195459432,704.9256425416031,710.2714152267375,716.568749785635,723.7361091542009,731.6778250447933,740.2943347979397,749.4891355314891
pathway,Industrial,Biofuels and Waste,Charcoal,Transformation processes,Charcoal production plants,0.0,0.0,0.0,0.0,0.0,0.0,0.0,0.0,0.0,0.0,818.528270396,842.6025741,858.6520913840001,882.7263950880001,898.7759123720001,922.850216076,938.89973336,1043.2216790400005,1235.8171642360005,1468.5353315220002,1492.610801902,1516.6850778280002,1532.7346228900003,1548.7841401740002,1596.932719804,1645.081299434,1645.081299434,1645.081299434,1669.155603138,1669.155603138,1726.7217599132316,1778.2635645496446,1828.976031660575,1878.6400415816536,1926.987776534139,1973.69708540954,2018.388343523052,2060.6260125766244,2099.9278248876367,2135.7850034032917,2167.696744378204,2195.220731609268,2218.0381522550774,2236.026444569944,2249.326789435124,2258.3885529169806,2263.9728143128696,2267.1042487693585,2268.974270020162,2270.8136068920026,2273.7623914418773,2278.7655413484167,2286.5112821180574,2297.416433747492,2311.649983815377,2329.1802800555824,2349.831016037705,2373.334808733638,2399.377934847993,2427.6339003418725,2457.786245049124
pathway,Industrial,Oil products,Fuel oil,Final consumption,Industry not elsewhere specified,0.0,0.0,0.0,0.0,0.0,0.0,0.0,0.0,0.0,0.0,47.00884829,47.00884829,47.00884829,47.00884829,47.00884829,47.00884829,47.00884829,58.761053418,58.761053418,70.514425222,70.514425222,94.018835478,82.26663035000001,94.018835478,105.771040606,117.523245734,129.275450862,122.611425328,154.284817602,84.734538982,87.88159939385076,90.81486713306268,93.70623964340732,96.54452677782872,99.31601733400424,102.00417403118784,104.58945080803603,107.04934505082026,109.35883530341538,111.49138198919589,113.42066224399797,115.12313903181943,116.58139912617,117.78792702702316,118.74865891317604,119.48540288489,120.03619032588948,120.45297139063838,120.7967590823744,121.13111902503012,121.51543579495925,121.99940208453138,122.61968785797698,123.399019590318,124.3472655932302,125.46378653648888,126.7402857661896,128.16357119491727,129.71788349603867,131.38665877032673,133.15373799791593
pathway,Industrial,Electricity and Heat,Electricity,Final consumption,Agriculture/forestry,0.0,0.0,0.0,0.0,0.0,0.0,0.0,0.0,0.0,0.0,33.000402890000004,41.00071689200001,35.000752226,32.000200444,39.00036755600001,35.000752226,40.000542224,47.000681558,44.00012977600001,39.00036755600001,42.999955108,46.00050689,39.00036755600001,35.000752226,35.999787996,33.000402890000004,34.000577558,27.400496980000003,27.700554936000003,41.800889960000006,43.69401929081909,45.368018243324585,47.04201719583007,48.71601614833556,50.39001510084105,52.06401405334654,53.738013005852025,55.41201195835752,57.08601091086301,58.760009863368495,60.43400881587398,62.10800776837947,63.782006720884965,65.45600567339045,67.13000462589594,68.80400357840143,70.47800253090692,72.1520014834124,73.8260004359179,75.49999938842339,77.17399834092888,78.84799729343436,80.52199624593985,82.19599519844535,83.86999415095084,85.54399310345633,87.21799205596182,88.8919910084673,90.5659899609728,92.23998891347829,93.91398786598376
pathway,Industrial,Electricity and Heat,Electricity,Final consumption,Industry not elsewhere specified,0.0,0.0,0.0,0.0,0.0,0.0,0.0,0.0,0.0,0.0,135.00096888800002,135.00096888800002,164.00175644800004,203.002124004,219.001640888,237.00153488600003,549.004364222,626.00486911,703.0054017760001,760.0056355520001,707.006156004,740.0053644400001,883.0066751080001,1118.0089717780002,1564.0125953340005,1745.014043334,1916.014800218,2086.516608666,2273.0179617760004,3099.02437533,3239.3767445612443,3363.4832782512126,3487.5898119411813,3611.6963456311496,3735.802879321118,3859.909413011087,3984.015946701055,4108.122480391024,4232.229014080992,4356.33554777096,4480.442081460929,4604.548615150898,4728.655148840866,4852.761682530834,4976.868216220802,5100.974749910771,5225.081283600739,5349.187817290707,5473.294350980676,5597.400884670645,5721.507418360614,5845.613952050582,5969.72048574055,6093.827019430519,6217.933553120487,6342.040086810455,6466.146620500424,6590.253154190392,6714.35968788036,6838.466221570329,6962.5727552602975
pathway,Industrial,Oil products,Gas/diesel oil excl. biofuels,Final consumption,Agriculture/forestry,0.0,0.0,0.0,0.0,0.0,0.0,0.0,0.0,0.0,0.0,0.0,0.0,0.0,0.0,0.0,0.0,0.0,0.0,0.0,0.0,0.0,0.0,0.0,0.0,0.0,0.0,0.0,3.2494426620000003,3.2494426620000003,3.2494426620000003,3.370127715403448,3.4826141400111075,3.5934939453387043,3.702338006006266,3.8086205179401538,3.911707301191844,4.010848793583193,4.10518205358015,4.193747545815258,4.275527517273578,4.349512525538506,4.414799960531066,4.470722051095356,4.516990589061421,4.553833217995439,4.582086245880176,4.603208119321391,4.61919104893639,4.632374792019418,4.645196995045274,4.659934967576109,4.678494349938945,4.702281380340963,4.732167585061533,4.768531399073532,4.811348305020373,4.860300138650824,4.9148810031704615,4.974486552005845,5.0384815844295705,5.106246426231354
pathway,Industrial,Oil products,Gas/diesel oil excl. biofuels,Final consumption,Industry not elsewhere specified,0.0,0.0,0.0,0.0,0.0,0.0,0.0,0.0,0.0,0.0,130.95018648200002,95.23651188600002,95.23651188600002,47.618242054,59.522809512,35.713702374,928.553595036,749.9863331760001,928.553595036,1083.312916434,1023.790106922,1107.1220513500002,916.649055356,1095.2174838920002,345.23117849400006,1630.921686158,476.18136497600005,484.895795802,505.442682398,381.82641569800006,396.00753725101055,409.2252772729842,422.254231172257,435.0439744844628,447.5327224958276,459.6459557635299,471.29559683257406,482.3802455838698,492.78715162044114,502.3967236688969,511.0903469943804,518.7619602174253,525.3330967536089,530.7698906437636,535.0990911910687,538.4189689337968,540.9008989346548,542.7789763042344,544.3281346955315,545.8348102494559,547.566598685643,549.747422655255,552.5425224625901,556.054306978969,560.3272442822429,565.3584534554795,571.1105485441356,577.5240840432986,584.528046086906,592.0477952853081,600.0105166953828
pathway,Electric Power,Biofuels and Waste,Primary solid biofuels,Electricity output (GWh),Electricity output -main activity producer electricity plants,0.0,0.0,0.0,0.0,0.0,0.0,0.0,0.0,0.0,0.0,0.0,0.0,0.0,0.0,0.0,0.0,0.0,0.0,0.0,0.0,0.0,0.0,0.0,1.3889,1.3889,1.11112,1.3889,7.22228,12.500100000000002,13.05566,13.851120521905774,15.055316119310833,16.230700736880276,17.368696678398628,18.45856328439477,19.48705398448748,20.438139061791237,21.29288289654615,22.029601341500268,22.62445753157313,23.05266516971391,23.290430336576648,23.31764621418889,23.12114366048861,22.69801896823494,22.05829717882303,21.22608949063036,20.238601956126107,19.14287092834926,17.99077599121763,16.833419212743287,15.716105894710402,14.674867110177283,13.734905374180755,12.91079251523387,12.207901783205577,11.624464237947562,11.153735326607814,10.785935168885066,10.50980071461259,10.313716993128809
pathway,Electric Power,Biofuels and Waste,Primary solid biofuels,Transformation processes,Main activity producer electricity plants,0.0,0.0,0.0,0.0,0.0,0.0,0.0,0.0,0.0,0.0,0.0,0.0,0.0,0.0,0.0,0.0,0.0,0.0,0.0,0.0,0.0,0.0,0.0,-27.778472226,-27.778472226,-17.499806664,-21.944814446,-114.11213511200002,-197.501079996,-206.279483556,-218.8477631870496,-237.87405875028608,-256.44514070952005,-274.4254814280459,-291.64537844051523,-307.8955358785361,-322.92268414710605,-336.4276403734416,-348.0677949386887,-357.46652527314296,-364.2322077779274,-367.9888984261253,-368.418909408211,-365.3141682235655,-358.6287962854269,-348.5211892904982,-335.3723042757448,-319.769997028503,-302.4574421269436,-284.2543372177322,-265.9680951929151,-248.3145400134708,-231.86296278704413,-217.01156335846187,-203.9905766802378,-192.8849001231664,-183.6665844253768,-176.229065623107,-170.41782156598055,-166.05489601343518,-162.95677237959262
pathway,Electric Power,Coal,Lignite,Electricity output (GWh),Electricity output -main activity producer electricity plants,0.0,0.0,0.0,0.0,0.0,0.0,0.0,0.0,0.0,0.0,0.0,0.0,0.0,0.0,0.0,0.0,0.0,0.0,0.0,0.0,0.0,0.0,0.0,0.0,0.0,627.5050200000001,2211.68436,3035.3020600000004,3338.6378200000004,3168.3586800000003,3409.431212015545,3611.910316175296,3808.320811704688,3996.929800388013,4175.584532544344,4341.65113112865,4491.968588628085,4622.835752990275,4730.055897161711,4809.069200966518,4855.2045404959645,4864.073188939866,4832.102828855673,4757.168132281738,4639.219781163229,4480.765283935339,4287.04048782544,4065.755322609833,3826.40256575599,3579.250037821147,3334.236552029457,3100.0124812196746,2883.300915236259,2688.642573345393,2518.480447758543,2373.475947583926,2252.9346492862924,2155.24188638862,2078.2449815671284,2019.5535608647456,1976.7542711916983
pathway,Electric Power,Coal,Lignite,Transformation processes,Main activity producer electricity plants,0.0,0.0,0.0,0.0,0.0,0.0,0.0,0.0,0.0,0.0,0.0,0.0,0.0,0.0,0.0,0.0,0.0,0.0,0.0,0.0,0.0,0.0,0.0,0.0,0.0,-10210.556461576,-29888.014435536003,-38285.976702030006,-38605.908928134,-38486.747002624,-41415.10786262746,-43874.665899508014,-46260.507217858925,-48551.58192341464,-50721.74009418156,-52738.98744867,-54564.92653611524,-56154.59865169732,-57457.025232488006,-58416.81714385616,-58977.23322034344,-59084.96263591441,-58696.61166797944,-57786.3634921765,-56353.61903128904,-54428.83753961847,-52075.62000049293,-49387.62061997871,-46480.15024562877,-43477.93434320221,-40501.70185430491,-37656.53075291281,-35024.0878842455,-32659.53035999954,-30592.53374177264,-28831.13231090231,-27366.89075257317,-26180.195359351448,-25244.89708818164,-24531.95954292961,-24012.067194902083
pathway,Electric Power,Electricity and Heat,Hydro,Electricity output (GWh),Electricity output -main activity producer electricity plants,0.0,0.0,0.0,0.0,0.0,0.0,0.0,0.0,0.0,0.0,955.00764,1015.00812,1001.11912,882.78484,930.00744,974.73002,998.6191,937.22972,1032.50826,935.00748,2346.96322,3602.5288200000005,3626.97346,4306.9789,4241.7006,3899.753420000001,4917.53934,5583.93356,6202.27184,5482.82164,5816.8812098165145,6350.132044326529,6883.382878836543,7416.633713346557,7949.884547856571,8483.135382366585,9016.3862168766,9549.637051386611,10082.887885896627,10616.13872040664,11149.389554916655,11682.64038942667,12215.891223936684,12749.1420584467,13282.392892956714,13815.643727466728,14348.894561976742,14882.145396486756,15415.39623099677,15948.647065506784,16481.897900016796,17015.14873452681,17548.399569036825,18081.65040354684,18614.901238056857,19148.15207256687,19681.402907076885,20214.6537415869,20747.904576096917,21281.155410606927,21814.40624511694
pathway,Electric Power,Electricity and Heat,Hydro,Transformation processes,Main activity producer electricity plants,0.0,0.0,0.0,0.0,0.0,0.0,0.0,0.0,0.0,0.0,-3438.027615112,-3654.028704218,-3604.028609776,-3178.0252573320004,-3348.026978446,-3509.0281831120005,-3595.0292322260007,-3374.027214224,-3717.030069336001,-3366.026872444,-8449.067203108001,-12969.10402978,-13057.104289332,-15505.123734442,-15270.122604448004,-14039.112145332,-17703.141540666,-20102.161093780003,-22328.17834622,-19738.157792888,-20940.77223745757,-22860.475230887045,-24780.178224316514,-26699.881217745984,-28619.58421117545,-30539.28720460492,-32458.99019803439,-34378.693191463855,-36298.396184893325,-38218.0991783228,-40137.80217175226,-42057.50516518173,-43977.2081586112,-45896.91115204067,-47816.61414547014,-49736.31713889961,-51656.02013232908,-53575.72312575855,-55495.426119188014,-57415.12911261749,-59334.83210604695,-61254.53509947642,-63174.23809290589,-65093.94108633536,-67013.64407976484,-68933.34707319431,-70853.05006662378,-72772.75306005323,-74692.4560534827,-76612.15904691217,-78531.86204034164
pathway,Electric Power,Electricity and Heat,Solar photovoltaics,Electricity output (GWh),Electricity output -main activity producer electricity plants,0.0,0.0,0.0,0.0,0.0,0.0,0.0,0.0,0.0,0.0,0.0,0.0,0.0,0.0,0.0,0.0,0.0,0.0,0.0,0.0,0.0,0.0,0.0,0.0,0.0,0.0,0.27778,2.770299940000001,4.72226,11.388980000000002,12.082892370173123,13.19056712014326,14.2982418701134,15.405916620083538,16.513591370053675,17.62126612002381,18.72894086999395,19.83661561996409,20.944290369934222,22.051965119904363,23.159639869874503,24.26731461984464,25.374989369814777,26.482664119784918,27.59033886975505,28.69801361972519,29.80568836969533,30.913363119665465,32.021037869635606,33.12871261960574,34.23638736957588,35.34406211954602,36.45173686951616,37.5594116194863,38.66708636945643,39.77476111942657,40.8824358693967,41.990110619366845,43.09778536933698,44.20546011930712,45.31313486927726
pathway,Electric Power,Electricity and Heat,Solar photovoltaics,Transformation processes,Main activity producer electricity plants,0.0,0.0,0.0,0.0,0.0,0.0,0.0,0.0,0.0,0.0,0.0,0.0,0.0,0.0,0.0,0.0,0.0,0.0,0.0,0.0,0.0,0.0,0.0,0.0,0.0,0.0,-1.000174668,-9.972802004000002,-16.99971933,-41.00071689200001,-43.498825119191984,-47.48649204212472,-51.47415896505746,-55.4618258879902,-59.44949281092294,-63.43715973385568,-67.42482665678843,-71.41249357972116,-75.4001605026539,-79.38782742558664,-83.37549434851938,-87.36316127145213,-91.35082819438486,-95.3384951173176,-99.32616204025034,-103.31382896318308,-107.30149588611582,-111.28916280904856,-115.27682973198132,-119.26449665491404,-123.25216357784676,-127.2398305007795,-131.22749742371226,-135.215164346645,-139.20283126957773,-143.19049819251046,-147.17816511544322,-151.16583203837595,-155.15349896130869,-159.14116588424142,-163.12883280717418
